◇ injected env (23) from .env.local // tip: ◈ encrypted .env [www.dotenvx.com]
Live watch: King Lucky (motorist). Polling every 5s for new requests...
now: 2026-08-07T10:00:16.089Z

>>> NEW JOB f080474a-31cf-4936-bf64-514ef348ca06  stage=null flow=expired radius_km=10 pairing_radius=50 qpos=2 pro=Ismael Olanrewaju(bc9ae01c)

>>> NEW JOB 81df1baa-c111-457f-b67f-a8186c9ff0c7  stage=null flow=expired radius_km=10 pairing_radius=50 qpos=2 pro=Ismael Olanrewaju(bc9ae01c)

>>> NEW JOB e4a99981-8bed-48b1-9c3e-a730914486dc  stage=null flow=expired radius_km=10 pairing_radius=50 qpos=2 pro=Ismael Olanrewaju(bc9ae01c)

>>> NEW JOB dc01d98d-bb92-4c74-bfa1-db31de504a89  stage=null flow=cancelled radius_km=10 pairing_radius=15 qpos=1 pro=Oluwatosin Temitope Olanrewaju(ad5430e2)

>>> NEW JOB d2d50191-6322-4b8e-bb83-4dd3b9dfd67b  stage=null flow=expired radius_km=10 pairing_radius=50 qpos=5 pro=Oluwatosin Temitope Olanrewaju(ad5430e2)
[10:00:22] f080474a stage=null flow=expired radius=50km/10km qpos=2 pro=Ismael Olanrewaju(bc9ae01c) deadline=- last=expired/pairing_exhausted
[10:00:28] f080474a stage=null flow=expired radius=50km/10km qpos=2 pro=Ismael Olanrewaju(bc9ae01c) deadline=- last=expired/pairing_exhausted
[10:00:33] f080474a stage=null flow=expired radius=50km/10km qpos=2 pro=Ismael Olanrewaju(bc9ae01c) deadline=- last=expired/pairing_exhausted
[10:00:39] f080474a stage=null flow=expired radius=50km/10km qpos=2 pro=Ismael Olanrewaju(bc9ae01c) deadline=- last=expired/pairing_exhausted
[10:00:44] f080474a stage=null flow=expired radius=50km/10km qpos=2 pro=Ismael Olanrewaju(bc9ae01c) deadline=- last=expired/pairing_exhausted
[10:00:50] f080474a stage=null flow=expired radius=50km/10km qpos=2 pro=Ismael Olanrewaju(bc9ae01c) deadline=- last=expired/pairing_exhausted
[10:00:56] f080474a stage=null flow=expired radius=50km/10km qpos=2 pro=Ismael Olanrewaju(bc9ae01c) deadline=- last=expired/pairing_exhausted
[10:01:01] f080474a stage=null flow=expired radius=50km/10km qpos=2 pro=Ismael Olanrewaju(bc9ae01c) deadline=- last=expired/pairing_exhausted
[10:01:07] f080474a stage=null flow=expired radius=50km/10km qpos=2 pro=Ismael Olanrewaju(bc9ae01c) deadline=- last=expired/pairing_exhausted
[10:01:12] f080474a stage=null flow=expired radius=50km/10km qpos=2 pro=Ismael Olanrewaju(bc9ae01c) deadline=- last=expired/pairing_exhausted
[10:01:18] f080474a stage=null flow=expired radius=50km/10km qpos=2 pro=Ismael Olanrewaju(bc9ae01c) deadline=- last=expired/pairing_exhausted
[10:01:24] f080474a stage=null flow=expired radius=50km/10km qpos=2 pro=Ismael Olanrewaju(bc9ae01c) deadline=- last=expired/pairing_exhausted

>>> NEW JOB 20c3cefc-93ce-4f64-a144-681412f41271  stage=waiting_for_selected flow=waiting_for_selected radius_km=10 pairing_radius=1 qpos=1 pro=Oluwatosin Temitope Olanrewaju(ad5430e2)
[10:01:35] 20c3cefc stage=waiting_for_selected flow=waiting_for_selected radius=1km/10km qpos=1 pro=Oluwatosin Temitope Olanrewaju(ad5430e2) deadline=10:02:33 last=waiting_for_selected/motorist
[10:01:41] 20c3cefc stage=waiting_for_selected flow=waiting_for_selected radius=1km/10km qpos=1 pro=Oluwatosin Temitope Olanrewaju(ad5430e2) deadline=10:02:33 last=waiting_for_selected/motorist
[10:01:46] 20c3cefc stage=waiting_for_selected flow=waiting_for_selected radius=1km/10km qpos=1 pro=Oluwatosin Temitope Olanrewaju(ad5430e2) deadline=10:02:33 last=waiting_for_selected/motorist
[10:01:52] 20c3cefc stage=waiting_for_selected flow=waiting_for_selected radius=1km/10km qpos=1 pro=Oluwatosin Temitope Olanrewaju(ad5430e2) deadline=10:02:33 last=waiting_for_selected/motorist
[10:01:57] 20c3cefc stage=waiting_for_selected flow=waiting_for_selected radius=1km/10km qpos=1 pro=Oluwatosin Temitope Olanrewaju(ad5430e2) deadline=10:02:33 last=waiting_for_selected/motorist
[10:02:03] 20c3cefc stage=waiting_for_selected flow=waiting_for_selected radius=1km/10km qpos=1 pro=Oluwatosin Temitope Olanrewaju(ad5430e2) deadline=10:02:33 last=waiting_for_selected/motorist
[10:02:09] 20c3cefc stage=waiting_for_selected flow=waiting_for_selected radius=1km/10km qpos=1 pro=Oluwatosin Temitope Olanrewaju(ad5430e2) deadline=10:02:33 last=waiting_for_selected/motorist
[10:02:15] 20c3cefc stage=waiting_for_selected flow=waiting_for_selected radius=1km/10km qpos=1 pro=Oluwatosin Temitope Olanrewaju(ad5430e2) deadline=10:02:33 last=waiting_for_selected/motorist
[10:02:20] 20c3cefc stage=waiting_for_selected flow=waiting_for_selected radius=1km/10km qpos=1 pro=Oluwatosin Temitope Olanrewaju(ad5430e2) deadline=10:02:33 last=waiting_for_selected/motorist
[10:02:26] 20c3cefc stage=waiting_for_selected flow=waiting_for_selected radius=1km/10km qpos=1 pro=Oluwatosin Temitope Olanrewaju(ad5430e2) deadline=10:02:33 last=waiting_for_selected/motorist
[10:02:31] 20c3cefc stage=waiting_for_selected flow=waiting_for_selected radius=1km/10km qpos=1 pro=Oluwatosin Temitope Olanrewaju(ad5430e2) deadline=10:02:33 last=waiting_for_selected/motorist
[10:02:37] 20c3cefc stage=waiting_for_selected flow=waiting_for_selected radius=1km/10km qpos=1 pro=Oluwatosin Temitope Olanrewaju(ad5430e2) deadline=10:02:33 last=waiting_for_selected/motorist
[10:02:42] 20c3cefc stage=waiting_for_pro flow=waiting_for_pro radius=1km/10km qpos=2 pro=Ismael Olanrewaju(bc9ae01c) deadline=10:03:46 last=waiting_for_pro/pairing:bc9ae01c-cd38-4aae-8c76-c0b1ce2b375e
[10:02:48] 20c3cefc stage=waiting_for_pro flow=waiting_for_pro radius=1km/10km qpos=2 pro=Ismael Olanrewaju(bc9ae01c) deadline=10:03:46 last=waiting_for_pro/pairing:bc9ae01c-cd38-4aae-8c76-c0b1ce2b375e
[10:02:54] 20c3cefc stage=waiting_for_pro flow=waiting_for_pro radius=1km/10km qpos=2 pro=Ismael Olanrewaju(bc9ae01c) deadline=10:03:46 last=waiting_for_pro/pairing:bc9ae01c-cd38-4aae-8c76-c0b1ce2b375e
[10:02:59] 20c3cefc stage=waiting_for_pro flow=waiting_for_pro radius=1km/10km qpos=2 pro=Ismael Olanrewaju(bc9ae01c) deadline=10:03:46 last=waiting_for_pro/pairing:bc9ae01c-cd38-4aae-8c76-c0b1ce2b375e
[10:03:05] 20c3cefc stage=waiting_for_pro flow=waiting_for_pro radius=1km/10km qpos=2 pro=Ismael Olanrewaju(bc9ae01c) deadline=10:03:46 last=waiting_for_pro/pairing:bc9ae01c-cd38-4aae-8c76-c0b1ce2b375e
[10:03:10] 20c3cefc stage=waiting_for_pro flow=waiting_for_pro radius=1km/10km qpos=2 pro=Ismael Olanrewaju(bc9ae01c) deadline=10:03:46 last=waiting_for_pro/pairing:bc9ae01c-cd38-4aae-8c76-c0b1ce2b375e
[10:03:16] 20c3cefc stage=waiting_for_pro flow=waiting_for_pro radius=1km/10km qpos=2 pro=Ismael Olanrewaju(bc9ae01c) deadline=10:03:46 last=waiting_for_pro/pairing:bc9ae01c-cd38-4aae-8c76-c0b1ce2b375e
[10:03:21] 20c3cefc stage=waiting_for_pro flow=waiting_for_pro radius=1km/10km qpos=2 pro=Ismael Olanrewaju(bc9ae01c) deadline=10:03:46 last=waiting_for_pro/pairing:bc9ae01c-cd38-4aae-8c76-c0b1ce2b375e
[10:03:27] 20c3cefc stage=waiting_for_pro flow=waiting_for_pro radius=1km/10km qpos=2 pro=Ismael Olanrewaju(bc9ae01c) deadline=10:03:46 last=waiting_for_pro/pairing:bc9ae01c-cd38-4aae-8c76-c0b1ce2b375e
[10:03:33] 20c3cefc stage=waiting_for_pro flow=waiting_for_pro radius=1km/10km qpos=2 pro=Ismael Olanrewaju(bc9ae01c) deadline=10:03:46 last=waiting_for_pro/pairing:bc9ae01c-cd38-4aae-8c76-c0b1ce2b375e
[10:03:38] 20c3cefc stage=waiting_for_pro flow=waiting_for_pro radius=1km/10km qpos=2 pro=Ismael Olanrewaju(bc9ae01c) deadline=10:03:46 last=waiting_for_pro/pairing:bc9ae01c-cd38-4aae-8c76-c0b1ce2b375e
[10:03:44] 20c3cefc stage=waiting_for_pro flow=waiting_for_pro radius=1km/10km qpos=2 pro=Ismael Olanrewaju(bc9ae01c) deadline=10:03:46 last=waiting_for_pro/pairing:bc9ae01c-cd38-4aae-8c76-c0b1ce2b375e
[10:03:49] 20c3cefc stage=waiting_for_pro flow=waiting_for_pro radius=1km/10km qpos=2 pro=Ismael Olanrewaju(bc9ae01c) deadline=10:03:46 last=waiting_for_pro/pairing:bc9ae01c-cd38-4aae-8c76-c0b1ce2b375e
[10:03:55] 20c3cefc stage=sequential_pairing flow=sequential_pairing radius=8km/10km qpos=2 pro=Ismael Olanrewaju(bc9ae01c) deadline=- last=sequential_pairing/sweep:timeout
[10:04:01] 20c3cefc stage=waiting_for_pro flow=waiting_for_pro radius=10km/10km qpos=3 pro=Oluwatosin Temitope Olanrewaju(ad5430e2) deadline=10:05:03 last=waiting_for_pro/pairing:ad5430e2-355d-4889-a6cc-e7f1fe45d8ec
[10:04:06] 20c3cefc stage=waiting_for_pro flow=waiting_for_pro radius=10km/10km qpos=3 pro=Oluwatosin Temitope Olanrewaju(ad5430e2) deadline=10:05:03 last=waiting_for_pro/pairing:ad5430e2-355d-4889-a6cc-e7f1fe45d8ec
[10:04:12] 20c3cefc stage=waiting_for_pro flow=waiting_for_pro radius=10km/10km qpos=3 pro=Oluwatosin Temitope Olanrewaju(ad5430e2) deadline=10:05:03 last=waiting_for_pro/pairing:ad5430e2-355d-4889-a6cc-e7f1fe45d8ec
[10:04:17] 20c3cefc stage=waiting_for_pro flow=waiting_for_pro radius=10km/10km qpos=3 pro=Oluwatosin Temitope Olanrewaju(ad5430e2) deadline=10:05:03 last=waiting_for_pro/pairing:ad5430e2-355d-4889-a6cc-e7f1fe45d8ec
[10:04:23] 20c3cefc stage=waiting_for_pro flow=waiting_for_pro radius=10km/10km qpos=3 pro=Oluwatosin Temitope Olanrewaju(ad5430e2) deadline=10:05:03 last=waiting_for_pro/pairing:ad5430e2-355d-4889-a6cc-e7f1fe45d8ec
[10:04:29] 20c3cefc stage=waiting_for_pro flow=waiting_for_pro radius=10km/10km qpos=3 pro=Oluwatosin Temitope Olanrewaju(ad5430e2) deadline=10:05:03 last=waiting_for_pro/pairing:ad5430e2-355d-4889-a6cc-e7f1fe45d8ec
[10:04:34] 20c3cefc stage=waiting_for_pro flow=waiting_for_pro radius=10km/10km qpos=3 pro=Oluwatosin Temitope Olanrewaju(ad5430e2) deadline=10:05:03 last=waiting_for_pro/pairing:ad5430e2-355d-4889-a6cc-e7f1fe45d8ec
[10:04:40] 20c3cefc stage=waiting_for_pro flow=waiting_for_pro radius=10km/10km qpos=3 pro=Oluwatosin Temitope Olanrewaju(ad5430e2) deadline=10:05:03 last=waiting_for_pro/pairing:ad5430e2-355d-4889-a6cc-e7f1fe45d8ec
[10:04:46] 20c3cefc stage=waiting_for_pro flow=waiting_for_pro radius=10km/10km qpos=3 pro=Oluwatosin Temitope Olanrewaju(ad5430e2) deadline=10:05:03 last=waiting_for_pro/pairing:ad5430e2-355d-4889-a6cc-e7f1fe45d8ec
[10:04:52] 20c3cefc stage=waiting_for_pro flow=waiting_for_pro radius=10km/10km qpos=3 pro=Oluwatosin Temitope Olanrewaju(ad5430e2) deadline=10:05:03 last=waiting_for_pro/pairing:ad5430e2-355d-4889-a6cc-e7f1fe45d8ec
[10:04:57] 20c3cefc stage=waiting_for_pro flow=waiting_for_pro radius=10km/10km qpos=3 pro=Oluwatosin Temitope Olanrewaju(ad5430e2) deadline=10:05:03 last=waiting_for_pro/pairing:ad5430e2-355d-4889-a6cc-e7f1fe45d8ec
[10:05:03] 20c3cefc stage=waiting_for_pro flow=waiting_for_pro radius=10km/10km qpos=3 pro=Oluwatosin Temitope Olanrewaju(ad5430e2) deadline=10:05:03 last=waiting_for_pro/pairing:ad5430e2-355d-4889-a6cc-e7f1fe45d8ec
[10:05:09] 20c3cefc stage=null flow=expired radius=10km/10km qpos=3 pro=Oluwatosin Temitope Olanrewaju(ad5430e2) deadline=- last=expired/pairing_exhausted
[10:05:15] 20c3cefc stage=null flow=expired radius=10km/10km qpos=3 pro=Oluwatosin Temitope Olanrewaju(ad5430e2) deadline=- last=expired/pairing_exhausted
[10:05:20] 20c3cefc stage=null flow=expired radius=10km/10km qpos=3 pro=Oluwatosin Temitope Olanrewaju(ad5430e2) deadline=- last=expired/pairing_exhausted
[10:05:26] 20c3cefc stage=null flow=expired radius=10km/10km qpos=3 pro=Oluwatosin Temitope Olanrewaju(ad5430e2) deadline=- last=expired/pairing_exhausted
[10:05:31] 20c3cefc stage=null flow=expired radius=10km/10km qpos=3 pro=Oluwatosin Temitope Olanrewaju(ad5430e2) deadline=- last=expired/pairing_exhausted
[10:05:37] 20c3cefc stage=null flow=expired radius=10km/10km qpos=3 pro=Oluwatosin Temitope Olanrewaju(ad5430e2) deadline=- last=expired/pairing_exhausted
[10:05:43] 20c3cefc stage=null flow=expired radius=10km/10km qpos=3 pro=Oluwatosin Temitope Olanrewaju(ad5430e2) deadline=- last=expired/pairing_exhausted
[10:05:48] 20c3cefc stage=null flow=expired radius=10km/10km qpos=3 pro=Oluwatosin Temitope Olanrewaju(ad5430e2) deadline=- last=expired/pairing_exhausted
[10:05:54] 20c3cefc stage=null flow=expired radius=10km/10km qpos=3 pro=Oluwatosin Temitope Olanrewaju(ad5430e2) deadline=- last=expired/pairing_exhausted
[10:05:59] 20c3cefc stage=null flow=expired radius=10km/10km qpos=3 pro=Oluwatosin Temitope Olanrewaju(ad5430e2) deadline=- last=expired/pairing_exhausted
[10:06:05] 20c3cefc stage=null flow=expired radius=10km/10km qpos=3 pro=Oluwatosin Temitope Olanrewaju(ad5430e2) deadline=- last=expired/pairing_exhausted
[10:06:11] 20c3cefc stage=null flow=expired radius=10km/10km qpos=3 pro=Oluwatosin Temitope Olanrewaju(ad5430e2) deadline=- last=expired/pairing_exhausted
[10:06:16] 20c3cefc stage=null flow=expired radius=10km/10km qpos=3 pro=Oluwatosin Temitope Olanrewaju(ad5430e2) deadline=- last=expired/pairing_exhausted
[10:06:22] 20c3cefc stage=null flow=expired radius=10km/10km qpos=3 pro=Oluwatosin Temitope Olanrewaju(ad5430e2) deadline=- last=expired/pairing_exhausted
[10:06:27] 20c3cefc stage=null flow=expired radius=10km/10km qpos=3 pro=Oluwatosin Temitope Olanrewaju(ad5430e2) deadline=- last=expired/pairing_exhausted
[10:06:33] 20c3cefc stage=null flow=expired radius=10km/10km qpos=3 pro=Oluwatosin Temitope Olanrewaju(ad5430e2) deadline=- last=expired/pairing_exhausted
[10:06:38] 20c3cefc stage=null flow=expired radius=10km/10km qpos=3 pro=Oluwatosin Temitope Olanrewaju(ad5430e2) deadline=- last=expired/pairing_exhausted
[10:06:44] 20c3cefc stage=null flow=expired radius=10km/10km qpos=3 pro=Oluwatosin Temitope Olanrewaju(ad5430e2) deadline=- last=expired/pairing_exhausted
[10:06:50] 20c3cefc stage=null flow=expired radius=10km/10km qpos=3 pro=Oluwatosin Temitope Olanrewaju(ad5430e2) deadline=- last=expired/pairing_exhausted
[10:06:55] 20c3cefc stage=null flow=expired radius=10km/10km qpos=3 pro=Oluwatosin Temitope Olanrewaju(ad5430e2) deadline=- last=expired/pairing_exhausted
[10:07:01] 20c3cefc stage=null flow=expired radius=10km/10km qpos=3 pro=Oluwatosin Temitope Olanrewaju(ad5430e2) deadline=- last=expired/pairing_exhausted
[10:07:06] 20c3cefc stage=null flow=expired radius=10km/10km qpos=3 pro=Oluwatosin Temitope Olanrewaju(ad5430e2) deadline=- last=expired/pairing_exhausted
[10:07:12] 20c3cefc stage=null flow=expired radius=10km/10km qpos=3 pro=Oluwatosin Temitope Olanrewaju(ad5430e2) deadline=- last=expired/pairing_exhausted
[10:07:18] 20c3cefc stage=null flow=expired radius=10km/10km qpos=3 pro=Oluwatosin Temitope Olanrewaju(ad5430e2) deadline=- last=expired/pairing_exhausted
[10:07:23] 20c3cefc stage=null flow=expired radius=10km/10km qpos=3 pro=Oluwatosin Temitope Olanrewaju(ad5430e2) deadline=- last=expired/pairing_exhausted
[10:07:29] 20c3cefc stage=null flow=expired radius=10km/10km qpos=3 pro=Oluwatosin Temitope Olanrewaju(ad5430e2) deadline=- last=expired/pairing_exhausted
[10:07:34] 20c3cefc stage=null flow=expired radius=10km/10km qpos=3 pro=Oluwatosin Temitope Olanrewaju(ad5430e2) deadline=- last=expired/pairing_exhausted
[10:07:40] 20c3cefc stage=null flow=expired radius=10km/10km qpos=3 pro=Oluwatosin Temitope Olanrewaju(ad5430e2) deadline=- last=expired/pairing_exhausted
[10:07:45] 20c3cefc stage=null flow=expired radius=10km/10km qpos=3 pro=Oluwatosin Temitope Olanrewaju(ad5430e2) deadline=- last=expired/pairing_exhausted
[10:07:51] 20c3cefc stage=null flow=expired radius=10km/10km qpos=3 pro=Oluwatosin Temitope Olanrewaju(ad5430e2) deadline=- last=expired/pairing_exhausted
[10:07:57] 20c3cefc stage=null flow=expired radius=10km/10km qpos=3 pro=Oluwatosin Temitope Olanrewaju(ad5430e2) deadline=- last=expired/pairing_exhausted
[10:08:02] 20c3cefc stage=null flow=expired radius=10km/10km qpos=3 pro=Oluwatosin Temitope Olanrewaju(ad5430e2) deadline=- last=expired/pairing_exhausted
[10:08:08] 20c3cefc stage=null flow=expired radius=10km/10km qpos=3 pro=Oluwatosin Temitope Olanrewaju(ad5430e2) deadline=- last=expired/pairing_exhausted
[10:08:13] 20c3cefc stage=null flow=expired radius=10km/10km qpos=3 pro=Oluwatosin Temitope Olanrewaju(ad5430e2) deadline=- last=expired/pairing_exhausted
[10:08:19] 20c3cefc stage=null flow=expired radius=10km/10km qpos=3 pro=Oluwatosin Temitope Olanrewaju(ad5430e2) deadline=- last=expired/pairing_exhausted
[10:08:24] 20c3cefc stage=null flow=expired radius=10km/10km qpos=3 pro=Oluwatosin Temitope Olanrewaju(ad5430e2) deadline=- last=expired/pairing_exhausted
[10:08:30] 20c3cefc stage=null flow=expired radius=10km/10km qpos=3 pro=Oluwatosin Temitope Olanrewaju(ad5430e2) deadline=- last=expired/pairing_exhausted
[10:08:35] 20c3cefc stage=null flow=expired radius=10km/10km qpos=3 pro=Oluwatosin Temitope Olanrewaju(ad5430e2) deadline=- last=expired/pairing_exhausted
[10:08:41] 20c3cefc stage=null flow=expired radius=10km/10km qpos=3 pro=Oluwatosin Temitope Olanrewaju(ad5430e2) deadline=- last=expired/pairing_exhausted
[10:08:47] 20c3cefc stage=null flow=expired radius=10km/10km qpos=3 pro=Oluwatosin Temitope Olanrewaju(ad5430e2) deadline=- last=expired/pairing_exhausted
[10:08:52] 20c3cefc stage=null flow=expired radius=10km/10km qpos=3 pro=Oluwatosin Temitope Olanrewaju(ad5430e2) deadline=- last=expired/pairing_exhausted
[10:08:58] 20c3cefc stage=null flow=expired radius=10km/10km qpos=3 pro=Oluwatosin Temitope Olanrewaju(ad5430e2) deadline=- last=expired/pairing_exhausted
[10:09:03] 20c3cefc stage=null flow=expired radius=10km/10km qpos=3 pro=Oluwatosin Temitope Olanrewaju(ad5430e2) deadline=- last=expired/pairing_exhausted
[10:09:09] 20c3cefc stage=null flow=expired radius=10km/10km qpos=3 pro=Oluwatosin Temitope Olanrewaju(ad5430e2) deadline=- last=expired/pairing_exhausted
[10:09:14] 20c3cefc stage=null flow=expired radius=10km/10km qpos=3 pro=Oluwatosin Temitope Olanrewaju(ad5430e2) deadline=- last=expired/pairing_exhausted
[10:09:20] 20c3cefc stage=null flow=expired radius=10km/10km qpos=3 pro=Oluwatosin Temitope Olanrewaju(ad5430e2) deadline=- last=expired/pairing_exhausted
[10:09:26] 20c3cefc stage=null flow=expired radius=10km/10km qpos=3 pro=Oluwatosin Temitope Olanrewaju(ad5430e2) deadline=- last=expired/pairing_exhausted
[10:09:31] 20c3cefc stage=null flow=expired radius=10km/10km qpos=3 pro=Oluwatosin Temitope Olanrewaju(ad5430e2) deadline=- last=expired/pairing_exhausted
[10:09:37] 20c3cefc stage=null flow=expired radius=10km/10km qpos=3 pro=Oluwatosin Temitope Olanrewaju(ad5430e2) deadline=- last=expired/pairing_exhausted
[10:09:42] 20c3cefc stage=null flow=expired radius=10km/10km qpos=3 pro=Oluwatosin Temitope Olanrewaju(ad5430e2) deadline=- last=expired/pairing_exhausted
[10:09:48] 20c3cefc stage=null flow=expired radius=10km/10km qpos=3 pro=Oluwatosin Temitope Olanrewaju(ad5430e2) deadline=- last=expired/pairing_exhausted
[10:09:53] 20c3cefc stage=null flow=expired radius=10km/10km qpos=3 pro=Oluwatosin Temitope Olanrewaju(ad5430e2) deadline=- last=expired/pairing_exhausted
[10:09:59] 20c3cefc stage=null flow=expired radius=10km/10km qpos=3 pro=Oluwatosin Temitope Olanrewaju(ad5430e2) deadline=- last=expired/pairing_exhausted
[10:10:05] 20c3cefc stage=null flow=expired radius=10km/10km qpos=3 pro=Oluwatosin Temitope Olanrewaju(ad5430e2) deadline=- last=expired/pairing_exhausted
[10:10:10] 20c3cefc stage=null flow=expired radius=10km/10km qpos=3 pro=Oluwatosin Temitope Olanrewaju(ad5430e2) deadline=- last=expired/pairing_exhausted
[10:10:16] 20c3cefc stage=null flow=expired radius=10km/10km qpos=3 pro=Oluwatosin Temitope Olanrewaju(ad5430e2) deadline=- last=expired/pairing_exhausted
[10:10:21] 20c3cefc stage=null flow=expired radius=10km/10km qpos=3 pro=Oluwatosin Temitope Olanrewaju(ad5430e2) deadline=- last=expired/pairing_exhausted
[10:10:27] 20c3cefc stage=null flow=expired radius=10km/10km qpos=3 pro=Oluwatosin Temitope Olanrewaju(ad5430e2) deadline=- last=expired/pairing_exhausted
[10:10:32] 20c3cefc stage=null flow=expired radius=10km/10km qpos=3 pro=Oluwatosin Temitope Olanrewaju(ad5430e2) deadline=- last=expired/pairing_exhausted
[10:10:38] 20c3cefc stage=null flow=expired radius=10km/10km qpos=3 pro=Oluwatosin Temitope Olanrewaju(ad5430e2) deadline=- last=expired/pairing_exhausted
[10:10:44] 20c3cefc stage=null flow=expired radius=10km/10km qpos=3 pro=Oluwatosin Temitope Olanrewaju(ad5430e2) deadline=- last=expired/pairing_exhausted
[10:10:49] 20c3cefc stage=null flow=expired radius=10km/10km qpos=3 pro=Oluwatosin Temitope Olanrewaju(ad5430e2) deadline=- last=expired/pairing_exhausted
[10:10:55] 20c3cefc stage=null flow=expired radius=10km/10km qpos=3 pro=Oluwatosin Temitope Olanrewaju(ad5430e2) deadline=- last=expired/pairing_exhausted
[10:11:00] 20c3cefc stage=null flow=expired radius=10km/10km qpos=3 pro=Oluwatosin Temitope Olanrewaju(ad5430e2) deadline=- last=expired/pairing_exhausted
[10:11:06] 20c3cefc stage=null flow=expired radius=10km/10km qpos=3 pro=Oluwatosin Temitope Olanrewaju(ad5430e2) deadline=- last=expired/pairing_exhausted
[10:11:11] 20c3cefc stage=null flow=expired radius=10km/10km qpos=3 pro=Oluwatosin Temitope Olanrewaju(ad5430e2) deadline=- last=expired/pairing_exhausted
[10:11:17] 20c3cefc stage=null flow=expired radius=10km/10km qpos=3 pro=Oluwatosin Temitope Olanrewaju(ad5430e2) deadline=- last=expired/pairing_exhausted
[10:11:23] 20c3cefc stage=null flow=expired radius=10km/10km qpos=3 pro=Oluwatosin Temitope Olanrewaju(ad5430e2) deadline=- last=expired/pairing_exhausted
[10:11:28] 20c3cefc stage=null flow=expired radius=10km/10km qpos=3 pro=Oluwatosin Temitope Olanrewaju(ad5430e2) deadline=- last=expired/pairing_exhausted
[10:11:34] 20c3cefc stage=null flow=expired radius=10km/10km qpos=3 pro=Oluwatosin Temitope Olanrewaju(ad5430e2) deadline=- last=expired/pairing_exhausted
[10:11:39] 20c3cefc stage=null flow=expired radius=10km/10km qpos=3 pro=Oluwatosin Temitope Olanrewaju(ad5430e2) deadline=- last=expired/pairing_exhausted
[10:11:45] 20c3cefc stage=null flow=expired radius=10km/10km qpos=3 pro=Oluwatosin Temitope Olanrewaju(ad5430e2) deadline=- last=expired/pairing_exhausted
[10:11:50] 20c3cefc stage=null flow=expired radius=10km/10km qpos=3 pro=Oluwatosin Temitope Olanrewaju(ad5430e2) deadline=- last=expired/pairing_exhausted
[10:11:56] 20c3cefc stage=null flow=expired radius=10km/10km qpos=3 pro=Oluwatosin Temitope Olanrewaju(ad5430e2) deadline=- last=expired/pairing_exhausted
[10:12:01] 20c3cefc stage=null flow=expired radius=10km/10km qpos=3 pro=Oluwatosin Temitope Olanrewaju(ad5430e2) deadline=- last=expired/pairing_exhausted
[10:12:07] 20c3cefc stage=null flow=expired radius=10km/10km qpos=3 pro=Oluwatosin Temitope Olanrewaju(ad5430e2) deadline=- last=expired/pairing_exhausted
[10:12:13] 20c3cefc stage=null flow=expired radius=10km/10km qpos=3 pro=Oluwatosin Temitope Olanrewaju(ad5430e2) deadline=- last=expired/pairing_exhausted
[10:12:18] 20c3cefc stage=null flow=expired radius=10km/10km qpos=3 pro=Oluwatosin Temitope Olanrewaju(ad5430e2) deadline=- last=expired/pairing_exhausted
[10:12:24] 20c3cefc stage=null flow=expired radius=10km/10km qpos=3 pro=Oluwatosin Temitope Olanrewaju(ad5430e2) deadline=- last=expired/pairing_exhausted
[10:12:29] 20c3cefc stage=null flow=expired radius=10km/10km qpos=3 pro=Oluwatosin Temitope Olanrewaju(ad5430e2) deadline=- last=expired/pairing_exhausted
[10:12:35] 20c3cefc stage=null flow=expired radius=10km/10km qpos=3 pro=Oluwatosin Temitope Olanrewaju(ad5430e2) deadline=- last=expired/pairing_exhausted
[10:12:40] 20c3cefc stage=null flow=expired radius=10km/10km qpos=3 pro=Oluwatosin Temitope Olanrewaju(ad5430e2) deadline=- last=expired/pairing_exhausted
[10:12:46] 20c3cefc stage=null flow=expired radius=10km/10km qpos=3 pro=Oluwatosin Temitope Olanrewaju(ad5430e2) deadline=- last=expired/pairing_exhausted
[10:12:52] 20c3cefc stage=null flow=expired radius=10km/10km qpos=3 pro=Oluwatosin Temitope Olanrewaju(ad5430e2) deadline=- last=expired/pairing_exhausted
[10:12:57] 20c3cefc stage=null flow=expired radius=10km/10km qpos=3 pro=Oluwatosin Temitope Olanrewaju(ad5430e2) deadline=- last=expired/pairing_exhausted
[10:13:03] 20c3cefc stage=null flow=expired radius=10km/10km qpos=3 pro=Oluwatosin Temitope Olanrewaju(ad5430e2) deadline=- last=expired/pairing_exhausted
[10:13:08] 20c3cefc stage=null flow=expired radius=10km/10km qpos=3 pro=Oluwatosin Temitope Olanrewaju(ad5430e2) deadline=- last=expired/pairing_exhausted
[10:13:14] 20c3cefc stage=null flow=expired radius=10km/10km qpos=3 pro=Oluwatosin Temitope Olanrewaju(ad5430e2) deadline=- last=expired/pairing_exhausted
[10:13:19] 20c3cefc stage=null flow=expired radius=10km/10km qpos=3 pro=Oluwatosin Temitope Olanrewaju(ad5430e2) deadline=- last=expired/pairing_exhausted
[10:13:25] 20c3cefc stage=null flow=expired radius=10km/10km qpos=3 pro=Oluwatosin Temitope Olanrewaju(ad5430e2) deadline=- last=expired/pairing_exhausted
[10:13:31] 20c3cefc stage=null flow=expired radius=10km/10km qpos=3 pro=Oluwatosin Temitope Olanrewaju(ad5430e2) deadline=- last=expired/pairing_exhausted
[10:13:36] 20c3cefc stage=null flow=expired radius=10km/10km qpos=3 pro=Oluwatosin Temitope Olanrewaju(ad5430e2) deadline=- last=expired/pairing_exhausted
[10:13:42] 20c3cefc stage=null flow=expired radius=10km/10km qpos=3 pro=Oluwatosin Temitope Olanrewaju(ad5430e2) deadline=- last=expired/pairing_exhausted
[10:13:47] 20c3cefc stage=null flow=expired radius=10km/10km qpos=3 pro=Oluwatosin Temitope Olanrewaju(ad5430e2) deadline=- last=expired/pairing_exhausted
[10:13:53] 20c3cefc stage=null flow=expired radius=10km/10km qpos=3 pro=Oluwatosin Temitope Olanrewaju(ad5430e2) deadline=- last=expired/pairing_exhausted
[10:13:58] 20c3cefc stage=null flow=expired radius=10km/10km qpos=3 pro=Oluwatosin Temitope Olanrewaju(ad5430e2) deadline=- last=expired/pairing_exhausted
[10:14:04] 20c3cefc stage=null flow=expired radius=10km/10km qpos=3 pro=Oluwatosin Temitope Olanrewaju(ad5430e2) deadline=- last=expired/pairing_exhausted
[10:14:10] 20c3cefc stage=null flow=expired radius=10km/10km qpos=3 pro=Oluwatosin Temitope Olanrewaju(ad5430e2) deadline=- last=expired/pairing_exhausted
[10:14:15] 20c3cefc stage=null flow=expired radius=10km/10km qpos=3 pro=Oluwatosin Temitope Olanrewaju(ad5430e2) deadline=- last=expired/pairing_exhausted
[10:14:21] 20c3cefc stage=null flow=expired radius=10km/10km qpos=3 pro=Oluwatosin Temitope Olanrewaju(ad5430e2) deadline=- last=expired/pairing_exhausted
[10:14:26] 20c3cefc stage=null flow=expired radius=10km/10km qpos=3 pro=Oluwatosin Temitope Olanrewaju(ad5430e2) deadline=- last=expired/pairing_exhausted
[10:14:32] 20c3cefc stage=null flow=expired radius=10km/10km qpos=3 pro=Oluwatosin Temitope Olanrewaju(ad5430e2) deadline=- last=expired/pairing_exhausted
[10:14:37] 20c3cefc stage=null flow=expired radius=10km/10km qpos=3 pro=Oluwatosin Temitope Olanrewaju(ad5430e2) deadline=- last=expired/pairing_exhausted
[10:14:43] 20c3cefc stage=null flow=expired radius=10km/10km qpos=3 pro=Oluwatosin Temitope Olanrewaju(ad5430e2) deadline=- last=expired/pairing_exhausted
[10:14:49] 20c3cefc stage=null flow=expired radius=10km/10km qpos=3 pro=Oluwatosin Temitope Olanrewaju(ad5430e2) deadline=- last=expired/pairing_exhausted
[10:14:54] 20c3cefc stage=null flow=expired radius=10km/10km qpos=3 pro=Oluwatosin Temitope Olanrewaju(ad5430e2) deadline=- last=expired/pairing_exhausted
[10:15:00] 20c3cefc stage=null flow=expired radius=10km/10km qpos=3 pro=Oluwatosin Temitope Olanrewaju(ad5430e2) deadline=- last=expired/pairing_exhausted
[10:15:05] 20c3cefc stage=null flow=expired radius=10km/10km qpos=3 pro=Oluwatosin Temitope Olanrewaju(ad5430e2) deadline=- last=expired/pairing_exhausted
[10:15:11] 20c3cefc stage=null flow=expired radius=10km/10km qpos=3 pro=Oluwatosin Temitope Olanrewaju(ad5430e2) deadline=- last=expired/pairing_exhausted
[10:15:16] 20c3cefc stage=null flow=expired radius=10km/10km qpos=3 pro=Oluwatosin Temitope Olanrewaju(ad5430e2) deadline=- last=expired/pairing_exhausted
[10:15:22] 20c3cefc stage=null flow=expired radius=10km/10km qpos=3 pro=Oluwatosin Temitope Olanrewaju(ad5430e2) deadline=- last=expired/pairing_exhausted
[10:15:28] 20c3cefc stage=null flow=expired radius=10km/10km qpos=3 pro=Oluwatosin Temitope Olanrewaju(ad5430e2) deadline=- last=expired/pairing_exhausted
[10:15:33] 20c3cefc stage=null flow=expired radius=10km/10km qpos=3 pro=Oluwatosin Temitope Olanrewaju(ad5430e2) deadline=- last=expired/pairing_exhausted
[10:15:39] 20c3cefc stage=null flow=expired radius=10km/10km qpos=3 pro=Oluwatosin Temitope Olanrewaju(ad5430e2) deadline=- last=expired/pairing_exhausted
[10:15:44] 20c3cefc stage=null flow=expired radius=10km/10km qpos=3 pro=Oluwatosin Temitope Olanrewaju(ad5430e2) deadline=- last=expired/pairing_exhausted
[10:15:50] 20c3cefc stage=null flow=expired radius=10km/10km qpos=3 pro=Oluwatosin Temitope Olanrewaju(ad5430e2) deadline=- last=expired/pairing_exhausted
[10:15:56] 20c3cefc stage=null flow=expired radius=10km/10km qpos=3 pro=Oluwatosin Temitope Olanrewaju(ad5430e2) deadline=- last=expired/pairing_exhausted
[10:16:01] 20c3cefc stage=null flow=expired radius=10km/10km qpos=3 pro=Oluwatosin Temitope Olanrewaju(ad5430e2) deadline=- last=expired/pairing_exhausted
[10:16:07] 20c3cefc stage=null flow=expired radius=10km/10km qpos=3 pro=Oluwatosin Temitope Olanrewaju(ad5430e2) deadline=- last=expired/pairing_exhausted
[10:16:12] 20c3cefc stage=null flow=expired radius=10km/10km qpos=3 pro=Oluwatosin Temitope Olanrewaju(ad5430e2) deadline=- last=expired/pairing_exhausted
[10:16:18] 20c3cefc stage=null flow=expired radius=10km/10km qpos=3 pro=Oluwatosin Temitope Olanrewaju(ad5430e2) deadline=- last=expired/pairing_exhausted
[10:16:23] 20c3cefc stage=null flow=expired radius=10km/10km qpos=3 pro=Oluwatosin Temitope Olanrewaju(ad5430e2) deadline=- last=expired/pairing_exhausted
[10:16:29] 20c3cefc stage=null flow=expired radius=10km/10km qpos=3 pro=Oluwatosin Temitope Olanrewaju(ad5430e2) deadline=- last=expired/pairing_exhausted
[10:16:35] 20c3cefc stage=null flow=expired radius=10km/10km qpos=3 pro=Oluwatosin Temitope Olanrewaju(ad5430e2) deadline=- last=expired/pairing_exhausted
[10:16:40] 20c3cefc stage=null flow=expired radius=10km/10km qpos=3 pro=Oluwatosin Temitope Olanrewaju(ad5430e2) deadline=- last=expired/pairing_exhausted
[10:16:46] 20c3cefc stage=null flow=expired radius=10km/10km qpos=3 pro=Oluwatosin Temitope Olanrewaju(ad5430e2) deadline=- last=expired/pairing_exhausted
[10:16:51] 20c3cefc stage=null flow=expired radius=10km/10km qpos=3 pro=Oluwatosin Temitope Olanrewaju(ad5430e2) deadline=- last=expired/pairing_exhausted
[10:16:57] 20c3cefc stage=null flow=expired radius=10km/10km qpos=3 pro=Oluwatosin Temitope Olanrewaju(ad5430e2) deadline=- last=expired/pairing_exhausted
[10:17:02] 20c3cefc stage=null flow=expired radius=10km/10km qpos=3 pro=Oluwatosin Temitope Olanrewaju(ad5430e2) deadline=- last=expired/pairing_exhausted
[10:17:08] 20c3cefc stage=null flow=expired radius=10km/10km qpos=3 pro=Oluwatosin Temitope Olanrewaju(ad5430e2) deadline=- last=expired/pairing_exhausted
[10:17:14] 20c3cefc stage=null flow=expired radius=10km/10km qpos=3 pro=Oluwatosin Temitope Olanrewaju(ad5430e2) deadline=- last=expired/pairing_exhausted
[10:17:19] 20c3cefc stage=null flow=expired radius=10km/10km qpos=3 pro=Oluwatosin Temitope Olanrewaju(ad5430e2) deadline=- last=expired/pairing_exhausted
[10:17:25] 20c3cefc stage=null flow=expired radius=10km/10km qpos=3 pro=Oluwatosin Temitope Olanrewaju(ad5430e2) deadline=- last=expired/pairing_exhausted
[10:17:30] 20c3cefc stage=null flow=expired radius=10km/10km qpos=3 pro=Oluwatosin Temitope Olanrewaju(ad5430e2) deadline=- last=expired/pairing_exhausted
[10:17:36] 20c3cefc stage=null flow=expired radius=10km/10km qpos=3 pro=Oluwatosin Temitope Olanrewaju(ad5430e2) deadline=- last=expired/pairing_exhausted
[10:17:41] 20c3cefc stage=null flow=expired radius=10km/10km qpos=3 pro=Oluwatosin Temitope Olanrewaju(ad5430e2) deadline=- last=expired/pairing_exhausted
[10:17:47] 20c3cefc stage=null flow=expired radius=10km/10km qpos=3 pro=Oluwatosin Temitope Olanrewaju(ad5430e2) deadline=- last=expired/pairing_exhausted
[10:17:53] 20c3cefc stage=null flow=expired radius=10km/10km qpos=3 pro=Oluwatosin Temitope Olanrewaju(ad5430e2) deadline=- last=expired/pairing_exhausted
[10:17:58] 20c3cefc stage=null flow=expired radius=10km/10km qpos=3 pro=Oluwatosin Temitope Olanrewaju(ad5430e2) deadline=- last=expired/pairing_exhausted
[10:18:04] 20c3cefc stage=null flow=expired radius=10km/10km qpos=3 pro=Oluwatosin Temitope Olanrewaju(ad5430e2) deadline=- last=expired/pairing_exhausted
[10:18:09] 20c3cefc stage=null flow=expired radius=10km/10km qpos=3 pro=Oluwatosin Temitope Olanrewaju(ad5430e2) deadline=- last=expired/pairing_exhausted
[10:18:15] 20c3cefc stage=null flow=expired radius=10km/10km qpos=3 pro=Oluwatosin Temitope Olanrewaju(ad5430e2) deadline=- last=expired/pairing_exhausted
[10:18:20] 20c3cefc stage=null flow=expired radius=10km/10km qpos=3 pro=Oluwatosin Temitope Olanrewaju(ad5430e2) deadline=- last=expired/pairing_exhausted
[10:18:26] 20c3cefc stage=null flow=expired radius=10km/10km qpos=3 pro=Oluwatosin Temitope Olanrewaju(ad5430e2) deadline=- last=expired/pairing_exhausted
[10:18:32] 20c3cefc stage=null flow=expired radius=10km/10km qpos=3 pro=Oluwatosin Temitope Olanrewaju(ad5430e2) deadline=- last=expired/pairing_exhausted
[10:18:37] 20c3cefc stage=null flow=expired radius=10km/10km qpos=3 pro=Oluwatosin Temitope Olanrewaju(ad5430e2) deadline=- last=expired/pairing_exhausted
[10:18:43] 20c3cefc stage=null flow=expired radius=10km/10km qpos=3 pro=Oluwatosin Temitope Olanrewaju(ad5430e2) deadline=- last=expired/pairing_exhausted
[10:18:48] 20c3cefc stage=null flow=expired radius=10km/10km qpos=3 pro=Oluwatosin Temitope Olanrewaju(ad5430e2) deadline=- last=expired/pairing_exhausted
[10:18:54] 20c3cefc stage=null flow=expired radius=10km/10km qpos=3 pro=Oluwatosin Temitope Olanrewaju(ad5430e2) deadline=- last=expired/pairing_exhausted
[10:18:59] 20c3cefc stage=null flow=expired radius=10km/10km qpos=3 pro=Oluwatosin Temitope Olanrewaju(ad5430e2) deadline=- last=expired/pairing_exhausted
[10:19:05] 20c3cefc stage=null flow=expired radius=10km/10km qpos=3 pro=Oluwatosin Temitope Olanrewaju(ad5430e2) deadline=- last=expired/pairing_exhausted
[10:19:11] 20c3cefc stage=null flow=expired radius=10km/10km qpos=3 pro=Oluwatosin Temitope Olanrewaju(ad5430e2) deadline=- last=expired/pairing_exhausted
[10:19:16] 20c3cefc stage=null flow=expired radius=10km/10km qpos=3 pro=Oluwatosin Temitope Olanrewaju(ad5430e2) deadline=- last=expired/pairing_exhausted
[10:19:22] 20c3cefc stage=null flow=expired radius=10km/10km qpos=3 pro=Oluwatosin Temitope Olanrewaju(ad5430e2) deadline=- last=expired/pairing_exhausted
[10:19:27] 20c3cefc stage=null flow=expired radius=10km/10km qpos=3 pro=Oluwatosin Temitope Olanrewaju(ad5430e2) deadline=- last=expired/pairing_exhausted
[10:19:33] 20c3cefc stage=null flow=expired radius=10km/10km qpos=3 pro=Oluwatosin Temitope Olanrewaju(ad5430e2) deadline=- last=expired/pairing_exhausted
[10:19:38] 20c3cefc stage=null flow=expired radius=10km/10km qpos=3 pro=Oluwatosin Temitope Olanrewaju(ad5430e2) deadline=- last=expired/pairing_exhausted
[10:19:44] 20c3cefc stage=null flow=expired radius=10km/10km qpos=3 pro=Oluwatosin Temitope Olanrewaju(ad5430e2) deadline=- last=expired/pairing_exhausted
[23:05:04] 20c3cefc stage=null flow=expired radius=10km/10km qpos=3 pro=Oluwatosin Temitope Olanrewaju(ad5430e2) deadline=- last=expired/pairing_exhausted
[23:05:09] 20c3cefc stage=null flow=expired radius=10km/10km qpos=3 pro=Oluwatosin Temitope Olanrewaju(ad5430e2) deadline=- last=expired/pairing_exhausted
[23:05:15] 20c3cefc stage=null flow=expired radius=10km/10km qpos=3 pro=Oluwatosin Temitope Olanrewaju(ad5430e2) deadline=- last=expired/pairing_exhausted
[23:05:21] 20c3cefc stage=null flow=expired radius=10km/10km qpos=3 pro=Oluwatosin Temitope Olanrewaju(ad5430e2) deadline=- last=expired/pairing_exhausted
[23:05:27] 20c3cefc stage=null flow=expired radius=10km/10km qpos=3 pro=Oluwatosin Temitope Olanrewaju(ad5430e2) deadline=- last=expired/pairing_exhausted
[23:05:33] 20c3cefc stage=null flow=expired radius=10km/10km qpos=3 pro=Oluwatosin Temitope Olanrewaju(ad5430e2) deadline=- last=expired/pairing_exhausted
[23:05:38] 20c3cefc stage=null flow=expired radius=10km/10km qpos=3 pro=Oluwatosin Temitope Olanrewaju(ad5430e2) deadline=- last=expired/pairing_exhausted
[23:05:44] 20c3cefc stage=null flow=expired radius=10km/10km qpos=3 pro=Oluwatosin Temitope Olanrewaju(ad5430e2) deadline=- last=expired/pairing_exhausted
[23:05:50] 20c3cefc stage=null flow=expired radius=10km/10km qpos=3 pro=Oluwatosin Temitope Olanrewaju(ad5430e2) deadline=- last=expired/pairing_exhausted
[23:05:55] 20c3cefc stage=null flow=expired radius=10km/10km qpos=3 pro=Oluwatosin Temitope Olanrewaju(ad5430e2) deadline=- last=expired/pairing_exhausted
[23:06:01] 20c3cefc stage=null flow=expired radius=10km/10km qpos=3 pro=Oluwatosin Temitope Olanrewaju(ad5430e2) deadline=- last=expired/pairing_exhausted
[23:06:06] 20c3cefc stage=null flow=expired radius=10km/10km qpos=3 pro=Oluwatosin Temitope Olanrewaju(ad5430e2) deadline=- last=expired/pairing_exhausted
[23:06:12] 20c3cefc stage=null flow=expired radius=10km/10km qpos=3 pro=Oluwatosin Temitope Olanrewaju(ad5430e2) deadline=- last=expired/pairing_exhausted
[23:06:18] 20c3cefc stage=null flow=expired radius=10km/10km qpos=3 pro=Oluwatosin Temitope Olanrewaju(ad5430e2) deadline=- last=expired/pairing_exhausted
[23:06:23] 20c3cefc stage=null flow=expired radius=10km/10km qpos=3 pro=Oluwatosin Temitope Olanrewaju(ad5430e2) deadline=- last=expired/pairing_exhausted
[23:06:29] 20c3cefc stage=null flow=expired radius=10km/10km qpos=3 pro=Oluwatosin Temitope Olanrewaju(ad5430e2) deadline=- last=expired/pairing_exhausted
[23:06:34] 20c3cefc stage=null flow=expired radius=10km/10km qpos=3 pro=Oluwatosin Temitope Olanrewaju(ad5430e2) deadline=- last=expired/pairing_exhausted
[23:06:40] 20c3cefc stage=null flow=expired radius=10km/10km qpos=3 pro=Oluwatosin Temitope Olanrewaju(ad5430e2) deadline=- last=expired/pairing_exhausted
[23:06:46] 20c3cefc stage=null flow=expired radius=10km/10km qpos=3 pro=Oluwatosin Temitope Olanrewaju(ad5430e2) deadline=- last=expired/pairing_exhausted
[23:06:51] 20c3cefc stage=null flow=expired radius=10km/10km qpos=3 pro=Oluwatosin Temitope Olanrewaju(ad5430e2) deadline=- last=expired/pairing_exhausted
[23:06:57] 20c3cefc stage=null flow=expired radius=10km/10km qpos=3 pro=Oluwatosin Temitope Olanrewaju(ad5430e2) deadline=- last=expired/pairing_exhausted
[23:07:02] 20c3cefc stage=null flow=expired radius=10km/10km qpos=3 pro=Oluwatosin Temitope Olanrewaju(ad5430e2) deadline=- last=expired/pairing_exhausted
[23:07:08] 20c3cefc stage=null flow=expired radius=10km/10km qpos=3 pro=Oluwatosin Temitope Olanrewaju(ad5430e2) deadline=- last=expired/pairing_exhausted
[23:07:13] 20c3cefc stage=null flow=expired radius=10km/10km qpos=3 pro=Oluwatosin Temitope Olanrewaju(ad5430e2) deadline=- last=expired/pairing_exhausted
[23:07:19] 20c3cefc stage=null flow=expired radius=10km/10km qpos=3 pro=Oluwatosin Temitope Olanrewaju(ad5430e2) deadline=- last=expired/pairing_exhausted
[23:07:24] 20c3cefc stage=null flow=expired radius=10km/10km qpos=3 pro=Oluwatosin Temitope Olanrewaju(ad5430e2) deadline=- last=expired/pairing_exhausted
[23:07:30] 20c3cefc stage=null flow=expired radius=10km/10km qpos=3 pro=Oluwatosin Temitope Olanrewaju(ad5430e2) deadline=- last=expired/pairing_exhausted
[23:07:36] 20c3cefc stage=null flow=expired radius=10km/10km qpos=3 pro=Oluwatosin Temitope Olanrewaju(ad5430e2) deadline=- last=expired/pairing_exhausted
[23:07:41] 20c3cefc stage=null flow=expired radius=10km/10km qpos=3 pro=Oluwatosin Temitope Olanrewaju(ad5430e2) deadline=- last=expired/pairing_exhausted
[23:07:47] 20c3cefc stage=null flow=expired radius=10km/10km qpos=3 pro=Oluwatosin Temitope Olanrewaju(ad5430e2) deadline=- last=expired/pairing_exhausted
[23:07:52] 20c3cefc stage=null flow=expired radius=10km/10km qpos=3 pro=Oluwatosin Temitope Olanrewaju(ad5430e2) deadline=- last=expired/pairing_exhausted
[23:07:58] 20c3cefc stage=null flow=expired radius=10km/10km qpos=3 pro=Oluwatosin Temitope Olanrewaju(ad5430e2) deadline=- last=expired/pairing_exhausted
[23:08:04] 20c3cefc stage=null flow=expired radius=10km/10km qpos=3 pro=Oluwatosin Temitope Olanrewaju(ad5430e2) deadline=- last=expired/pairing_exhausted
[23:08:09] 20c3cefc stage=null flow=expired radius=10km/10km qpos=3 pro=Oluwatosin Temitope Olanrewaju(ad5430e2) deadline=- last=expired/pairing_exhausted
[23:08:15] 20c3cefc stage=null flow=expired radius=10km/10km qpos=3 pro=Oluwatosin Temitope Olanrewaju(ad5430e2) deadline=- last=expired/pairing_exhausted
[23:08:21] 20c3cefc stage=null flow=expired radius=10km/10km qpos=3 pro=Oluwatosin Temitope Olanrewaju(ad5430e2) deadline=- last=expired/pairing_exhausted
[23:08:26] 20c3cefc stage=null flow=expired radius=10km/10km qpos=3 pro=Oluwatosin Temitope Olanrewaju(ad5430e2) deadline=- last=expired/pairing_exhausted
[23:08:32] 20c3cefc stage=null flow=expired radius=10km/10km qpos=3 pro=Oluwatosin Temitope Olanrewaju(ad5430e2) deadline=- last=expired/pairing_exhausted
[23:08:37] 20c3cefc stage=null flow=expired radius=10km/10km qpos=3 pro=Oluwatosin Temitope Olanrewaju(ad5430e2) deadline=- last=expired/pairing_exhausted
[23:08:43] 20c3cefc stage=null flow=expired radius=10km/10km qpos=3 pro=Oluwatosin Temitope Olanrewaju(ad5430e2) deadline=- last=expired/pairing_exhausted
[23:08:48] 20c3cefc stage=null flow=expired radius=10km/10km qpos=3 pro=Oluwatosin Temitope Olanrewaju(ad5430e2) deadline=- last=expired/pairing_exhausted
[23:08:55] 20c3cefc stage=null flow=expired radius=10km/10km qpos=3 pro=Oluwatosin Temitope Olanrewaju(ad5430e2) deadline=- last=expired/pairing_exhausted
[23:09:00] 20c3cefc stage=null flow=expired radius=10km/10km qpos=3 pro=Oluwatosin Temitope Olanrewaju(ad5430e2) deadline=- last=expired/pairing_exhausted
[23:09:06] 20c3cefc stage=null flow=expired radius=10km/10km qpos=3 pro=Oluwatosin Temitope Olanrewaju(ad5430e2) deadline=- last=expired/pairing_exhausted
[23:09:11] 20c3cefc stage=null flow=expired radius=10km/10km qpos=3 pro=Oluwatosin Temitope Olanrewaju(ad5430e2) deadline=- last=expired/pairing_exhausted
[23:09:17] 20c3cefc stage=null flow=expired radius=10km/10km qpos=3 pro=Oluwatosin Temitope Olanrewaju(ad5430e2) deadline=- last=expired/pairing_exhausted
[23:09:22] 20c3cefc stage=null flow=expired radius=10km/10km qpos=3 pro=Oluwatosin Temitope Olanrewaju(ad5430e2) deadline=- last=expired/pairing_exhausted
[23:09:28] 20c3cefc stage=null flow=expired radius=10km/10km qpos=3 pro=Oluwatosin Temitope Olanrewaju(ad5430e2) deadline=- last=expired/pairing_exhausted
[23:09:34] 20c3cefc stage=null flow=expired radius=10km/10km qpos=3 pro=Oluwatosin Temitope Olanrewaju(ad5430e2) deadline=- last=expired/pairing_exhausted
[23:09:39] 20c3cefc stage=null flow=expired radius=10km/10km qpos=3 pro=Oluwatosin Temitope Olanrewaju(ad5430e2) deadline=- last=expired/pairing_exhausted
[23:09:45] 20c3cefc stage=null flow=expired radius=10km/10km qpos=3 pro=Oluwatosin Temitope Olanrewaju(ad5430e2) deadline=- last=expired/pairing_exhausted
[23:09:50] 20c3cefc stage=null flow=expired radius=10km/10km qpos=3 pro=Oluwatosin Temitope Olanrewaju(ad5430e2) deadline=- last=expired/pairing_exhausted
[23:09:56] 20c3cefc stage=null flow=expired radius=10km/10km qpos=3 pro=Oluwatosin Temitope Olanrewaju(ad5430e2) deadline=- last=expired/pairing_exhausted
[23:10:02] 20c3cefc stage=null flow=expired radius=10km/10km qpos=3 pro=Oluwatosin Temitope Olanrewaju(ad5430e2) deadline=- last=expired/pairing_exhausted
[23:10:07] 20c3cefc stage=null flow=expired radius=10km/10km qpos=3 pro=Oluwatosin Temitope Olanrewaju(ad5430e2) deadline=- last=expired/pairing_exhausted
[23:10:13] 20c3cefc stage=null flow=expired radius=10km/10km qpos=3 pro=Oluwatosin Temitope Olanrewaju(ad5430e2) deadline=- last=expired/pairing_exhausted
[23:10:18] 20c3cefc stage=null flow=expired radius=10km/10km qpos=3 pro=Oluwatosin Temitope Olanrewaju(ad5430e2) deadline=- last=expired/pairing_exhausted
[23:10:24] 20c3cefc stage=null flow=expired radius=10km/10km qpos=3 pro=Oluwatosin Temitope Olanrewaju(ad5430e2) deadline=- last=expired/pairing_exhausted
[23:10:29] 20c3cefc stage=null flow=expired radius=10km/10km qpos=3 pro=Oluwatosin Temitope Olanrewaju(ad5430e2) deadline=- last=expired/pairing_exhausted
[23:10:35] 20c3cefc stage=null flow=expired radius=10km/10km qpos=3 pro=Oluwatosin Temitope Olanrewaju(ad5430e2) deadline=- last=expired/pairing_exhausted
[23:10:41] 20c3cefc stage=null flow=expired radius=10km/10km qpos=3 pro=Oluwatosin Temitope Olanrewaju(ad5430e2) deadline=- last=expired/pairing_exhausted
[23:10:46] 20c3cefc stage=null flow=expired radius=10km/10km qpos=3 pro=Oluwatosin Temitope Olanrewaju(ad5430e2) deadline=- last=expired/pairing_exhausted
[23:10:52] 20c3cefc stage=null flow=expired radius=10km/10km qpos=3 pro=Oluwatosin Temitope Olanrewaju(ad5430e2) deadline=- last=expired/pairing_exhausted
[23:10:58] 20c3cefc stage=null flow=expired radius=10km/10km qpos=3 pro=Oluwatosin Temitope Olanrewaju(ad5430e2) deadline=- last=expired/pairing_exhausted
[23:11:03] 20c3cefc stage=null flow=expired radius=10km/10km qpos=3 pro=Oluwatosin Temitope Olanrewaju(ad5430e2) deadline=- last=expired/pairing_exhausted
[23:11:09] 20c3cefc stage=null flow=expired radius=10km/10km qpos=3 pro=Oluwatosin Temitope Olanrewaju(ad5430e2) deadline=- last=expired/pairing_exhausted
[23:11:14] 20c3cefc stage=null flow=expired radius=10km/10km qpos=3 pro=Oluwatosin Temitope Olanrewaju(ad5430e2) deadline=- last=expired/pairing_exhausted
[23:11:20] 20c3cefc stage=null flow=expired radius=10km/10km qpos=3 pro=Oluwatosin Temitope Olanrewaju(ad5430e2) deadline=- last=expired/pairing_exhausted
[23:11:25] 20c3cefc stage=null flow=expired radius=10km/10km qpos=3 pro=Oluwatosin Temitope Olanrewaju(ad5430e2) deadline=- last=expired/pairing_exhausted
[23:11:31] 20c3cefc stage=null flow=expired radius=10km/10km qpos=3 pro=Oluwatosin Temitope Olanrewaju(ad5430e2) deadline=- last=expired/pairing_exhausted
[23:11:37] 20c3cefc stage=null flow=expired radius=10km/10km qpos=3 pro=Oluwatosin Temitope Olanrewaju(ad5430e2) deadline=- last=expired/pairing_exhausted
[23:11:43] 20c3cefc stage=null flow=expired radius=10km/10km qpos=3 pro=Oluwatosin Temitope Olanrewaju(ad5430e2) deadline=- last=expired/pairing_exhausted
[23:11:48] 20c3cefc stage=null flow=expired radius=10km/10km qpos=3 pro=Oluwatosin Temitope Olanrewaju(ad5430e2) deadline=- last=expired/pairing_exhausted
[23:11:54] 20c3cefc stage=null flow=expired radius=10km/10km qpos=3 pro=Oluwatosin Temitope Olanrewaju(ad5430e2) deadline=- last=expired/pairing_exhausted
[23:11:59] 20c3cefc stage=null flow=expired radius=10km/10km qpos=3 pro=Oluwatosin Temitope Olanrewaju(ad5430e2) deadline=- last=expired/pairing_exhausted
[23:12:05] 20c3cefc stage=null flow=expired radius=10km/10km qpos=3 pro=Oluwatosin Temitope Olanrewaju(ad5430e2) deadline=- last=expired/pairing_exhausted
[23:12:10] 20c3cefc stage=null flow=expired radius=10km/10km qpos=3 pro=Oluwatosin Temitope Olanrewaju(ad5430e2) deadline=- last=expired/pairing_exhausted
[23:12:16] 20c3cefc stage=null flow=expired radius=10km/10km qpos=3 pro=Oluwatosin Temitope Olanrewaju(ad5430e2) deadline=- last=expired/pairing_exhausted
[23:12:22] 20c3cefc stage=null flow=expired radius=10km/10km qpos=3 pro=Oluwatosin Temitope Olanrewaju(ad5430e2) deadline=- last=expired/pairing_exhausted
[23:12:27] 20c3cefc stage=null flow=expired radius=10km/10km qpos=3 pro=Oluwatosin Temitope Olanrewaju(ad5430e2) deadline=- last=expired/pairing_exhausted
[23:12:33] 20c3cefc stage=null flow=expired radius=10km/10km qpos=3 pro=Oluwatosin Temitope Olanrewaju(ad5430e2) deadline=- last=expired/pairing_exhausted
[23:12:38] 20c3cefc stage=null flow=expired radius=10km/10km qpos=3 pro=Oluwatosin Temitope Olanrewaju(ad5430e2) deadline=- last=expired/pairing_exhausted
[23:12:44] 20c3cefc stage=null flow=expired radius=10km/10km qpos=3 pro=Oluwatosin Temitope Olanrewaju(ad5430e2) deadline=- last=expired/pairing_exhausted
[23:12:49] 20c3cefc stage=null flow=expired radius=10km/10km qpos=3 pro=Oluwatosin Temitope Olanrewaju(ad5430e2) deadline=- last=expired/pairing_exhausted
[23:12:55] 20c3cefc stage=null flow=expired radius=10km/10km qpos=3 pro=Oluwatosin Temitope Olanrewaju(ad5430e2) deadline=- last=expired/pairing_exhausted
[23:13:01] 20c3cefc stage=null flow=expired radius=10km/10km qpos=3 pro=Oluwatosin Temitope Olanrewaju(ad5430e2) deadline=- last=expired/pairing_exhausted
[23:13:14] 20c3cefc stage=null flow=expired radius=10km/10km qpos=3 pro=Oluwatosin Temitope Olanrewaju(ad5430e2) deadline=- last=expired/pairing_exhausted
[23:13:20] 20c3cefc stage=null flow=expired radius=10km/10km qpos=3 pro=Oluwatosin Temitope Olanrewaju(ad5430e2) deadline=- last=expired/pairing_exhausted
[23:13:26] 20c3cefc stage=null flow=expired radius=10km/10km qpos=3 pro=Oluwatosin Temitope Olanrewaju(ad5430e2) deadline=- last=expired/pairing_exhausted
[23:13:31] 20c3cefc stage=null flow=expired radius=10km/10km qpos=3 pro=Oluwatosin Temitope Olanrewaju(ad5430e2) deadline=- last=expired/pairing_exhausted
[23:13:37] 20c3cefc stage=null flow=expired radius=10km/10km qpos=3 pro=Oluwatosin Temitope Olanrewaju(ad5430e2) deadline=- last=expired/pairing_exhausted
[23:13:42] 20c3cefc stage=null flow=expired radius=10km/10km qpos=3 pro=Oluwatosin Temitope Olanrewaju(ad5430e2) deadline=- last=expired/pairing_exhausted
[23:13:48] 20c3cefc stage=null flow=expired radius=10km/10km qpos=3 pro=Oluwatosin Temitope Olanrewaju(ad5430e2) deadline=- last=expired/pairing_exhausted
[23:13:54] 20c3cefc stage=null flow=expired radius=10km/10km qpos=3 pro=Oluwatosin Temitope Olanrewaju(ad5430e2) deadline=- last=expired/pairing_exhausted
[23:13:59] 20c3cefc stage=null flow=expired radius=10km/10km qpos=3 pro=Oluwatosin Temitope Olanrewaju(ad5430e2) deadline=- last=expired/pairing_exhausted
[23:14:05] 20c3cefc stage=null flow=expired radius=10km/10km qpos=3 pro=Oluwatosin Temitope Olanrewaju(ad5430e2) deadline=- last=expired/pairing_exhausted
[23:14:11] 20c3cefc stage=null flow=expired radius=10km/10km qpos=3 pro=Oluwatosin Temitope Olanrewaju(ad5430e2) deadline=- last=expired/pairing_exhausted
[23:14:16] 20c3cefc stage=null flow=expired radius=10km/10km qpos=3 pro=Oluwatosin Temitope Olanrewaju(ad5430e2) deadline=- last=expired/pairing_exhausted
[23:14:22] 20c3cefc stage=null flow=expired radius=10km/10km qpos=3 pro=Oluwatosin Temitope Olanrewaju(ad5430e2) deadline=- last=expired/pairing_exhausted
[23:14:27] 20c3cefc stage=null flow=expired radius=10km/10km qpos=3 pro=Oluwatosin Temitope Olanrewaju(ad5430e2) deadline=- last=expired/pairing_exhausted
[23:14:33] 20c3cefc stage=null flow=expired radius=10km/10km qpos=3 pro=Oluwatosin Temitope Olanrewaju(ad5430e2) deadline=- last=expired/pairing_exhausted
[23:14:39] 20c3cefc stage=null flow=expired radius=10km/10km qpos=3 pro=Oluwatosin Temitope Olanrewaju(ad5430e2) deadline=- last=expired/pairing_exhausted
[23:14:44] 20c3cefc stage=null flow=expired radius=10km/10km qpos=3 pro=Oluwatosin Temitope Olanrewaju(ad5430e2) deadline=- last=expired/pairing_exhausted
[23:14:50] 20c3cefc stage=null flow=expired radius=10km/10km qpos=3 pro=Oluwatosin Temitope Olanrewaju(ad5430e2) deadline=- last=expired/pairing_exhausted
[23:14:56] 20c3cefc stage=null flow=expired radius=10km/10km qpos=3 pro=Oluwatosin Temitope Olanrewaju(ad5430e2) deadline=- last=expired/pairing_exhausted
[23:15:01] 20c3cefc stage=null flow=expired radius=10km/10km qpos=3 pro=Oluwatosin Temitope Olanrewaju(ad5430e2) deadline=- last=expired/pairing_exhausted
[23:15:07] 20c3cefc stage=null flow=expired radius=10km/10km qpos=3 pro=Oluwatosin Temitope Olanrewaju(ad5430e2) deadline=- last=expired/pairing_exhausted
[23:15:12] 20c3cefc stage=null flow=expired radius=10km/10km qpos=3 pro=Oluwatosin Temitope Olanrewaju(ad5430e2) deadline=- last=expired/pairing_exhausted
[23:15:18] 20c3cefc stage=null flow=expired radius=10km/10km qpos=3 pro=Oluwatosin Temitope Olanrewaju(ad5430e2) deadline=- last=expired/pairing_exhausted
[23:15:24] 20c3cefc stage=null flow=expired radius=10km/10km qpos=3 pro=Oluwatosin Temitope Olanrewaju(ad5430e2) deadline=- last=expired/pairing_exhausted
[23:15:29] 20c3cefc stage=null flow=expired radius=10km/10km qpos=3 pro=Oluwatosin Temitope Olanrewaju(ad5430e2) deadline=- last=expired/pairing_exhausted
[23:15:35] 20c3cefc stage=null flow=expired radius=10km/10km qpos=3 pro=Oluwatosin Temitope Olanrewaju(ad5430e2) deadline=- last=expired/pairing_exhausted
[23:15:40] 20c3cefc stage=null flow=expired radius=10km/10km qpos=3 pro=Oluwatosin Temitope Olanrewaju(ad5430e2) deadline=- last=expired/pairing_exhausted
[23:15:46] 20c3cefc stage=null flow=expired radius=10km/10km qpos=3 pro=Oluwatosin Temitope Olanrewaju(ad5430e2) deadline=- last=expired/pairing_exhausted
[23:15:51] 20c3cefc stage=null flow=expired radius=10km/10km qpos=3 pro=Oluwatosin Temitope Olanrewaju(ad5430e2) deadline=- last=expired/pairing_exhausted
[23:15:57] 20c3cefc stage=null flow=expired radius=10km/10km qpos=3 pro=Oluwatosin Temitope Olanrewaju(ad5430e2) deadline=- last=expired/pairing_exhausted
[23:16:02] 20c3cefc stage=null flow=expired radius=10km/10km qpos=3 pro=Oluwatosin Temitope Olanrewaju(ad5430e2) deadline=- last=expired/pairing_exhausted
[23:16:09] 20c3cefc stage=null flow=expired radius=10km/10km qpos=3 pro=Oluwatosin Temitope Olanrewaju(ad5430e2) deadline=- last=expired/pairing_exhausted
[23:16:14] 20c3cefc stage=null flow=expired radius=10km/10km qpos=3 pro=Oluwatosin Temitope Olanrewaju(ad5430e2) deadline=- last=expired/pairing_exhausted
[23:16:20] 20c3cefc stage=null flow=expired radius=10km/10km qpos=3 pro=Oluwatosin Temitope Olanrewaju(ad5430e2) deadline=- last=expired/pairing_exhausted
[23:16:25] 20c3cefc stage=null flow=expired radius=10km/10km qpos=3 pro=Oluwatosin Temitope Olanrewaju(ad5430e2) deadline=- last=expired/pairing_exhausted
[23:16:31] 20c3cefc stage=null flow=expired radius=10km/10km qpos=3 pro=Oluwatosin Temitope Olanrewaju(ad5430e2) deadline=- last=expired/pairing_exhausted
[23:16:36] 20c3cefc stage=null flow=expired radius=10km/10km qpos=3 pro=Oluwatosin Temitope Olanrewaju(ad5430e2) deadline=- last=expired/pairing_exhausted
[23:16:42] 20c3cefc stage=null flow=expired radius=10km/10km qpos=3 pro=Oluwatosin Temitope Olanrewaju(ad5430e2) deadline=- last=expired/pairing_exhausted
[23:16:48] 20c3cefc stage=null flow=expired radius=10km/10km qpos=3 pro=Oluwatosin Temitope Olanrewaju(ad5430e2) deadline=- last=expired/pairing_exhausted
[23:16:53] 20c3cefc stage=null flow=expired radius=10km/10km qpos=3 pro=Oluwatosin Temitope Olanrewaju(ad5430e2) deadline=- last=expired/pairing_exhausted
[23:16:59] 20c3cefc stage=null flow=expired radius=10km/10km qpos=3 pro=Oluwatosin Temitope Olanrewaju(ad5430e2) deadline=- last=expired/pairing_exhausted
[23:17:04] 20c3cefc stage=null flow=expired radius=10km/10km qpos=3 pro=Oluwatosin Temitope Olanrewaju(ad5430e2) deadline=- last=expired/pairing_exhausted
[23:17:10] 20c3cefc stage=null flow=expired radius=10km/10km qpos=3 pro=Oluwatosin Temitope Olanrewaju(ad5430e2) deadline=- last=expired/pairing_exhausted
[23:17:16] 20c3cefc stage=null flow=expired radius=10km/10km qpos=3 pro=Oluwatosin Temitope Olanrewaju(ad5430e2) deadline=- last=expired/pairing_exhausted
[23:17:21] 20c3cefc stage=null flow=expired radius=10km/10km qpos=3 pro=Oluwatosin Temitope Olanrewaju(ad5430e2) deadline=- last=expired/pairing_exhausted
[23:17:27] 20c3cefc stage=null flow=expired radius=10km/10km qpos=3 pro=Oluwatosin Temitope Olanrewaju(ad5430e2) deadline=- last=expired/pairing_exhausted
[23:17:32] 20c3cefc stage=null flow=expired radius=10km/10km qpos=3 pro=Oluwatosin Temitope Olanrewaju(ad5430e2) deadline=- last=expired/pairing_exhausted
[23:17:38] 20c3cefc stage=null flow=expired radius=10km/10km qpos=3 pro=Oluwatosin Temitope Olanrewaju(ad5430e2) deadline=- last=expired/pairing_exhausted
[23:17:44] 20c3cefc stage=null flow=expired radius=10km/10km qpos=3 pro=Oluwatosin Temitope Olanrewaju(ad5430e2) deadline=- last=expired/pairing_exhausted
[23:17:49] 20c3cefc stage=null flow=expired radius=10km/10km qpos=3 pro=Oluwatosin Temitope Olanrewaju(ad5430e2) deadline=- last=expired/pairing_exhausted
[23:17:55] 20c3cefc stage=null flow=expired radius=10km/10km qpos=3 pro=Oluwatosin Temitope Olanrewaju(ad5430e2) deadline=- last=expired/pairing_exhausted
[23:18:00] 20c3cefc stage=null flow=expired radius=10km/10km qpos=3 pro=Oluwatosin Temitope Olanrewaju(ad5430e2) deadline=- last=expired/pairing_exhausted
[23:18:06] 20c3cefc stage=null flow=expired radius=10km/10km qpos=3 pro=Oluwatosin Temitope Olanrewaju(ad5430e2) deadline=- last=expired/pairing_exhausted
[23:18:11] 20c3cefc stage=null flow=expired radius=10km/10km qpos=3 pro=Oluwatosin Temitope Olanrewaju(ad5430e2) deadline=- last=expired/pairing_exhausted
[23:18:17] 20c3cefc stage=null flow=expired radius=10km/10km qpos=3 pro=Oluwatosin Temitope Olanrewaju(ad5430e2) deadline=- last=expired/pairing_exhausted
[23:18:23] 20c3cefc stage=null flow=expired radius=10km/10km qpos=3 pro=Oluwatosin Temitope Olanrewaju(ad5430e2) deadline=- last=expired/pairing_exhausted
[23:18:28] 20c3cefc stage=null flow=expired radius=10km/10km qpos=3 pro=Oluwatosin Temitope Olanrewaju(ad5430e2) deadline=- last=expired/pairing_exhausted
[23:18:34] 20c3cefc stage=null flow=expired radius=10km/10km qpos=3 pro=Oluwatosin Temitope Olanrewaju(ad5430e2) deadline=- last=expired/pairing_exhausted
[23:18:39] 20c3cefc stage=null flow=expired radius=10km/10km qpos=3 pro=Oluwatosin Temitope Olanrewaju(ad5430e2) deadline=- last=expired/pairing_exhausted
[23:18:45] 20c3cefc stage=null flow=expired radius=10km/10km qpos=3 pro=Oluwatosin Temitope Olanrewaju(ad5430e2) deadline=- last=expired/pairing_exhausted
[23:18:50] 20c3cefc stage=null flow=expired radius=10km/10km qpos=3 pro=Oluwatosin Temitope Olanrewaju(ad5430e2) deadline=- last=expired/pairing_exhausted
[23:18:56] 20c3cefc stage=null flow=expired radius=10km/10km qpos=3 pro=Oluwatosin Temitope Olanrewaju(ad5430e2) deadline=- last=expired/pairing_exhausted
[23:19:02] 20c3cefc stage=null flow=expired radius=10km/10km qpos=3 pro=Oluwatosin Temitope Olanrewaju(ad5430e2) deadline=- last=expired/pairing_exhausted
[23:19:07] 20c3cefc stage=null flow=expired radius=10km/10km qpos=3 pro=Oluwatosin Temitope Olanrewaju(ad5430e2) deadline=- last=expired/pairing_exhausted
[23:19:13] 20c3cefc stage=null flow=expired radius=10km/10km qpos=3 pro=Oluwatosin Temitope Olanrewaju(ad5430e2) deadline=- last=expired/pairing_exhausted
[23:19:18] 20c3cefc stage=null flow=expired radius=10km/10km qpos=3 pro=Oluwatosin Temitope Olanrewaju(ad5430e2) deadline=- last=expired/pairing_exhausted
[23:19:24] 20c3cefc stage=null flow=expired radius=10km/10km qpos=3 pro=Oluwatosin Temitope Olanrewaju(ad5430e2) deadline=- last=expired/pairing_exhausted
[23:19:30] 20c3cefc stage=null flow=expired radius=10km/10km qpos=3 pro=Oluwatosin Temitope Olanrewaju(ad5430e2) deadline=- last=expired/pairing_exhausted
[23:19:35] 20c3cefc stage=null flow=expired radius=10km/10km qpos=3 pro=Oluwatosin Temitope Olanrewaju(ad5430e2) deadline=- last=expired/pairing_exhausted
[23:19:41] 20c3cefc stage=null flow=expired radius=10km/10km qpos=3 pro=Oluwatosin Temitope Olanrewaju(ad5430e2) deadline=- last=expired/pairing_exhausted
[23:19:46] 20c3cefc stage=null flow=expired radius=10km/10km qpos=3 pro=Oluwatosin Temitope Olanrewaju(ad5430e2) deadline=- last=expired/pairing_exhausted
[23:19:52] 20c3cefc stage=null flow=expired radius=10km/10km qpos=3 pro=Oluwatosin Temitope Olanrewaju(ad5430e2) deadline=- last=expired/pairing_exhausted
[23:19:58] 20c3cefc stage=null flow=expired radius=10km/10km qpos=3 pro=Oluwatosin Temitope Olanrewaju(ad5430e2) deadline=- last=expired/pairing_exhausted
[23:20:03] 20c3cefc stage=null flow=expired radius=10km/10km qpos=3 pro=Oluwatosin Temitope Olanrewaju(ad5430e2) deadline=- last=expired/pairing_exhausted
[23:20:09] 20c3cefc stage=null flow=expired radius=10km/10km qpos=3 pro=Oluwatosin Temitope Olanrewaju(ad5430e2) deadline=- last=expired/pairing_exhausted
[23:20:15] 20c3cefc stage=null flow=expired radius=10km/10km qpos=3 pro=Oluwatosin Temitope Olanrewaju(ad5430e2) deadline=- last=expired/pairing_exhausted
[23:20:20] 20c3cefc stage=null flow=expired radius=10km/10km qpos=3 pro=Oluwatosin Temitope Olanrewaju(ad5430e2) deadline=- last=expired/pairing_exhausted
[23:20:26] 20c3cefc stage=null flow=expired radius=10km/10km qpos=3 pro=Oluwatosin Temitope Olanrewaju(ad5430e2) deadline=- last=expired/pairing_exhausted
[23:20:31] 20c3cefc stage=null flow=expired radius=10km/10km qpos=3 pro=Oluwatosin Temitope Olanrewaju(ad5430e2) deadline=- last=expired/pairing_exhausted
[23:20:37] 20c3cefc stage=null flow=expired radius=10km/10km qpos=3 pro=Oluwatosin Temitope Olanrewaju(ad5430e2) deadline=- last=expired/pairing_exhausted
[23:20:42] 20c3cefc stage=null flow=expired radius=10km/10km qpos=3 pro=Oluwatosin Temitope Olanrewaju(ad5430e2) deadline=- last=expired/pairing_exhausted
[23:20:48] 20c3cefc stage=null flow=expired radius=10km/10km qpos=3 pro=Oluwatosin Temitope Olanrewaju(ad5430e2) deadline=- last=expired/pairing_exhausted
[23:20:56] 20c3cefc stage=null flow=expired radius=10km/10km qpos=3 pro=Oluwatosin Temitope Olanrewaju(ad5430e2) deadline=- last=expired/pairing_exhausted
[23:21:01] 20c3cefc stage=null flow=expired radius=10km/10km qpos=3 pro=Oluwatosin Temitope Olanrewaju(ad5430e2) deadline=- last=expired/pairing_exhausted
[23:21:07] 20c3cefc stage=null flow=expired radius=10km/10km qpos=3 pro=Oluwatosin Temitope Olanrewaju(ad5430e2) deadline=- last=expired/pairing_exhausted
[23:21:13] 20c3cefc stage=null flow=expired radius=10km/10km qpos=3 pro=Oluwatosin Temitope Olanrewaju(ad5430e2) deadline=- last=expired/pairing_exhausted
[23:21:18] 20c3cefc stage=null flow=expired radius=10km/10km qpos=3 pro=Oluwatosin Temitope Olanrewaju(ad5430e2) deadline=- last=expired/pairing_exhausted
[23:21:24] 20c3cefc stage=null flow=expired radius=10km/10km qpos=3 pro=Oluwatosin Temitope Olanrewaju(ad5430e2) deadline=- last=expired/pairing_exhausted
[23:21:29] 20c3cefc stage=null flow=expired radius=10km/10km qpos=3 pro=Oluwatosin Temitope Olanrewaju(ad5430e2) deadline=- last=expired/pairing_exhausted
[23:21:35] 20c3cefc stage=null flow=expired radius=10km/10km qpos=3 pro=Oluwatosin Temitope Olanrewaju(ad5430e2) deadline=- last=expired/pairing_exhausted
[23:21:40] 20c3cefc stage=null flow=expired radius=10km/10km qpos=3 pro=Oluwatosin Temitope Olanrewaju(ad5430e2) deadline=- last=expired/pairing_exhausted
[23:21:46] 20c3cefc stage=null flow=expired radius=10km/10km qpos=3 pro=Oluwatosin Temitope Olanrewaju(ad5430e2) deadline=- last=expired/pairing_exhausted
[23:21:51] 20c3cefc stage=null flow=expired radius=10km/10km qpos=3 pro=Oluwatosin Temitope Olanrewaju(ad5430e2) deadline=- last=expired/pairing_exhausted
[23:21:57] 20c3cefc stage=null flow=expired radius=10km/10km qpos=3 pro=Oluwatosin Temitope Olanrewaju(ad5430e2) deadline=- last=expired/pairing_exhausted
[23:22:02] 20c3cefc stage=null flow=expired radius=10km/10km qpos=3 pro=Oluwatosin Temitope Olanrewaju(ad5430e2) deadline=- last=expired/pairing_exhausted
[23:22:08] 20c3cefc stage=null flow=expired radius=10km/10km qpos=3 pro=Oluwatosin Temitope Olanrewaju(ad5430e2) deadline=- last=expired/pairing_exhausted
[23:22:14] 20c3cefc stage=null flow=expired radius=10km/10km qpos=3 pro=Oluwatosin Temitope Olanrewaju(ad5430e2) deadline=- last=expired/pairing_exhausted
[23:22:19] 20c3cefc stage=null flow=expired radius=10km/10km qpos=3 pro=Oluwatosin Temitope Olanrewaju(ad5430e2) deadline=- last=expired/pairing_exhausted
[23:22:25] 20c3cefc stage=null flow=expired radius=10km/10km qpos=3 pro=Oluwatosin Temitope Olanrewaju(ad5430e2) deadline=- last=expired/pairing_exhausted
[23:22:30] 20c3cefc stage=null flow=expired radius=10km/10km qpos=3 pro=Oluwatosin Temitope Olanrewaju(ad5430e2) deadline=- last=expired/pairing_exhausted
[23:22:36] 20c3cefc stage=null flow=expired radius=10km/10km qpos=3 pro=Oluwatosin Temitope Olanrewaju(ad5430e2) deadline=- last=expired/pairing_exhausted
[23:22:42] 20c3cefc stage=null flow=expired radius=10km/10km qpos=3 pro=Oluwatosin Temitope Olanrewaju(ad5430e2) deadline=- last=expired/pairing_exhausted
[23:22:47] 20c3cefc stage=null flow=expired radius=10km/10km qpos=3 pro=Oluwatosin Temitope Olanrewaju(ad5430e2) deadline=- last=expired/pairing_exhausted
[23:22:53] 20c3cefc stage=null flow=expired radius=10km/10km qpos=3 pro=Oluwatosin Temitope Olanrewaju(ad5430e2) deadline=- last=expired/pairing_exhausted
[23:23:03] 20c3cefc stage=null flow=expired radius=10km/10km qpos=3 pro=Oluwatosin Temitope Olanrewaju(ad5430e2) deadline=- last=expired/pairing_exhausted
[23:23:08] 20c3cefc stage=null flow=expired radius=10km/10km qpos=3 pro=Oluwatosin Temitope Olanrewaju(ad5430e2) deadline=- last=expired/pairing_exhausted
[23:23:14] 20c3cefc stage=null flow=expired radius=10km/10km qpos=3 pro=Oluwatosin Temitope Olanrewaju(ad5430e2) deadline=- last=expired/pairing_exhausted
[23:23:20] 20c3cefc stage=null flow=expired radius=10km/10km qpos=3 pro=Oluwatosin Temitope Olanrewaju(ad5430e2) deadline=- last=expired/pairing_exhausted
[23:23:25] 20c3cefc stage=null flow=expired radius=10km/10km qpos=3 pro=Oluwatosin Temitope Olanrewaju(ad5430e2) deadline=- last=expired/pairing_exhausted
[23:23:31] 20c3cefc stage=null flow=expired radius=10km/10km qpos=3 pro=Oluwatosin Temitope Olanrewaju(ad5430e2) deadline=- last=expired/pairing_exhausted
[23:23:36] 20c3cefc stage=null flow=expired radius=10km/10km qpos=3 pro=Oluwatosin Temitope Olanrewaju(ad5430e2) deadline=- last=expired/pairing_exhausted
[23:23:42] 20c3cefc stage=null flow=expired radius=10km/10km qpos=3 pro=Oluwatosin Temitope Olanrewaju(ad5430e2) deadline=- last=expired/pairing_exhausted
[23:23:48] 20c3cefc stage=null flow=expired radius=10km/10km qpos=3 pro=Oluwatosin Temitope Olanrewaju(ad5430e2) deadline=- last=expired/pairing_exhausted
[23:23:53] 20c3cefc stage=null flow=expired radius=10km/10km qpos=3 pro=Oluwatosin Temitope Olanrewaju(ad5430e2) deadline=- last=expired/pairing_exhausted
[23:23:59] 20c3cefc stage=null flow=expired radius=10km/10km qpos=3 pro=Oluwatosin Temitope Olanrewaju(ad5430e2) deadline=- last=expired/pairing_exhausted
[23:24:04] 20c3cefc stage=null flow=expired radius=10km/10km qpos=3 pro=Oluwatosin Temitope Olanrewaju(ad5430e2) deadline=- last=expired/pairing_exhausted
[23:24:10] 20c3cefc stage=null flow=expired radius=10km/10km qpos=3 pro=Oluwatosin Temitope Olanrewaju(ad5430e2) deadline=- last=expired/pairing_exhausted
[23:24:16] 20c3cefc stage=null flow=expired radius=10km/10km qpos=3 pro=Oluwatosin Temitope Olanrewaju(ad5430e2) deadline=- last=expired/pairing_exhausted
[23:24:22] 20c3cefc stage=null flow=expired radius=10km/10km qpos=3 pro=Oluwatosin Temitope Olanrewaju(ad5430e2) deadline=- last=expired/pairing_exhausted
[23:24:27] 20c3cefc stage=null flow=expired radius=10km/10km qpos=3 pro=Oluwatosin Temitope Olanrewaju(ad5430e2) deadline=- last=expired/pairing_exhausted
[23:24:33] 20c3cefc stage=null flow=expired radius=10km/10km qpos=3 pro=Oluwatosin Temitope Olanrewaju(ad5430e2) deadline=- last=expired/pairing_exhausted
[23:24:38] 20c3cefc stage=null flow=expired radius=10km/10km qpos=3 pro=Oluwatosin Temitope Olanrewaju(ad5430e2) deadline=- last=expired/pairing_exhausted
[23:24:44] 20c3cefc stage=null flow=expired radius=10km/10km qpos=3 pro=Oluwatosin Temitope Olanrewaju(ad5430e2) deadline=- last=expired/pairing_exhausted
[23:24:49] 20c3cefc stage=null flow=expired radius=10km/10km qpos=3 pro=Oluwatosin Temitope Olanrewaju(ad5430e2) deadline=- last=expired/pairing_exhausted
[23:24:55] 20c3cefc stage=null flow=expired radius=10km/10km qpos=3 pro=Oluwatosin Temitope Olanrewaju(ad5430e2) deadline=- last=expired/pairing_exhausted
[23:25:00] 20c3cefc stage=null flow=expired radius=10km/10km qpos=3 pro=Oluwatosin Temitope Olanrewaju(ad5430e2) deadline=- last=expired/pairing_exhausted
[23:25:06] 20c3cefc stage=null flow=expired radius=10km/10km qpos=3 pro=Oluwatosin Temitope Olanrewaju(ad5430e2) deadline=- last=expired/pairing_exhausted
[23:25:12] 20c3cefc stage=null flow=expired radius=10km/10km qpos=3 pro=Oluwatosin Temitope Olanrewaju(ad5430e2) deadline=- last=expired/pairing_exhausted
[23:25:17] 20c3cefc stage=null flow=expired radius=10km/10km qpos=3 pro=Oluwatosin Temitope Olanrewaju(ad5430e2) deadline=- last=expired/pairing_exhausted
[23:25:23] 20c3cefc stage=null flow=expired radius=10km/10km qpos=3 pro=Oluwatosin Temitope Olanrewaju(ad5430e2) deadline=- last=expired/pairing_exhausted
[23:25:28] 20c3cefc stage=null flow=expired radius=10km/10km qpos=3 pro=Oluwatosin Temitope Olanrewaju(ad5430e2) deadline=- last=expired/pairing_exhausted
[23:25:34] 20c3cefc stage=null flow=expired radius=10km/10km qpos=3 pro=Oluwatosin Temitope Olanrewaju(ad5430e2) deadline=- last=expired/pairing_exhausted
[23:25:40] 20c3cefc stage=null flow=expired radius=10km/10km qpos=3 pro=Oluwatosin Temitope Olanrewaju(ad5430e2) deadline=- last=expired/pairing_exhausted
[23:25:45] 20c3cefc stage=null flow=expired radius=10km/10km qpos=3 pro=Oluwatosin Temitope Olanrewaju(ad5430e2) deadline=- last=expired/pairing_exhausted
[23:25:51] 20c3cefc stage=null flow=expired radius=10km/10km qpos=3 pro=Oluwatosin Temitope Olanrewaju(ad5430e2) deadline=- last=expired/pairing_exhausted
[23:25:56] 20c3cefc stage=null flow=expired radius=10km/10km qpos=3 pro=Oluwatosin Temitope Olanrewaju(ad5430e2) deadline=- last=expired/pairing_exhausted
[23:26:05] 20c3cefc stage=null flow=expired radius=10km/10km qpos=3 pro=Oluwatosin Temitope Olanrewaju(ad5430e2) deadline=- last=expired/pairing_exhausted
[23:26:11] 20c3cefc stage=null flow=expired radius=10km/10km qpos=3 pro=Oluwatosin Temitope Olanrewaju(ad5430e2) deadline=- last=expired/pairing_exhausted
[23:26:16] 20c3cefc stage=null flow=expired radius=10km/10km qpos=3 pro=Oluwatosin Temitope Olanrewaju(ad5430e2) deadline=- last=expired/pairing_exhausted
[23:26:22] 20c3cefc stage=null flow=expired radius=10km/10km qpos=3 pro=Oluwatosin Temitope Olanrewaju(ad5430e2) deadline=- last=expired/pairing_exhausted
[23:26:28] 20c3cefc stage=null flow=expired radius=10km/10km qpos=3 pro=Oluwatosin Temitope Olanrewaju(ad5430e2) deadline=- last=expired/pairing_exhausted
[23:26:33] 20c3cefc stage=null flow=expired radius=10km/10km qpos=3 pro=Oluwatosin Temitope Olanrewaju(ad5430e2) deadline=- last=expired/pairing_exhausted
[23:26:39] 20c3cefc stage=null flow=expired radius=10km/10km qpos=3 pro=Oluwatosin Temitope Olanrewaju(ad5430e2) deadline=- last=expired/pairing_exhausted
[23:26:44] 20c3cefc stage=null flow=expired radius=10km/10km qpos=3 pro=Oluwatosin Temitope Olanrewaju(ad5430e2) deadline=- last=expired/pairing_exhausted
[23:26:50] 20c3cefc stage=null flow=expired radius=10km/10km qpos=3 pro=Oluwatosin Temitope Olanrewaju(ad5430e2) deadline=- last=expired/pairing_exhausted
[23:26:55] 20c3cefc stage=null flow=expired radius=10km/10km qpos=3 pro=Oluwatosin Temitope Olanrewaju(ad5430e2) deadline=- last=expired/pairing_exhausted
[23:27:01] 20c3cefc stage=null flow=expired radius=10km/10km qpos=3 pro=Oluwatosin Temitope Olanrewaju(ad5430e2) deadline=- last=expired/pairing_exhausted
[23:27:07] 20c3cefc stage=null flow=expired radius=10km/10km qpos=3 pro=Oluwatosin Temitope Olanrewaju(ad5430e2) deadline=- last=expired/pairing_exhausted
[23:27:12] 20c3cefc stage=null flow=expired radius=10km/10km qpos=3 pro=Oluwatosin Temitope Olanrewaju(ad5430e2) deadline=- last=expired/pairing_exhausted
[23:27:18] 20c3cefc stage=null flow=expired radius=10km/10km qpos=3 pro=Oluwatosin Temitope Olanrewaju(ad5430e2) deadline=- last=expired/pairing_exhausted
[23:27:24] 20c3cefc stage=null flow=expired radius=10km/10km qpos=3 pro=Oluwatosin Temitope Olanrewaju(ad5430e2) deadline=- last=expired/pairing_exhausted
[23:27:30] 20c3cefc stage=null flow=expired radius=10km/10km qpos=3 pro=Oluwatosin Temitope Olanrewaju(ad5430e2) deadline=- last=expired/pairing_exhausted
[23:27:35] 20c3cefc stage=null flow=expired radius=10km/10km qpos=3 pro=Oluwatosin Temitope Olanrewaju(ad5430e2) deadline=- last=expired/pairing_exhausted
[23:27:41] 20c3cefc stage=null flow=expired radius=10km/10km qpos=3 pro=Oluwatosin Temitope Olanrewaju(ad5430e2) deadline=- last=expired/pairing_exhausted
[23:27:47] 20c3cefc stage=null flow=expired radius=10km/10km qpos=3 pro=Oluwatosin Temitope Olanrewaju(ad5430e2) deadline=- last=expired/pairing_exhausted
[23:27:52] 20c3cefc stage=null flow=expired radius=10km/10km qpos=3 pro=Oluwatosin Temitope Olanrewaju(ad5430e2) deadline=- last=expired/pairing_exhausted
[23:27:58] 20c3cefc stage=null flow=expired radius=10km/10km qpos=3 pro=Oluwatosin Temitope Olanrewaju(ad5430e2) deadline=- last=expired/pairing_exhausted
[23:28:03] 20c3cefc stage=null flow=expired radius=10km/10km qpos=3 pro=Oluwatosin Temitope Olanrewaju(ad5430e2) deadline=- last=expired/pairing_exhausted
[23:28:09] 20c3cefc stage=null flow=expired radius=10km/10km qpos=3 pro=Oluwatosin Temitope Olanrewaju(ad5430e2) deadline=- last=expired/pairing_exhausted
[23:28:15] 20c3cefc stage=null flow=expired radius=10km/10km qpos=3 pro=Oluwatosin Temitope Olanrewaju(ad5430e2) deadline=- last=expired/pairing_exhausted
[23:28:20] 20c3cefc stage=null flow=expired radius=10km/10km qpos=3 pro=Oluwatosin Temitope Olanrewaju(ad5430e2) deadline=- last=expired/pairing_exhausted
[23:28:26] 20c3cefc stage=null flow=expired radius=10km/10km qpos=3 pro=Oluwatosin Temitope Olanrewaju(ad5430e2) deadline=- last=expired/pairing_exhausted
[23:28:31] 20c3cefc stage=null flow=expired radius=10km/10km qpos=3 pro=Oluwatosin Temitope Olanrewaju(ad5430e2) deadline=- last=expired/pairing_exhausted
[23:28:37] 20c3cefc stage=null flow=expired radius=10km/10km qpos=3 pro=Oluwatosin Temitope Olanrewaju(ad5430e2) deadline=- last=expired/pairing_exhausted
[23:28:42] 20c3cefc stage=null flow=expired radius=10km/10km qpos=3 pro=Oluwatosin Temitope Olanrewaju(ad5430e2) deadline=- last=expired/pairing_exhausted
[23:28:48] 20c3cefc stage=null flow=expired radius=10km/10km qpos=3 pro=Oluwatosin Temitope Olanrewaju(ad5430e2) deadline=- last=expired/pairing_exhausted
[23:28:53] 20c3cefc stage=null flow=expired radius=10km/10km qpos=3 pro=Oluwatosin Temitope Olanrewaju(ad5430e2) deadline=- last=expired/pairing_exhausted
[23:28:59] 20c3cefc stage=null flow=expired radius=10km/10km qpos=3 pro=Oluwatosin Temitope Olanrewaju(ad5430e2) deadline=- last=expired/pairing_exhausted
[23:29:04] 20c3cefc stage=null flow=expired radius=10km/10km qpos=3 pro=Oluwatosin Temitope Olanrewaju(ad5430e2) deadline=- last=expired/pairing_exhausted
[23:29:10] 20c3cefc stage=null flow=expired radius=10km/10km qpos=3 pro=Oluwatosin Temitope Olanrewaju(ad5430e2) deadline=- last=expired/pairing_exhausted
[23:29:15] 20c3cefc stage=null flow=expired radius=10km/10km qpos=3 pro=Oluwatosin Temitope Olanrewaju(ad5430e2) deadline=- last=expired/pairing_exhausted
[23:29:21] 20c3cefc stage=null flow=expired radius=10km/10km qpos=3 pro=Oluwatosin Temitope Olanrewaju(ad5430e2) deadline=- last=expired/pairing_exhausted
[23:29:26] 20c3cefc stage=null flow=expired radius=10km/10km qpos=3 pro=Oluwatosin Temitope Olanrewaju(ad5430e2) deadline=- last=expired/pairing_exhausted
[23:29:32] 20c3cefc stage=null flow=expired radius=10km/10km qpos=3 pro=Oluwatosin Temitope Olanrewaju(ad5430e2) deadline=- last=expired/pairing_exhausted
[23:29:38] 20c3cefc stage=null flow=expired radius=10km/10km qpos=3 pro=Oluwatosin Temitope Olanrewaju(ad5430e2) deadline=- last=expired/pairing_exhausted
[23:29:43] 20c3cefc stage=null flow=expired radius=10km/10km qpos=3 pro=Oluwatosin Temitope Olanrewaju(ad5430e2) deadline=- last=expired/pairing_exhausted
[23:29:49] 20c3cefc stage=null flow=expired radius=10km/10km qpos=3 pro=Oluwatosin Temitope Olanrewaju(ad5430e2) deadline=- last=expired/pairing_exhausted
[23:29:55] 20c3cefc stage=null flow=expired radius=10km/10km qpos=3 pro=Oluwatosin Temitope Olanrewaju(ad5430e2) deadline=- last=expired/pairing_exhausted
[23:30:00] 20c3cefc stage=null flow=expired radius=10km/10km qpos=3 pro=Oluwatosin Temitope Olanrewaju(ad5430e2) deadline=- last=expired/pairing_exhausted
[23:30:06] 20c3cefc stage=null flow=expired radius=10km/10km qpos=3 pro=Oluwatosin Temitope Olanrewaju(ad5430e2) deadline=- last=expired/pairing_exhausted
[23:30:11] 20c3cefc stage=null flow=expired radius=10km/10km qpos=3 pro=Oluwatosin Temitope Olanrewaju(ad5430e2) deadline=- last=expired/pairing_exhausted
[23:30:17] 20c3cefc stage=null flow=expired radius=10km/10km qpos=3 pro=Oluwatosin Temitope Olanrewaju(ad5430e2) deadline=- last=expired/pairing_exhausted
[23:30:22] 20c3cefc stage=null flow=expired radius=10km/10km qpos=3 pro=Oluwatosin Temitope Olanrewaju(ad5430e2) deadline=- last=expired/pairing_exhausted
[23:30:28] 20c3cefc stage=null flow=expired radius=10km/10km qpos=3 pro=Oluwatosin Temitope Olanrewaju(ad5430e2) deadline=- last=expired/pairing_exhausted
[23:30:34] 20c3cefc stage=null flow=expired radius=10km/10km qpos=3 pro=Oluwatosin Temitope Olanrewaju(ad5430e2) deadline=- last=expired/pairing_exhausted
[23:30:39] 20c3cefc stage=null flow=expired radius=10km/10km qpos=3 pro=Oluwatosin Temitope Olanrewaju(ad5430e2) deadline=- last=expired/pairing_exhausted
[23:30:45] 20c3cefc stage=null flow=expired radius=10km/10km qpos=3 pro=Oluwatosin Temitope Olanrewaju(ad5430e2) deadline=- last=expired/pairing_exhausted
[23:30:50] 20c3cefc stage=null flow=expired radius=10km/10km qpos=3 pro=Oluwatosin Temitope Olanrewaju(ad5430e2) deadline=- last=expired/pairing_exhausted
[23:31:03] 20c3cefc stage=null flow=expired radius=10km/10km qpos=3 pro=Oluwatosin Temitope Olanrewaju(ad5430e2) deadline=- last=expired/pairing_exhausted
[23:31:08] 20c3cefc stage=null flow=expired radius=10km/10km qpos=3 pro=Oluwatosin Temitope Olanrewaju(ad5430e2) deadline=- last=expired/pairing_exhausted
[23:31:14] 20c3cefc stage=null flow=expired radius=10km/10km qpos=3 pro=Oluwatosin Temitope Olanrewaju(ad5430e2) deadline=- last=expired/pairing_exhausted
[23:31:19] 20c3cefc stage=null flow=expired radius=10km/10km qpos=3 pro=Oluwatosin Temitope Olanrewaju(ad5430e2) deadline=- last=expired/pairing_exhausted
[23:31:25] 20c3cefc stage=null flow=expired radius=10km/10km qpos=3 pro=Oluwatosin Temitope Olanrewaju(ad5430e2) deadline=- last=expired/pairing_exhausted
[23:31:30] 20c3cefc stage=null flow=expired radius=10km/10km qpos=3 pro=Oluwatosin Temitope Olanrewaju(ad5430e2) deadline=- last=expired/pairing_exhausted
[23:31:36] 20c3cefc stage=null flow=expired radius=10km/10km qpos=3 pro=Oluwatosin Temitope Olanrewaju(ad5430e2) deadline=- last=expired/pairing_exhausted
[23:31:41] 20c3cefc stage=null flow=expired radius=10km/10km qpos=3 pro=Oluwatosin Temitope Olanrewaju(ad5430e2) deadline=- last=expired/pairing_exhausted
[23:31:47] 20c3cefc stage=null flow=expired radius=10km/10km qpos=3 pro=Oluwatosin Temitope Olanrewaju(ad5430e2) deadline=- last=expired/pairing_exhausted
[23:31:52] 20c3cefc stage=null flow=expired radius=10km/10km qpos=3 pro=Oluwatosin Temitope Olanrewaju(ad5430e2) deadline=- last=expired/pairing_exhausted
[23:31:58] 20c3cefc stage=null flow=expired radius=10km/10km qpos=3 pro=Oluwatosin Temitope Olanrewaju(ad5430e2) deadline=- last=expired/pairing_exhausted
[23:32:04] 20c3cefc stage=null flow=expired radius=10km/10km qpos=3 pro=Oluwatosin Temitope Olanrewaju(ad5430e2) deadline=- last=expired/pairing_exhausted
[23:32:09] 20c3cefc stage=null flow=expired radius=10km/10km qpos=3 pro=Oluwatosin Temitope Olanrewaju(ad5430e2) deadline=- last=expired/pairing_exhausted
[23:32:15] 20c3cefc stage=null flow=expired radius=10km/10km qpos=3 pro=Oluwatosin Temitope Olanrewaju(ad5430e2) deadline=- last=expired/pairing_exhausted
[23:32:20] 20c3cefc stage=null flow=expired radius=10km/10km qpos=3 pro=Oluwatosin Temitope Olanrewaju(ad5430e2) deadline=- last=expired/pairing_exhausted
[23:32:26] 20c3cefc stage=null flow=expired radius=10km/10km qpos=3 pro=Oluwatosin Temitope Olanrewaju(ad5430e2) deadline=- last=expired/pairing_exhausted
[23:32:32] 20c3cefc stage=null flow=expired radius=10km/10km qpos=3 pro=Oluwatosin Temitope Olanrewaju(ad5430e2) deadline=- last=expired/pairing_exhausted
[23:32:37] 20c3cefc stage=null flow=expired radius=10km/10km qpos=3 pro=Oluwatosin Temitope Olanrewaju(ad5430e2) deadline=- last=expired/pairing_exhausted
[23:32:43] 20c3cefc stage=null flow=expired radius=10km/10km qpos=3 pro=Oluwatosin Temitope Olanrewaju(ad5430e2) deadline=- last=expired/pairing_exhausted
[23:32:48] 20c3cefc stage=null flow=expired radius=10km/10km qpos=3 pro=Oluwatosin Temitope Olanrewaju(ad5430e2) deadline=- last=expired/pairing_exhausted
[23:32:54] 20c3cefc stage=null flow=expired radius=10km/10km qpos=3 pro=Oluwatosin Temitope Olanrewaju(ad5430e2) deadline=- last=expired/pairing_exhausted
[23:32:59] 20c3cefc stage=null flow=expired radius=10km/10km qpos=3 pro=Oluwatosin Temitope Olanrewaju(ad5430e2) deadline=- last=expired/pairing_exhausted
[23:33:05] 20c3cefc stage=null flow=expired radius=10km/10km qpos=3 pro=Oluwatosin Temitope Olanrewaju(ad5430e2) deadline=- last=expired/pairing_exhausted
[23:33:11] 20c3cefc stage=null flow=expired radius=10km/10km qpos=3 pro=Oluwatosin Temitope Olanrewaju(ad5430e2) deadline=- last=expired/pairing_exhausted
[23:33:16] 20c3cefc stage=null flow=expired radius=10km/10km qpos=3 pro=Oluwatosin Temitope Olanrewaju(ad5430e2) deadline=- last=expired/pairing_exhausted
[23:33:22] 20c3cefc stage=null flow=expired radius=10km/10km qpos=3 pro=Oluwatosin Temitope Olanrewaju(ad5430e2) deadline=- last=expired/pairing_exhausted
[23:33:28] 20c3cefc stage=null flow=expired radius=10km/10km qpos=3 pro=Oluwatosin Temitope Olanrewaju(ad5430e2) deadline=- last=expired/pairing_exhausted
[23:33:33] 20c3cefc stage=null flow=expired radius=10km/10km qpos=3 pro=Oluwatosin Temitope Olanrewaju(ad5430e2) deadline=- last=expired/pairing_exhausted
[23:33:39] 20c3cefc stage=null flow=expired radius=10km/10km qpos=3 pro=Oluwatosin Temitope Olanrewaju(ad5430e2) deadline=- last=expired/pairing_exhausted
[23:33:44] 20c3cefc stage=null flow=expired radius=10km/10km qpos=3 pro=Oluwatosin Temitope Olanrewaju(ad5430e2) deadline=- last=expired/pairing_exhausted
[23:33:50] 20c3cefc stage=null flow=expired radius=10km/10km qpos=3 pro=Oluwatosin Temitope Olanrewaju(ad5430e2) deadline=- last=expired/pairing_exhausted
[23:33:55] 20c3cefc stage=null flow=expired radius=10km/10km qpos=3 pro=Oluwatosin Temitope Olanrewaju(ad5430e2) deadline=- last=expired/pairing_exhausted
[23:34:01] 20c3cefc stage=null flow=expired radius=10km/10km qpos=3 pro=Oluwatosin Temitope Olanrewaju(ad5430e2) deadline=- last=expired/pairing_exhausted
[23:34:06] 20c3cefc stage=null flow=expired radius=10km/10km qpos=3 pro=Oluwatosin Temitope Olanrewaju(ad5430e2) deadline=- last=expired/pairing_exhausted
[23:34:12] 20c3cefc stage=null flow=expired radius=10km/10km qpos=3 pro=Oluwatosin Temitope Olanrewaju(ad5430e2) deadline=- last=expired/pairing_exhausted
[23:34:17] 20c3cefc stage=null flow=expired radius=10km/10km qpos=3 pro=Oluwatosin Temitope Olanrewaju(ad5430e2) deadline=- last=expired/pairing_exhausted
[23:34:23] 20c3cefc stage=null flow=expired radius=10km/10km qpos=3 pro=Oluwatosin Temitope Olanrewaju(ad5430e2) deadline=- last=expired/pairing_exhausted
[23:34:29] 20c3cefc stage=null flow=expired radius=10km/10km qpos=3 pro=Oluwatosin Temitope Olanrewaju(ad5430e2) deadline=- last=expired/pairing_exhausted
[23:34:34] 20c3cefc stage=null flow=expired radius=10km/10km qpos=3 pro=Oluwatosin Temitope Olanrewaju(ad5430e2) deadline=- last=expired/pairing_exhausted
[23:34:40] 20c3cefc stage=null flow=expired radius=10km/10km qpos=3 pro=Oluwatosin Temitope Olanrewaju(ad5430e2) deadline=- last=expired/pairing_exhausted
[23:34:46] 20c3cefc stage=null flow=expired radius=10km/10km qpos=3 pro=Oluwatosin Temitope Olanrewaju(ad5430e2) deadline=- last=expired/pairing_exhausted
[23:34:51] 20c3cefc stage=null flow=expired radius=10km/10km qpos=3 pro=Oluwatosin Temitope Olanrewaju(ad5430e2) deadline=- last=expired/pairing_exhausted
[23:34:57] 20c3cefc stage=null flow=expired radius=10km/10km qpos=3 pro=Oluwatosin Temitope Olanrewaju(ad5430e2) deadline=- last=expired/pairing_exhausted
[23:35:02] 20c3cefc stage=null flow=expired radius=10km/10km qpos=3 pro=Oluwatosin Temitope Olanrewaju(ad5430e2) deadline=- last=expired/pairing_exhausted
[23:35:08] 20c3cefc stage=null flow=expired radius=10km/10km qpos=3 pro=Oluwatosin Temitope Olanrewaju(ad5430e2) deadline=- last=expired/pairing_exhausted
[23:35:14] 20c3cefc stage=null flow=expired radius=10km/10km qpos=3 pro=Oluwatosin Temitope Olanrewaju(ad5430e2) deadline=- last=expired/pairing_exhausted
[23:35:19] 20c3cefc stage=null flow=expired radius=10km/10km qpos=3 pro=Oluwatosin Temitope Olanrewaju(ad5430e2) deadline=- last=expired/pairing_exhausted
[23:35:25] 20c3cefc stage=null flow=expired radius=10km/10km qpos=3 pro=Oluwatosin Temitope Olanrewaju(ad5430e2) deadline=- last=expired/pairing_exhausted
[23:35:30] 20c3cefc stage=null flow=expired radius=10km/10km qpos=3 pro=Oluwatosin Temitope Olanrewaju(ad5430e2) deadline=- last=expired/pairing_exhausted
[23:35:36] 20c3cefc stage=null flow=expired radius=10km/10km qpos=3 pro=Oluwatosin Temitope Olanrewaju(ad5430e2) deadline=- last=expired/pairing_exhausted
[23:35:41] 20c3cefc stage=null flow=expired radius=10km/10km qpos=3 pro=Oluwatosin Temitope Olanrewaju(ad5430e2) deadline=- last=expired/pairing_exhausted
[23:35:47] 20c3cefc stage=null flow=expired radius=10km/10km qpos=3 pro=Oluwatosin Temitope Olanrewaju(ad5430e2) deadline=- last=expired/pairing_exhausted
[23:35:52] 20c3cefc stage=null flow=expired radius=10km/10km qpos=3 pro=Oluwatosin Temitope Olanrewaju(ad5430e2) deadline=- last=expired/pairing_exhausted
[23:35:58] 20c3cefc stage=null flow=expired radius=10km/10km qpos=3 pro=Oluwatosin Temitope Olanrewaju(ad5430e2) deadline=- last=expired/pairing_exhausted
[23:36:03] 20c3cefc stage=null flow=expired radius=10km/10km qpos=3 pro=Oluwatosin Temitope Olanrewaju(ad5430e2) deadline=- last=expired/pairing_exhausted
[23:36:09] 20c3cefc stage=null flow=expired radius=10km/10km qpos=3 pro=Oluwatosin Temitope Olanrewaju(ad5430e2) deadline=- last=expired/pairing_exhausted
[23:36:14] 20c3cefc stage=null flow=expired radius=10km/10km qpos=3 pro=Oluwatosin Temitope Olanrewaju(ad5430e2) deadline=- last=expired/pairing_exhausted
[23:36:58] 20c3cefc stage=null flow=expired radius=10km/10km qpos=3 pro=Oluwatosin Temitope Olanrewaju(ad5430e2) deadline=- last=expired/pairing_exhausted
[23:37:03] 20c3cefc stage=null flow=expired radius=10km/10km qpos=3 pro=Oluwatosin Temitope Olanrewaju(ad5430e2) deadline=- last=expired/pairing_exhausted
[23:37:09] 20c3cefc stage=null flow=expired radius=10km/10km qpos=3 pro=Oluwatosin Temitope Olanrewaju(ad5430e2) deadline=- last=expired/pairing_exhausted
[23:37:15] 20c3cefc stage=null flow=expired radius=10km/10km qpos=3 pro=Oluwatosin Temitope Olanrewaju(ad5430e2) deadline=- last=expired/pairing_exhausted
[23:37:20] 20c3cefc stage=null flow=expired radius=10km/10km qpos=3 pro=Oluwatosin Temitope Olanrewaju(ad5430e2) deadline=- last=expired/pairing_exhausted
[23:37:26] 20c3cefc stage=null flow=expired radius=10km/10km qpos=3 pro=Oluwatosin Temitope Olanrewaju(ad5430e2) deadline=- last=expired/pairing_exhausted
[23:37:32] 20c3cefc stage=null flow=expired radius=10km/10km qpos=3 pro=Oluwatosin Temitope Olanrewaju(ad5430e2) deadline=- last=expired/pairing_exhausted
[23:37:38] 20c3cefc stage=null flow=expired radius=10km/10km qpos=3 pro=Oluwatosin Temitope Olanrewaju(ad5430e2) deadline=- last=expired/pairing_exhausted
[23:37:43] 20c3cefc stage=null flow=expired radius=10km/10km qpos=3 pro=Oluwatosin Temitope Olanrewaju(ad5430e2) deadline=- last=expired/pairing_exhausted
[23:37:51] 20c3cefc stage=null flow=expired radius=10km/10km qpos=3 pro=Oluwatosin Temitope Olanrewaju(ad5430e2) deadline=- last=expired/pairing_exhausted
[23:37:57] 20c3cefc stage=null flow=expired radius=10km/10km qpos=3 pro=Oluwatosin Temitope Olanrewaju(ad5430e2) deadline=- last=expired/pairing_exhausted
[23:38:02] 20c3cefc stage=null flow=expired radius=10km/10km qpos=3 pro=Oluwatosin Temitope Olanrewaju(ad5430e2) deadline=- last=expired/pairing_exhausted
[23:38:08] 20c3cefc stage=null flow=expired radius=10km/10km qpos=3 pro=Oluwatosin Temitope Olanrewaju(ad5430e2) deadline=- last=expired/pairing_exhausted
[23:38:14] 20c3cefc stage=null flow=expired radius=10km/10km qpos=3 pro=Oluwatosin Temitope Olanrewaju(ad5430e2) deadline=- last=expired/pairing_exhausted
[23:38:20] 20c3cefc stage=null flow=expired radius=10km/10km qpos=3 pro=Oluwatosin Temitope Olanrewaju(ad5430e2) deadline=- last=expired/pairing_exhausted
[23:38:37] 20c3cefc stage=null flow=expired radius=10km/10km qpos=3 pro=Oluwatosin Temitope Olanrewaju(ad5430e2) deadline=- last=expired/pairing_exhausted
[23:38:43] 20c3cefc stage=null flow=expired radius=10km/10km qpos=3 pro=Oluwatosin Temitope Olanrewaju(ad5430e2) deadline=- last=expired/pairing_exhausted
[23:38:51] 20c3cefc stage=null flow=expired radius=10km/10km qpos=3 pro=Oluwatosin Temitope Olanrewaju(ad5430e2) deadline=- last=expired/pairing_exhausted
[23:38:56] 20c3cefc stage=null flow=expired radius=10km/10km qpos=3 pro=Oluwatosin Temitope Olanrewaju(ad5430e2) deadline=- last=expired/pairing_exhausted
[23:39:02] 20c3cefc stage=null flow=expired radius=10km/10km qpos=3 pro=Oluwatosin Temitope Olanrewaju(ad5430e2) deadline=- last=expired/pairing_exhausted
[23:39:08] 20c3cefc stage=null flow=expired radius=10km/10km qpos=3 pro=Oluwatosin Temitope Olanrewaju(ad5430e2) deadline=- last=expired/pairing_exhausted
[23:39:13] 20c3cefc stage=null flow=expired radius=10km/10km qpos=3 pro=Oluwatosin Temitope Olanrewaju(ad5430e2) deadline=- last=expired/pairing_exhausted
[23:39:19] 20c3cefc stage=null flow=expired radius=10km/10km qpos=3 pro=Oluwatosin Temitope Olanrewaju(ad5430e2) deadline=- last=expired/pairing_exhausted
[23:39:24] 20c3cefc stage=null flow=expired radius=10km/10km qpos=3 pro=Oluwatosin Temitope Olanrewaju(ad5430e2) deadline=- last=expired/pairing_exhausted
[23:39:30] 20c3cefc stage=null flow=expired radius=10km/10km qpos=3 pro=Oluwatosin Temitope Olanrewaju(ad5430e2) deadline=- last=expired/pairing_exhausted
[23:39:35] 20c3cefc stage=null flow=expired radius=10km/10km qpos=3 pro=Oluwatosin Temitope Olanrewaju(ad5430e2) deadline=- last=expired/pairing_exhausted
[23:39:41] 20c3cefc stage=null flow=expired radius=10km/10km qpos=3 pro=Oluwatosin Temitope Olanrewaju(ad5430e2) deadline=- last=expired/pairing_exhausted
[23:39:47] 20c3cefc stage=null flow=expired radius=10km/10km qpos=3 pro=Oluwatosin Temitope Olanrewaju(ad5430e2) deadline=- last=expired/pairing_exhausted
[23:39:52] 20c3cefc stage=null flow=expired radius=10km/10km qpos=3 pro=Oluwatosin Temitope Olanrewaju(ad5430e2) deadline=- last=expired/pairing_exhausted
[23:39:58] 20c3cefc stage=null flow=expired radius=10km/10km qpos=3 pro=Oluwatosin Temitope Olanrewaju(ad5430e2) deadline=- last=expired/pairing_exhausted
[23:40:04] 20c3cefc stage=null flow=expired radius=10km/10km qpos=3 pro=Oluwatosin Temitope Olanrewaju(ad5430e2) deadline=- last=expired/pairing_exhausted
[23:40:09] 20c3cefc stage=null flow=expired radius=10km/10km qpos=3 pro=Oluwatosin Temitope Olanrewaju(ad5430e2) deadline=- last=expired/pairing_exhausted
[23:40:15] 20c3cefc stage=null flow=expired radius=10km/10km qpos=3 pro=Oluwatosin Temitope Olanrewaju(ad5430e2) deadline=- last=expired/pairing_exhausted
[23:40:21] 20c3cefc stage=null flow=expired radius=10km/10km qpos=3 pro=Oluwatosin Temitope Olanrewaju(ad5430e2) deadline=- last=expired/pairing_exhausted
[23:40:26] 20c3cefc stage=null flow=expired radius=10km/10km qpos=3 pro=Oluwatosin Temitope Olanrewaju(ad5430e2) deadline=- last=expired/pairing_exhausted
[23:40:32] 20c3cefc stage=null flow=expired radius=10km/10km qpos=3 pro=Oluwatosin Temitope Olanrewaju(ad5430e2) deadline=- last=expired/pairing_exhausted
[23:40:40] 20c3cefc stage=null flow=expired radius=10km/10km qpos=3 pro=Oluwatosin Temitope Olanrewaju(ad5430e2) deadline=- last=expired/pairing_exhausted
[23:40:47] 20c3cefc stage=null flow=expired radius=10km/10km qpos=3 pro=Oluwatosin Temitope Olanrewaju(ad5430e2) deadline=- last=expired/pairing_exhausted
[23:40:55] 20c3cefc stage=null flow=expired radius=10km/10km qpos=3 pro=Oluwatosin Temitope Olanrewaju(ad5430e2) deadline=- last=expired/pairing_exhausted
[23:41:01] 20c3cefc stage=null flow=expired radius=10km/10km qpos=3 pro=Oluwatosin Temitope Olanrewaju(ad5430e2) deadline=- last=expired/pairing_exhausted
[23:41:11] 20c3cefc stage=null flow=expired radius=10km/10km qpos=3 pro=Oluwatosin Temitope Olanrewaju(ad5430e2) deadline=- last=expired/pairing_exhausted
[23:41:18] 20c3cefc stage=null flow=expired radius=10km/10km qpos=3 pro=Oluwatosin Temitope Olanrewaju(ad5430e2) deadline=- last=expired/pairing_exhausted
[23:41:25] 20c3cefc stage=null flow=expired radius=10km/10km qpos=3 pro=Oluwatosin Temitope Olanrewaju(ad5430e2) deadline=- last=expired/pairing_exhausted
[23:41:31] 20c3cefc stage=null flow=expired radius=10km/10km qpos=3 pro=Oluwatosin Temitope Olanrewaju(ad5430e2) deadline=- last=expired/pairing_exhausted
[23:41:38] 20c3cefc stage=null flow=expired radius=10km/10km qpos=3 pro=Oluwatosin Temitope Olanrewaju(ad5430e2) deadline=- last=expired/pairing_exhausted
[23:41:46] 20c3cefc stage=null flow=expired radius=10km/10km qpos=3 pro=Oluwatosin Temitope Olanrewaju(ad5430e2) deadline=- last=expired/pairing_exhausted
[23:41:54] 20c3cefc stage=null flow=expired radius=10km/10km qpos=3 pro=Oluwatosin Temitope Olanrewaju(ad5430e2) deadline=- last=expired/pairing_exhausted
[23:41:59] 20c3cefc stage=null flow=expired radius=10km/10km qpos=3 pro=Oluwatosin Temitope Olanrewaju(ad5430e2) deadline=- last=expired/pairing_exhausted
[23:42:06] 20c3cefc stage=null flow=expired radius=10km/10km qpos=3 pro=Oluwatosin Temitope Olanrewaju(ad5430e2) deadline=- last=expired/pairing_exhausted
[23:42:21] 20c3cefc stage=null flow=expired radius=10km/10km qpos=3 pro=Oluwatosin Temitope Olanrewaju(ad5430e2) deadline=- last=expired/pairing_exhausted
[23:42:28] 20c3cefc stage=null flow=expired radius=10km/10km qpos=3 pro=Oluwatosin Temitope Olanrewaju(ad5430e2) deadline=- last=expired/pairing_exhausted
[23:42:36] 20c3cefc stage=null flow=expired radius=10km/10km qpos=3 pro=Oluwatosin Temitope Olanrewaju(ad5430e2) deadline=- last=expired/pairing_exhausted
[23:42:47] 20c3cefc stage=null flow=expired radius=10km/10km qpos=3 pro=Oluwatosin Temitope Olanrewaju(ad5430e2) deadline=- last=expired/pairing_exhausted
[23:42:55] 20c3cefc stage=null flow=expired radius=10km/10km qpos=3 pro=Oluwatosin Temitope Olanrewaju(ad5430e2) deadline=- last=expired/pairing_exhausted
[23:43:02] 20c3cefc stage=null flow=expired radius=10km/10km qpos=3 pro=Oluwatosin Temitope Olanrewaju(ad5430e2) deadline=- last=expired/pairing_exhausted
[23:43:08] 20c3cefc stage=null flow=expired radius=10km/10km qpos=3 pro=Oluwatosin Temitope Olanrewaju(ad5430e2) deadline=- last=expired/pairing_exhausted
[23:43:14] 20c3cefc stage=null flow=expired radius=10km/10km qpos=3 pro=Oluwatosin Temitope Olanrewaju(ad5430e2) deadline=- last=expired/pairing_exhausted
[23:43:21] 20c3cefc stage=null flow=expired radius=10km/10km qpos=3 pro=Oluwatosin Temitope Olanrewaju(ad5430e2) deadline=- last=expired/pairing_exhausted
[23:43:26] 20c3cefc stage=null flow=expired radius=10km/10km qpos=3 pro=Oluwatosin Temitope Olanrewaju(ad5430e2) deadline=- last=expired/pairing_exhausted
[23:43:33] 20c3cefc stage=null flow=expired radius=10km/10km qpos=3 pro=Oluwatosin Temitope Olanrewaju(ad5430e2) deadline=- last=expired/pairing_exhausted
[23:43:39] 20c3cefc stage=null flow=expired radius=10km/10km qpos=3 pro=Oluwatosin Temitope Olanrewaju(ad5430e2) deadline=- last=expired/pairing_exhausted
[23:43:46] 20c3cefc stage=null flow=expired radius=10km/10km qpos=3 pro=Oluwatosin Temitope Olanrewaju(ad5430e2) deadline=- last=expired/pairing_exhausted
[23:43:52] 20c3cefc stage=null flow=expired radius=10km/10km qpos=3 pro=Oluwatosin Temitope Olanrewaju(ad5430e2) deadline=- last=expired/pairing_exhausted
[23:43:59] 20c3cefc stage=null flow=expired radius=10km/10km qpos=3 pro=Oluwatosin Temitope Olanrewaju(ad5430e2) deadline=- last=expired/pairing_exhausted
[23:44:06] 20c3cefc stage=null flow=expired radius=10km/10km qpos=3 pro=Oluwatosin Temitope Olanrewaju(ad5430e2) deadline=- last=expired/pairing_exhausted
[23:44:12] 20c3cefc stage=null flow=expired radius=10km/10km qpos=3 pro=Oluwatosin Temitope Olanrewaju(ad5430e2) deadline=- last=expired/pairing_exhausted
[23:44:18] 20c3cefc stage=null flow=expired radius=10km/10km qpos=3 pro=Oluwatosin Temitope Olanrewaju(ad5430e2) deadline=- last=expired/pairing_exhausted
[23:44:25] 20c3cefc stage=null flow=expired radius=10km/10km qpos=3 pro=Oluwatosin Temitope Olanrewaju(ad5430e2) deadline=- last=expired/pairing_exhausted
[23:44:32] 20c3cefc stage=null flow=expired radius=10km/10km qpos=3 pro=Oluwatosin Temitope Olanrewaju(ad5430e2) deadline=- last=expired/pairing_exhausted
[23:44:43] 20c3cefc stage=null flow=expired radius=10km/10km qpos=3 pro=Oluwatosin Temitope Olanrewaju(ad5430e2) deadline=- last=expired/pairing_exhausted
[23:44:50] 20c3cefc stage=null flow=expired radius=10km/10km qpos=3 pro=Oluwatosin Temitope Olanrewaju(ad5430e2) deadline=- last=expired/pairing_exhausted
[23:44:57] 20c3cefc stage=null flow=expired radius=10km/10km qpos=3 pro=Oluwatosin Temitope Olanrewaju(ad5430e2) deadline=- last=expired/pairing_exhausted
[23:49:05] 20c3cefc stage=null flow=expired radius=10km/10km qpos=3 pro=Oluwatosin Temitope Olanrewaju(ad5430e2) deadline=- last=expired/pairing_exhausted
[23:49:10] 20c3cefc stage=null flow=expired radius=10km/10km qpos=3 pro=Oluwatosin Temitope Olanrewaju(ad5430e2) deadline=- last=expired/pairing_exhausted
[23:49:16] 20c3cefc stage=null flow=expired radius=10km/10km qpos=3 pro=Oluwatosin Temitope Olanrewaju(ad5430e2) deadline=- last=expired/pairing_exhausted
[23:49:23] 20c3cefc stage=null flow=expired radius=10km/10km qpos=3 pro=Oluwatosin Temitope Olanrewaju(ad5430e2) deadline=- last=expired/pairing_exhausted
[23:49:29] 20c3cefc stage=null flow=expired radius=10km/10km qpos=3 pro=Oluwatosin Temitope Olanrewaju(ad5430e2) deadline=- last=expired/pairing_exhausted
[23:49:35] 20c3cefc stage=null flow=expired radius=10km/10km qpos=3 pro=Oluwatosin Temitope Olanrewaju(ad5430e2) deadline=- last=expired/pairing_exhausted
[23:49:40] 20c3cefc stage=null flow=expired radius=10km/10km qpos=3 pro=Oluwatosin Temitope Olanrewaju(ad5430e2) deadline=- last=expired/pairing_exhausted
[23:49:46] 20c3cefc stage=null flow=expired radius=10km/10km qpos=3 pro=Oluwatosin Temitope Olanrewaju(ad5430e2) deadline=- last=expired/pairing_exhausted
[23:49:51] 20c3cefc stage=null flow=expired radius=10km/10km qpos=3 pro=Oluwatosin Temitope Olanrewaju(ad5430e2) deadline=- last=expired/pairing_exhausted
[23:49:57] 20c3cefc stage=null flow=expired radius=10km/10km qpos=3 pro=Oluwatosin Temitope Olanrewaju(ad5430e2) deadline=- last=expired/pairing_exhausted
[23:50:02] 20c3cefc stage=null flow=expired radius=10km/10km qpos=3 pro=Oluwatosin Temitope Olanrewaju(ad5430e2) deadline=- last=expired/pairing_exhausted
[23:50:08] 20c3cefc stage=null flow=expired radius=10km/10km qpos=3 pro=Oluwatosin Temitope Olanrewaju(ad5430e2) deadline=- last=expired/pairing_exhausted
[23:50:14] 20c3cefc stage=null flow=expired radius=10km/10km qpos=3 pro=Oluwatosin Temitope Olanrewaju(ad5430e2) deadline=- last=expired/pairing_exhausted
[23:50:27] 20c3cefc stage=null flow=expired radius=10km/10km qpos=3 pro=Oluwatosin Temitope Olanrewaju(ad5430e2) deadline=- last=expired/pairing_exhausted
[23:50:33] 20c3cefc stage=null flow=expired radius=10km/10km qpos=3 pro=Oluwatosin Temitope Olanrewaju(ad5430e2) deadline=- last=expired/pairing_exhausted
[23:50:39] 20c3cefc stage=null flow=expired radius=10km/10km qpos=3 pro=Oluwatosin Temitope Olanrewaju(ad5430e2) deadline=- last=expired/pairing_exhausted
[23:50:44] 20c3cefc stage=null flow=expired radius=10km/10km qpos=3 pro=Oluwatosin Temitope Olanrewaju(ad5430e2) deadline=- last=expired/pairing_exhausted
[23:50:50] 20c3cefc stage=null flow=expired radius=10km/10km qpos=3 pro=Oluwatosin Temitope Olanrewaju(ad5430e2) deadline=- last=expired/pairing_exhausted
[23:50:55] 20c3cefc stage=null flow=expired radius=10km/10km qpos=3 pro=Oluwatosin Temitope Olanrewaju(ad5430e2) deadline=- last=expired/pairing_exhausted
[23:51:01] 20c3cefc stage=null flow=expired radius=10km/10km qpos=3 pro=Oluwatosin Temitope Olanrewaju(ad5430e2) deadline=- last=expired/pairing_exhausted
[23:51:07] 20c3cefc stage=null flow=expired radius=10km/10km qpos=3 pro=Oluwatosin Temitope Olanrewaju(ad5430e2) deadline=- last=expired/pairing_exhausted
[23:51:12] 20c3cefc stage=null flow=expired radius=10km/10km qpos=3 pro=Oluwatosin Temitope Olanrewaju(ad5430e2) deadline=- last=expired/pairing_exhausted
[23:51:18] 20c3cefc stage=null flow=expired radius=10km/10km qpos=3 pro=Oluwatosin Temitope Olanrewaju(ad5430e2) deadline=- last=expired/pairing_exhausted
[23:51:23] 20c3cefc stage=null flow=expired radius=10km/10km qpos=3 pro=Oluwatosin Temitope Olanrewaju(ad5430e2) deadline=- last=expired/pairing_exhausted
[23:51:29] 20c3cefc stage=null flow=expired radius=10km/10km qpos=3 pro=Oluwatosin Temitope Olanrewaju(ad5430e2) deadline=- last=expired/pairing_exhausted
[23:51:34] 20c3cefc stage=null flow=expired radius=10km/10km qpos=3 pro=Oluwatosin Temitope Olanrewaju(ad5430e2) deadline=- last=expired/pairing_exhausted
[23:51:40] 20c3cefc stage=null flow=expired radius=10km/10km qpos=3 pro=Oluwatosin Temitope Olanrewaju(ad5430e2) deadline=- last=expired/pairing_exhausted
[23:51:45] 20c3cefc stage=null flow=expired radius=10km/10km qpos=3 pro=Oluwatosin Temitope Olanrewaju(ad5430e2) deadline=- last=expired/pairing_exhausted
[23:51:51] 20c3cefc stage=null flow=expired radius=10km/10km qpos=3 pro=Oluwatosin Temitope Olanrewaju(ad5430e2) deadline=- last=expired/pairing_exhausted
[23:51:56] 20c3cefc stage=null flow=expired radius=10km/10km qpos=3 pro=Oluwatosin Temitope Olanrewaju(ad5430e2) deadline=- last=expired/pairing_exhausted
[23:52:02] 20c3cefc stage=null flow=expired radius=10km/10km qpos=3 pro=Oluwatosin Temitope Olanrewaju(ad5430e2) deadline=- last=expired/pairing_exhausted
[23:52:07] 20c3cefc stage=null flow=expired radius=10km/10km qpos=3 pro=Oluwatosin Temitope Olanrewaju(ad5430e2) deadline=- last=expired/pairing_exhausted
[23:52:13] 20c3cefc stage=null flow=expired radius=10km/10km qpos=3 pro=Oluwatosin Temitope Olanrewaju(ad5430e2) deadline=- last=expired/pairing_exhausted
[23:52:18] 20c3cefc stage=null flow=expired radius=10km/10km qpos=3 pro=Oluwatosin Temitope Olanrewaju(ad5430e2) deadline=- last=expired/pairing_exhausted
[23:52:24] 20c3cefc stage=null flow=expired radius=10km/10km qpos=3 pro=Oluwatosin Temitope Olanrewaju(ad5430e2) deadline=- last=expired/pairing_exhausted
[23:52:30] 20c3cefc stage=null flow=expired radius=10km/10km qpos=3 pro=Oluwatosin Temitope Olanrewaju(ad5430e2) deadline=- last=expired/pairing_exhausted
[23:52:35] 20c3cefc stage=null flow=expired radius=10km/10km qpos=3 pro=Oluwatosin Temitope Olanrewaju(ad5430e2) deadline=- last=expired/pairing_exhausted
[23:52:41] 20c3cefc stage=null flow=expired radius=10km/10km qpos=3 pro=Oluwatosin Temitope Olanrewaju(ad5430e2) deadline=- last=expired/pairing_exhausted
[23:52:46] 20c3cefc stage=null flow=expired radius=10km/10km qpos=3 pro=Oluwatosin Temitope Olanrewaju(ad5430e2) deadline=- last=expired/pairing_exhausted
[23:52:52] 20c3cefc stage=null flow=expired radius=10km/10km qpos=3 pro=Oluwatosin Temitope Olanrewaju(ad5430e2) deadline=- last=expired/pairing_exhausted
[23:52:57] 20c3cefc stage=null flow=expired radius=10km/10km qpos=3 pro=Oluwatosin Temitope Olanrewaju(ad5430e2) deadline=- last=expired/pairing_exhausted
[23:53:03] 20c3cefc stage=null flow=expired radius=10km/10km qpos=3 pro=Oluwatosin Temitope Olanrewaju(ad5430e2) deadline=- last=expired/pairing_exhausted
[23:53:08] 20c3cefc stage=null flow=expired radius=10km/10km qpos=3 pro=Oluwatosin Temitope Olanrewaju(ad5430e2) deadline=- last=expired/pairing_exhausted
[23:53:14] 20c3cefc stage=null flow=expired radius=10km/10km qpos=3 pro=Oluwatosin Temitope Olanrewaju(ad5430e2) deadline=- last=expired/pairing_exhausted
[23:53:19] 20c3cefc stage=null flow=expired radius=10km/10km qpos=3 pro=Oluwatosin Temitope Olanrewaju(ad5430e2) deadline=- last=expired/pairing_exhausted
[23:53:25] 20c3cefc stage=null flow=expired radius=10km/10km qpos=3 pro=Oluwatosin Temitope Olanrewaju(ad5430e2) deadline=- last=expired/pairing_exhausted
[23:53:31] 20c3cefc stage=null flow=expired radius=10km/10km qpos=3 pro=Oluwatosin Temitope Olanrewaju(ad5430e2) deadline=- last=expired/pairing_exhausted
[23:53:36] 20c3cefc stage=null flow=expired radius=10km/10km qpos=3 pro=Oluwatosin Temitope Olanrewaju(ad5430e2) deadline=- last=expired/pairing_exhausted
[23:53:42] 20c3cefc stage=null flow=expired radius=10km/10km qpos=3 pro=Oluwatosin Temitope Olanrewaju(ad5430e2) deadline=- last=expired/pairing_exhausted
[23:53:47] 20c3cefc stage=null flow=expired radius=10km/10km qpos=3 pro=Oluwatosin Temitope Olanrewaju(ad5430e2) deadline=- last=expired/pairing_exhausted
[23:53:53] 20c3cefc stage=null flow=expired radius=10km/10km qpos=3 pro=Oluwatosin Temitope Olanrewaju(ad5430e2) deadline=- last=expired/pairing_exhausted
[23:53:58] 20c3cefc stage=null flow=expired radius=10km/10km qpos=3 pro=Oluwatosin Temitope Olanrewaju(ad5430e2) deadline=- last=expired/pairing_exhausted
[23:54:04] 20c3cefc stage=null flow=expired radius=10km/10km qpos=3 pro=Oluwatosin Temitope Olanrewaju(ad5430e2) deadline=- last=expired/pairing_exhausted
[23:54:09] 20c3cefc stage=null flow=expired radius=10km/10km qpos=3 pro=Oluwatosin Temitope Olanrewaju(ad5430e2) deadline=- last=expired/pairing_exhausted
[23:54:15] 20c3cefc stage=null flow=expired radius=10km/10km qpos=3 pro=Oluwatosin Temitope Olanrewaju(ad5430e2) deadline=- last=expired/pairing_exhausted
[23:54:20] 20c3cefc stage=null flow=expired radius=10km/10km qpos=3 pro=Oluwatosin Temitope Olanrewaju(ad5430e2) deadline=- last=expired/pairing_exhausted
[23:54:26] 20c3cefc stage=null flow=expired radius=10km/10km qpos=3 pro=Oluwatosin Temitope Olanrewaju(ad5430e2) deadline=- last=expired/pairing_exhausted
[23:54:31] 20c3cefc stage=null flow=expired radius=10km/10km qpos=3 pro=Oluwatosin Temitope Olanrewaju(ad5430e2) deadline=- last=expired/pairing_exhausted
[23:54:37] 20c3cefc stage=null flow=expired radius=10km/10km qpos=3 pro=Oluwatosin Temitope Olanrewaju(ad5430e2) deadline=- last=expired/pairing_exhausted
[23:54:42] 20c3cefc stage=null flow=expired radius=10km/10km qpos=3 pro=Oluwatosin Temitope Olanrewaju(ad5430e2) deadline=- last=expired/pairing_exhausted
[23:54:48] 20c3cefc stage=null flow=expired radius=10km/10km qpos=3 pro=Oluwatosin Temitope Olanrewaju(ad5430e2) deadline=- last=expired/pairing_exhausted
[23:54:53] 20c3cefc stage=null flow=expired radius=10km/10km qpos=3 pro=Oluwatosin Temitope Olanrewaju(ad5430e2) deadline=- last=expired/pairing_exhausted
[23:54:59] 20c3cefc stage=null flow=expired radius=10km/10km qpos=3 pro=Oluwatosin Temitope Olanrewaju(ad5430e2) deadline=- last=expired/pairing_exhausted
[23:55:04] 20c3cefc stage=null flow=expired radius=10km/10km qpos=3 pro=Oluwatosin Temitope Olanrewaju(ad5430e2) deadline=- last=expired/pairing_exhausted
[23:55:10] 20c3cefc stage=null flow=expired radius=10km/10km qpos=3 pro=Oluwatosin Temitope Olanrewaju(ad5430e2) deadline=- last=expired/pairing_exhausted
[23:55:16] 20c3cefc stage=null flow=expired radius=10km/10km qpos=3 pro=Oluwatosin Temitope Olanrewaju(ad5430e2) deadline=- last=expired/pairing_exhausted
[23:55:21] 20c3cefc stage=null flow=expired radius=10km/10km qpos=3 pro=Oluwatosin Temitope Olanrewaju(ad5430e2) deadline=- last=expired/pairing_exhausted
[23:55:27] 20c3cefc stage=null flow=expired radius=10km/10km qpos=3 pro=Oluwatosin Temitope Olanrewaju(ad5430e2) deadline=- last=expired/pairing_exhausted
[23:55:32] 20c3cefc stage=null flow=expired radius=10km/10km qpos=3 pro=Oluwatosin Temitope Olanrewaju(ad5430e2) deadline=- last=expired/pairing_exhausted
[23:55:38] 20c3cefc stage=null flow=expired radius=10km/10km qpos=3 pro=Oluwatosin Temitope Olanrewaju(ad5430e2) deadline=- last=expired/pairing_exhausted
[23:55:43] 20c3cefc stage=null flow=expired radius=10km/10km qpos=3 pro=Oluwatosin Temitope Olanrewaju(ad5430e2) deadline=- last=expired/pairing_exhausted
[23:55:49] 20c3cefc stage=null flow=expired radius=10km/10km qpos=3 pro=Oluwatosin Temitope Olanrewaju(ad5430e2) deadline=- last=expired/pairing_exhausted
[23:55:54] 20c3cefc stage=null flow=expired radius=10km/10km qpos=3 pro=Oluwatosin Temitope Olanrewaju(ad5430e2) deadline=- last=expired/pairing_exhausted
[23:56:00] 20c3cefc stage=null flow=expired radius=10km/10km qpos=3 pro=Oluwatosin Temitope Olanrewaju(ad5430e2) deadline=- last=expired/pairing_exhausted
[23:56:05] 20c3cefc stage=null flow=expired radius=10km/10km qpos=3 pro=Oluwatosin Temitope Olanrewaju(ad5430e2) deadline=- last=expired/pairing_exhausted
[23:56:11] 20c3cefc stage=null flow=expired radius=10km/10km qpos=3 pro=Oluwatosin Temitope Olanrewaju(ad5430e2) deadline=- last=expired/pairing_exhausted
[23:56:16] 20c3cefc stage=null flow=expired radius=10km/10km qpos=3 pro=Oluwatosin Temitope Olanrewaju(ad5430e2) deadline=- last=expired/pairing_exhausted
[23:56:22] 20c3cefc stage=null flow=expired radius=10km/10km qpos=3 pro=Oluwatosin Temitope Olanrewaju(ad5430e2) deadline=- last=expired/pairing_exhausted
[23:56:28] 20c3cefc stage=null flow=expired radius=10km/10km qpos=3 pro=Oluwatosin Temitope Olanrewaju(ad5430e2) deadline=- last=expired/pairing_exhausted
[23:56:33] 20c3cefc stage=null flow=expired radius=10km/10km qpos=3 pro=Oluwatosin Temitope Olanrewaju(ad5430e2) deadline=- last=expired/pairing_exhausted
[23:56:39] 20c3cefc stage=null flow=expired radius=10km/10km qpos=3 pro=Oluwatosin Temitope Olanrewaju(ad5430e2) deadline=- last=expired/pairing_exhausted
[23:56:45] 20c3cefc stage=null flow=expired radius=10km/10km qpos=3 pro=Oluwatosin Temitope Olanrewaju(ad5430e2) deadline=- last=expired/pairing_exhausted
[23:56:50] 20c3cefc stage=null flow=expired radius=10km/10km qpos=3 pro=Oluwatosin Temitope Olanrewaju(ad5430e2) deadline=- last=expired/pairing_exhausted
[23:56:56] 20c3cefc stage=null flow=expired radius=10km/10km qpos=3 pro=Oluwatosin Temitope Olanrewaju(ad5430e2) deadline=- last=expired/pairing_exhausted
[23:57:01] 20c3cefc stage=null flow=expired radius=10km/10km qpos=3 pro=Oluwatosin Temitope Olanrewaju(ad5430e2) deadline=- last=expired/pairing_exhausted
[23:57:07] 20c3cefc stage=null flow=expired radius=10km/10km qpos=3 pro=Oluwatosin Temitope Olanrewaju(ad5430e2) deadline=- last=expired/pairing_exhausted
[23:57:12] 20c3cefc stage=null flow=expired radius=10km/10km qpos=3 pro=Oluwatosin Temitope Olanrewaju(ad5430e2) deadline=- last=expired/pairing_exhausted
[23:57:18] 20c3cefc stage=null flow=expired radius=10km/10km qpos=3 pro=Oluwatosin Temitope Olanrewaju(ad5430e2) deadline=- last=expired/pairing_exhausted
[23:57:23] 20c3cefc stage=null flow=expired radius=10km/10km qpos=3 pro=Oluwatosin Temitope Olanrewaju(ad5430e2) deadline=- last=expired/pairing_exhausted
[23:57:29] 20c3cefc stage=null flow=expired radius=10km/10km qpos=3 pro=Oluwatosin Temitope Olanrewaju(ad5430e2) deadline=- last=expired/pairing_exhausted
[23:57:34] 20c3cefc stage=null flow=expired radius=10km/10km qpos=3 pro=Oluwatosin Temitope Olanrewaju(ad5430e2) deadline=- last=expired/pairing_exhausted
[23:57:40] 20c3cefc stage=null flow=expired radius=10km/10km qpos=3 pro=Oluwatosin Temitope Olanrewaju(ad5430e2) deadline=- last=expired/pairing_exhausted
[23:57:46] 20c3cefc stage=null flow=expired radius=10km/10km qpos=3 pro=Oluwatosin Temitope Olanrewaju(ad5430e2) deadline=- last=expired/pairing_exhausted
[23:57:51] 20c3cefc stage=null flow=expired radius=10km/10km qpos=3 pro=Oluwatosin Temitope Olanrewaju(ad5430e2) deadline=- last=expired/pairing_exhausted
[23:57:57] 20c3cefc stage=null flow=expired radius=10km/10km qpos=3 pro=Oluwatosin Temitope Olanrewaju(ad5430e2) deadline=- last=expired/pairing_exhausted
[23:58:02] 20c3cefc stage=null flow=expired radius=10km/10km qpos=3 pro=Oluwatosin Temitope Olanrewaju(ad5430e2) deadline=- last=expired/pairing_exhausted
[23:58:08] 20c3cefc stage=null flow=expired radius=10km/10km qpos=3 pro=Oluwatosin Temitope Olanrewaju(ad5430e2) deadline=- last=expired/pairing_exhausted
[23:58:13] 20c3cefc stage=null flow=expired radius=10km/10km qpos=3 pro=Oluwatosin Temitope Olanrewaju(ad5430e2) deadline=- last=expired/pairing_exhausted
[23:58:19] 20c3cefc stage=null flow=expired radius=10km/10km qpos=3 pro=Oluwatosin Temitope Olanrewaju(ad5430e2) deadline=- last=expired/pairing_exhausted
[23:58:25] 20c3cefc stage=null flow=expired radius=10km/10km qpos=3 pro=Oluwatosin Temitope Olanrewaju(ad5430e2) deadline=- last=expired/pairing_exhausted
[23:58:30] 20c3cefc stage=null flow=expired radius=10km/10km qpos=3 pro=Oluwatosin Temitope Olanrewaju(ad5430e2) deadline=- last=expired/pairing_exhausted
[23:58:36] 20c3cefc stage=null flow=expired radius=10km/10km qpos=3 pro=Oluwatosin Temitope Olanrewaju(ad5430e2) deadline=- last=expired/pairing_exhausted
[23:58:41] 20c3cefc stage=null flow=expired radius=10km/10km qpos=3 pro=Oluwatosin Temitope Olanrewaju(ad5430e2) deadline=- last=expired/pairing_exhausted
[23:58:47] 20c3cefc stage=null flow=expired radius=10km/10km qpos=3 pro=Oluwatosin Temitope Olanrewaju(ad5430e2) deadline=- last=expired/pairing_exhausted
[23:58:52] 20c3cefc stage=null flow=expired radius=10km/10km qpos=3 pro=Oluwatosin Temitope Olanrewaju(ad5430e2) deadline=- last=expired/pairing_exhausted
[23:58:58] 20c3cefc stage=null flow=expired radius=10km/10km qpos=3 pro=Oluwatosin Temitope Olanrewaju(ad5430e2) deadline=- last=expired/pairing_exhausted
[23:59:03] 20c3cefc stage=null flow=expired radius=10km/10km qpos=3 pro=Oluwatosin Temitope Olanrewaju(ad5430e2) deadline=- last=expired/pairing_exhausted
[23:59:09] 20c3cefc stage=null flow=expired radius=10km/10km qpos=3 pro=Oluwatosin Temitope Olanrewaju(ad5430e2) deadline=- last=expired/pairing_exhausted
[23:59:14] 20c3cefc stage=null flow=expired radius=10km/10km qpos=3 pro=Oluwatosin Temitope Olanrewaju(ad5430e2) deadline=- last=expired/pairing_exhausted
[23:59:20] 20c3cefc stage=null flow=expired radius=10km/10km qpos=3 pro=Oluwatosin Temitope Olanrewaju(ad5430e2) deadline=- last=expired/pairing_exhausted
[23:59:25] 20c3cefc stage=null flow=expired radius=10km/10km qpos=3 pro=Oluwatosin Temitope Olanrewaju(ad5430e2) deadline=- last=expired/pairing_exhausted
[23:59:31] 20c3cefc stage=null flow=expired radius=10km/10km qpos=3 pro=Oluwatosin Temitope Olanrewaju(ad5430e2) deadline=- last=expired/pairing_exhausted
[23:59:36] 20c3cefc stage=null flow=expired radius=10km/10km qpos=3 pro=Oluwatosin Temitope Olanrewaju(ad5430e2) deadline=- last=expired/pairing_exhausted
[23:59:42] 20c3cefc stage=null flow=expired radius=10km/10km qpos=3 pro=Oluwatosin Temitope Olanrewaju(ad5430e2) deadline=- last=expired/pairing_exhausted
[23:59:47] 20c3cefc stage=null flow=expired radius=10km/10km qpos=3 pro=Oluwatosin Temitope Olanrewaju(ad5430e2) deadline=- last=expired/pairing_exhausted
[23:59:53] 20c3cefc stage=null flow=expired radius=10km/10km qpos=3 pro=Oluwatosin Temitope Olanrewaju(ad5430e2) deadline=- last=expired/pairing_exhausted
[23:59:59] 20c3cefc stage=null flow=expired radius=10km/10km qpos=3 pro=Oluwatosin Temitope Olanrewaju(ad5430e2) deadline=- last=expired/pairing_exhausted
[00:00:04] 20c3cefc stage=null flow=expired radius=10km/10km qpos=3 pro=Oluwatosin Temitope Olanrewaju(ad5430e2) deadline=- last=expired/pairing_exhausted
[00:00:10] 20c3cefc stage=null flow=expired radius=10km/10km qpos=3 pro=Oluwatosin Temitope Olanrewaju(ad5430e2) deadline=- last=expired/pairing_exhausted
[00:00:15] 20c3cefc stage=null flow=expired radius=10km/10km qpos=3 pro=Oluwatosin Temitope Olanrewaju(ad5430e2) deadline=- last=expired/pairing_exhausted
[00:00:21] 20c3cefc stage=null flow=expired radius=10km/10km qpos=3 pro=Oluwatosin Temitope Olanrewaju(ad5430e2) deadline=- last=expired/pairing_exhausted
[00:00:27] 20c3cefc stage=null flow=expired radius=10km/10km qpos=3 pro=Oluwatosin Temitope Olanrewaju(ad5430e2) deadline=- last=expired/pairing_exhausted
[00:00:32] 20c3cefc stage=null flow=expired radius=10km/10km qpos=3 pro=Oluwatosin Temitope Olanrewaju(ad5430e2) deadline=- last=expired/pairing_exhausted
[00:00:38] 20c3cefc stage=null flow=expired radius=10km/10km qpos=3 pro=Oluwatosin Temitope Olanrewaju(ad5430e2) deadline=- last=expired/pairing_exhausted
[00:00:43] 20c3cefc stage=null flow=expired radius=10km/10km qpos=3 pro=Oluwatosin Temitope Olanrewaju(ad5430e2) deadline=- last=expired/pairing_exhausted
[00:00:49] 20c3cefc stage=null flow=expired radius=10km/10km qpos=3 pro=Oluwatosin Temitope Olanrewaju(ad5430e2) deadline=- last=expired/pairing_exhausted
[00:00:54] 20c3cefc stage=null flow=expired radius=10km/10km qpos=3 pro=Oluwatosin Temitope Olanrewaju(ad5430e2) deadline=- last=expired/pairing_exhausted
[00:01:00] 20c3cefc stage=null flow=expired radius=10km/10km qpos=3 pro=Oluwatosin Temitope Olanrewaju(ad5430e2) deadline=- last=expired/pairing_exhausted
[00:01:06] 20c3cefc stage=null flow=expired radius=10km/10km qpos=3 pro=Oluwatosin Temitope Olanrewaju(ad5430e2) deadline=- last=expired/pairing_exhausted
[00:01:11] 20c3cefc stage=null flow=expired radius=10km/10km qpos=3 pro=Oluwatosin Temitope Olanrewaju(ad5430e2) deadline=- last=expired/pairing_exhausted
[00:01:17] 20c3cefc stage=null flow=expired radius=10km/10km qpos=3 pro=Oluwatosin Temitope Olanrewaju(ad5430e2) deadline=- last=expired/pairing_exhausted
[00:01:22] 20c3cefc stage=null flow=expired radius=10km/10km qpos=3 pro=Oluwatosin Temitope Olanrewaju(ad5430e2) deadline=- last=expired/pairing_exhausted
[00:01:28] 20c3cefc stage=null flow=expired radius=10km/10km qpos=3 pro=Oluwatosin Temitope Olanrewaju(ad5430e2) deadline=- last=expired/pairing_exhausted
[00:01:34] 20c3cefc stage=null flow=expired radius=10km/10km qpos=3 pro=Oluwatosin Temitope Olanrewaju(ad5430e2) deadline=- last=expired/pairing_exhausted
[00:01:39] 20c3cefc stage=null flow=expired radius=10km/10km qpos=3 pro=Oluwatosin Temitope Olanrewaju(ad5430e2) deadline=- last=expired/pairing_exhausted
[00:01:45] 20c3cefc stage=null flow=expired radius=10km/10km qpos=3 pro=Oluwatosin Temitope Olanrewaju(ad5430e2) deadline=- last=expired/pairing_exhausted
[00:01:50] 20c3cefc stage=null flow=expired radius=10km/10km qpos=3 pro=Oluwatosin Temitope Olanrewaju(ad5430e2) deadline=- last=expired/pairing_exhausted
[00:01:56] 20c3cefc stage=null flow=expired radius=10km/10km qpos=3 pro=Oluwatosin Temitope Olanrewaju(ad5430e2) deadline=- last=expired/pairing_exhausted
[00:02:01] 20c3cefc stage=null flow=expired radius=10km/10km qpos=3 pro=Oluwatosin Temitope Olanrewaju(ad5430e2) deadline=- last=expired/pairing_exhausted
[00:02:07] 20c3cefc stage=null flow=expired radius=10km/10km qpos=3 pro=Oluwatosin Temitope Olanrewaju(ad5430e2) deadline=- last=expired/pairing_exhausted
[00:02:13] 20c3cefc stage=null flow=expired radius=10km/10km qpos=3 pro=Oluwatosin Temitope Olanrewaju(ad5430e2) deadline=- last=expired/pairing_exhausted
[00:02:18] 20c3cefc stage=null flow=expired radius=10km/10km qpos=3 pro=Oluwatosin Temitope Olanrewaju(ad5430e2) deadline=- last=expired/pairing_exhausted
[00:02:24] 20c3cefc stage=null flow=expired radius=10km/10km qpos=3 pro=Oluwatosin Temitope Olanrewaju(ad5430e2) deadline=- last=expired/pairing_exhausted
[00:02:29] 20c3cefc stage=null flow=expired radius=10km/10km qpos=3 pro=Oluwatosin Temitope Olanrewaju(ad5430e2) deadline=- last=expired/pairing_exhausted
[00:02:35] 20c3cefc stage=null flow=expired radius=10km/10km qpos=3 pro=Oluwatosin Temitope Olanrewaju(ad5430e2) deadline=- last=expired/pairing_exhausted
[00:02:40] 20c3cefc stage=null flow=expired radius=10km/10km qpos=3 pro=Oluwatosin Temitope Olanrewaju(ad5430e2) deadline=- last=expired/pairing_exhausted
[00:02:46] 20c3cefc stage=null flow=expired radius=10km/10km qpos=3 pro=Oluwatosin Temitope Olanrewaju(ad5430e2) deadline=- last=expired/pairing_exhausted
[00:02:51] 20c3cefc stage=null flow=expired radius=10km/10km qpos=3 pro=Oluwatosin Temitope Olanrewaju(ad5430e2) deadline=- last=expired/pairing_exhausted
[00:02:57] 20c3cefc stage=null flow=expired radius=10km/10km qpos=3 pro=Oluwatosin Temitope Olanrewaju(ad5430e2) deadline=- last=expired/pairing_exhausted
[00:03:03] 20c3cefc stage=null flow=expired radius=10km/10km qpos=3 pro=Oluwatosin Temitope Olanrewaju(ad5430e2) deadline=- last=expired/pairing_exhausted
[00:03:08] 20c3cefc stage=null flow=expired radius=10km/10km qpos=3 pro=Oluwatosin Temitope Olanrewaju(ad5430e2) deadline=- last=expired/pairing_exhausted
[00:03:14] 20c3cefc stage=null flow=expired radius=10km/10km qpos=3 pro=Oluwatosin Temitope Olanrewaju(ad5430e2) deadline=- last=expired/pairing_exhausted
[00:03:19] 20c3cefc stage=null flow=expired radius=10km/10km qpos=3 pro=Oluwatosin Temitope Olanrewaju(ad5430e2) deadline=- last=expired/pairing_exhausted
[00:03:25] 20c3cefc stage=null flow=expired radius=10km/10km qpos=3 pro=Oluwatosin Temitope Olanrewaju(ad5430e2) deadline=- last=expired/pairing_exhausted
[00:03:31] 20c3cefc stage=null flow=expired radius=10km/10km qpos=3 pro=Oluwatosin Temitope Olanrewaju(ad5430e2) deadline=- last=expired/pairing_exhausted
[00:03:36] 20c3cefc stage=null flow=expired radius=10km/10km qpos=3 pro=Oluwatosin Temitope Olanrewaju(ad5430e2) deadline=- last=expired/pairing_exhausted
[00:03:42] 20c3cefc stage=null flow=expired radius=10km/10km qpos=3 pro=Oluwatosin Temitope Olanrewaju(ad5430e2) deadline=- last=expired/pairing_exhausted
[00:03:47] 20c3cefc stage=null flow=expired radius=10km/10km qpos=3 pro=Oluwatosin Temitope Olanrewaju(ad5430e2) deadline=- last=expired/pairing_exhausted
[00:03:53] 20c3cefc stage=null flow=expired radius=10km/10km qpos=3 pro=Oluwatosin Temitope Olanrewaju(ad5430e2) deadline=- last=expired/pairing_exhausted
[00:03:58] 20c3cefc stage=null flow=expired radius=10km/10km qpos=3 pro=Oluwatosin Temitope Olanrewaju(ad5430e2) deadline=- last=expired/pairing_exhausted
[00:04:04] 20c3cefc stage=null flow=expired radius=10km/10km qpos=3 pro=Oluwatosin Temitope Olanrewaju(ad5430e2) deadline=- last=expired/pairing_exhausted
[00:04:09] 20c3cefc stage=null flow=expired radius=10km/10km qpos=3 pro=Oluwatosin Temitope Olanrewaju(ad5430e2) deadline=- last=expired/pairing_exhausted
[00:04:15] 20c3cefc stage=null flow=expired radius=10km/10km qpos=3 pro=Oluwatosin Temitope Olanrewaju(ad5430e2) deadline=- last=expired/pairing_exhausted
[00:04:20] 20c3cefc stage=null flow=expired radius=10km/10km qpos=3 pro=Oluwatosin Temitope Olanrewaju(ad5430e2) deadline=- last=expired/pairing_exhausted
[00:04:26] 20c3cefc stage=null flow=expired radius=10km/10km qpos=3 pro=Oluwatosin Temitope Olanrewaju(ad5430e2) deadline=- last=expired/pairing_exhausted
[00:04:32] 20c3cefc stage=null flow=expired radius=10km/10km qpos=3 pro=Oluwatosin Temitope Olanrewaju(ad5430e2) deadline=- last=expired/pairing_exhausted
[00:04:37] 20c3cefc stage=null flow=expired radius=10km/10km qpos=3 pro=Oluwatosin Temitope Olanrewaju(ad5430e2) deadline=- last=expired/pairing_exhausted
[00:04:43] 20c3cefc stage=null flow=expired radius=10km/10km qpos=3 pro=Oluwatosin Temitope Olanrewaju(ad5430e2) deadline=- last=expired/pairing_exhausted
[00:04:48] 20c3cefc stage=null flow=expired radius=10km/10km qpos=3 pro=Oluwatosin Temitope Olanrewaju(ad5430e2) deadline=- last=expired/pairing_exhausted
[00:04:54] 20c3cefc stage=null flow=expired radius=10km/10km qpos=3 pro=Oluwatosin Temitope Olanrewaju(ad5430e2) deadline=- last=expired/pairing_exhausted
[00:04:59] 20c3cefc stage=null flow=expired radius=10km/10km qpos=3 pro=Oluwatosin Temitope Olanrewaju(ad5430e2) deadline=- last=expired/pairing_exhausted
[00:05:05] 20c3cefc stage=null flow=expired radius=10km/10km qpos=3 pro=Oluwatosin Temitope Olanrewaju(ad5430e2) deadline=- last=expired/pairing_exhausted
[00:05:11] 20c3cefc stage=null flow=expired radius=10km/10km qpos=3 pro=Oluwatosin Temitope Olanrewaju(ad5430e2) deadline=- last=expired/pairing_exhausted
[00:05:16] 20c3cefc stage=null flow=expired radius=10km/10km qpos=3 pro=Oluwatosin Temitope Olanrewaju(ad5430e2) deadline=- last=expired/pairing_exhausted
[00:05:22] 20c3cefc stage=null flow=expired radius=10km/10km qpos=3 pro=Oluwatosin Temitope Olanrewaju(ad5430e2) deadline=- last=expired/pairing_exhausted
[00:05:27] 20c3cefc stage=null flow=expired radius=10km/10km qpos=3 pro=Oluwatosin Temitope Olanrewaju(ad5430e2) deadline=- last=expired/pairing_exhausted
[00:05:33] 20c3cefc stage=null flow=expired radius=10km/10km qpos=3 pro=Oluwatosin Temitope Olanrewaju(ad5430e2) deadline=- last=expired/pairing_exhausted
[00:05:38] 20c3cefc stage=null flow=expired radius=10km/10km qpos=3 pro=Oluwatosin Temitope Olanrewaju(ad5430e2) deadline=- last=expired/pairing_exhausted
[00:05:44] 20c3cefc stage=null flow=expired radius=10km/10km qpos=3 pro=Oluwatosin Temitope Olanrewaju(ad5430e2) deadline=- last=expired/pairing_exhausted
[00:05:49] 20c3cefc stage=null flow=expired radius=10km/10km qpos=3 pro=Oluwatosin Temitope Olanrewaju(ad5430e2) deadline=- last=expired/pairing_exhausted
[00:05:55] 20c3cefc stage=null flow=expired radius=10km/10km qpos=3 pro=Oluwatosin Temitope Olanrewaju(ad5430e2) deadline=- last=expired/pairing_exhausted
[00:06:00] 20c3cefc stage=null flow=expired radius=10km/10km qpos=3 pro=Oluwatosin Temitope Olanrewaju(ad5430e2) deadline=- last=expired/pairing_exhausted
[00:06:06] 20c3cefc stage=null flow=expired radius=10km/10km qpos=3 pro=Oluwatosin Temitope Olanrewaju(ad5430e2) deadline=- last=expired/pairing_exhausted
[00:06:11] 20c3cefc stage=null flow=expired radius=10km/10km qpos=3 pro=Oluwatosin Temitope Olanrewaju(ad5430e2) deadline=- last=expired/pairing_exhausted
[00:06:17] 20c3cefc stage=null flow=expired radius=10km/10km qpos=3 pro=Oluwatosin Temitope Olanrewaju(ad5430e2) deadline=- last=expired/pairing_exhausted
[00:06:22] 20c3cefc stage=null flow=expired radius=10km/10km qpos=3 pro=Oluwatosin Temitope Olanrewaju(ad5430e2) deadline=- last=expired/pairing_exhausted
[00:06:28] 20c3cefc stage=null flow=expired radius=10km/10km qpos=3 pro=Oluwatosin Temitope Olanrewaju(ad5430e2) deadline=- last=expired/pairing_exhausted
[00:06:34] 20c3cefc stage=null flow=expired radius=10km/10km qpos=3 pro=Oluwatosin Temitope Olanrewaju(ad5430e2) deadline=- last=expired/pairing_exhausted
[00:06:39] 20c3cefc stage=null flow=expired radius=10km/10km qpos=3 pro=Oluwatosin Temitope Olanrewaju(ad5430e2) deadline=- last=expired/pairing_exhausted
[00:06:45] 20c3cefc stage=null flow=expired radius=10km/10km qpos=3 pro=Oluwatosin Temitope Olanrewaju(ad5430e2) deadline=- last=expired/pairing_exhausted
[00:06:50] 20c3cefc stage=null flow=expired radius=10km/10km qpos=3 pro=Oluwatosin Temitope Olanrewaju(ad5430e2) deadline=- last=expired/pairing_exhausted
[00:06:56] 20c3cefc stage=null flow=expired radius=10km/10km qpos=3 pro=Oluwatosin Temitope Olanrewaju(ad5430e2) deadline=- last=expired/pairing_exhausted
[00:07:01] 20c3cefc stage=null flow=expired radius=10km/10km qpos=3 pro=Oluwatosin Temitope Olanrewaju(ad5430e2) deadline=- last=expired/pairing_exhausted
[00:07:07] 20c3cefc stage=null flow=expired radius=10km/10km qpos=3 pro=Oluwatosin Temitope Olanrewaju(ad5430e2) deadline=- last=expired/pairing_exhausted
[00:07:12] 20c3cefc stage=null flow=expired radius=10km/10km qpos=3 pro=Oluwatosin Temitope Olanrewaju(ad5430e2) deadline=- last=expired/pairing_exhausted
[00:07:18] 20c3cefc stage=null flow=expired radius=10km/10km qpos=3 pro=Oluwatosin Temitope Olanrewaju(ad5430e2) deadline=- last=expired/pairing_exhausted
[00:07:23] 20c3cefc stage=null flow=expired radius=10km/10km qpos=3 pro=Oluwatosin Temitope Olanrewaju(ad5430e2) deadline=- last=expired/pairing_exhausted
[00:07:29] 20c3cefc stage=null flow=expired radius=10km/10km qpos=3 pro=Oluwatosin Temitope Olanrewaju(ad5430e2) deadline=- last=expired/pairing_exhausted
[00:07:34] 20c3cefc stage=null flow=expired radius=10km/10km qpos=3 pro=Oluwatosin Temitope Olanrewaju(ad5430e2) deadline=- last=expired/pairing_exhausted
[00:07:40] 20c3cefc stage=null flow=expired radius=10km/10km qpos=3 pro=Oluwatosin Temitope Olanrewaju(ad5430e2) deadline=- last=expired/pairing_exhausted
[00:07:45] 20c3cefc stage=null flow=expired radius=10km/10km qpos=3 pro=Oluwatosin Temitope Olanrewaju(ad5430e2) deadline=- last=expired/pairing_exhausted
[00:07:51] 20c3cefc stage=null flow=expired radius=10km/10km qpos=3 pro=Oluwatosin Temitope Olanrewaju(ad5430e2) deadline=- last=expired/pairing_exhausted
[00:07:57] 20c3cefc stage=null flow=expired radius=10km/10km qpos=3 pro=Oluwatosin Temitope Olanrewaju(ad5430e2) deadline=- last=expired/pairing_exhausted
[00:08:02] 20c3cefc stage=null flow=expired radius=10km/10km qpos=3 pro=Oluwatosin Temitope Olanrewaju(ad5430e2) deadline=- last=expired/pairing_exhausted
[00:08:08] 20c3cefc stage=null flow=expired radius=10km/10km qpos=3 pro=Oluwatosin Temitope Olanrewaju(ad5430e2) deadline=- last=expired/pairing_exhausted
[00:08:13] 20c3cefc stage=null flow=expired radius=10km/10km qpos=3 pro=Oluwatosin Temitope Olanrewaju(ad5430e2) deadline=- last=expired/pairing_exhausted
[00:17:16] 20c3cefc stage=null flow=expired radius=10km/10km qpos=3 pro=Oluwatosin Temitope Olanrewaju(ad5430e2) deadline=- last=expired/pairing_exhausted
[00:17:22] 20c3cefc stage=null flow=expired radius=10km/10km qpos=3 pro=Oluwatosin Temitope Olanrewaju(ad5430e2) deadline=- last=expired/pairing_exhausted
[00:17:27] 20c3cefc stage=null flow=expired radius=10km/10km qpos=3 pro=Oluwatosin Temitope Olanrewaju(ad5430e2) deadline=- last=expired/pairing_exhausted
[00:17:33] 20c3cefc stage=null flow=expired radius=10km/10km qpos=3 pro=Oluwatosin Temitope Olanrewaju(ad5430e2) deadline=- last=expired/pairing_exhausted
[00:17:40] 20c3cefc stage=null flow=expired radius=10km/10km qpos=3 pro=Oluwatosin Temitope Olanrewaju(ad5430e2) deadline=- last=expired/pairing_exhausted
[00:17:46] 20c3cefc stage=null flow=expired radius=10km/10km qpos=3 pro=Oluwatosin Temitope Olanrewaju(ad5430e2) deadline=- last=expired/pairing_exhausted
[00:17:51] 20c3cefc stage=null flow=expired radius=10km/10km qpos=3 pro=Oluwatosin Temitope Olanrewaju(ad5430e2) deadline=- last=expired/pairing_exhausted
[00:17:57] 20c3cefc stage=null flow=expired radius=10km/10km qpos=3 pro=Oluwatosin Temitope Olanrewaju(ad5430e2) deadline=- last=expired/pairing_exhausted
[00:18:02] 20c3cefc stage=null flow=expired radius=10km/10km qpos=3 pro=Oluwatosin Temitope Olanrewaju(ad5430e2) deadline=- last=expired/pairing_exhausted
[00:18:08] 20c3cefc stage=null flow=expired radius=10km/10km qpos=3 pro=Oluwatosin Temitope Olanrewaju(ad5430e2) deadline=- last=expired/pairing_exhausted
[00:18:13] 20c3cefc stage=null flow=expired radius=10km/10km qpos=3 pro=Oluwatosin Temitope Olanrewaju(ad5430e2) deadline=- last=expired/pairing_exhausted
[00:18:19] 20c3cefc stage=null flow=expired radius=10km/10km qpos=3 pro=Oluwatosin Temitope Olanrewaju(ad5430e2) deadline=- last=expired/pairing_exhausted
[00:18:25] 20c3cefc stage=null flow=expired radius=10km/10km qpos=3 pro=Oluwatosin Temitope Olanrewaju(ad5430e2) deadline=- last=expired/pairing_exhausted
[00:18:30] 20c3cefc stage=null flow=expired radius=10km/10km qpos=3 pro=Oluwatosin Temitope Olanrewaju(ad5430e2) deadline=- last=expired/pairing_exhausted
[00:18:36] 20c3cefc stage=null flow=expired radius=10km/10km qpos=3 pro=Oluwatosin Temitope Olanrewaju(ad5430e2) deadline=- last=expired/pairing_exhausted
[00:18:41] 20c3cefc stage=null flow=expired radius=10km/10km qpos=3 pro=Oluwatosin Temitope Olanrewaju(ad5430e2) deadline=- last=expired/pairing_exhausted
[00:18:47] 20c3cefc stage=null flow=expired radius=10km/10km qpos=3 pro=Oluwatosin Temitope Olanrewaju(ad5430e2) deadline=- last=expired/pairing_exhausted
[00:18:52] 20c3cefc stage=null flow=expired radius=10km/10km qpos=3 pro=Oluwatosin Temitope Olanrewaju(ad5430e2) deadline=- last=expired/pairing_exhausted
[00:18:58] 20c3cefc stage=null flow=expired radius=10km/10km qpos=3 pro=Oluwatosin Temitope Olanrewaju(ad5430e2) deadline=- last=expired/pairing_exhausted
[00:19:03] 20c3cefc stage=null flow=expired radius=10km/10km qpos=3 pro=Oluwatosin Temitope Olanrewaju(ad5430e2) deadline=- last=expired/pairing_exhausted
[00:19:09] 20c3cefc stage=null flow=expired radius=10km/10km qpos=3 pro=Oluwatosin Temitope Olanrewaju(ad5430e2) deadline=- last=expired/pairing_exhausted
[00:19:14] 20c3cefc stage=null flow=expired radius=10km/10km qpos=3 pro=Oluwatosin Temitope Olanrewaju(ad5430e2) deadline=- last=expired/pairing_exhausted
[00:19:20] 20c3cefc stage=null flow=expired radius=10km/10km qpos=3 pro=Oluwatosin Temitope Olanrewaju(ad5430e2) deadline=- last=expired/pairing_exhausted
[00:19:25] 20c3cefc stage=null flow=expired radius=10km/10km qpos=3 pro=Oluwatosin Temitope Olanrewaju(ad5430e2) deadline=- last=expired/pairing_exhausted
[00:19:31] 20c3cefc stage=null flow=expired radius=10km/10km qpos=3 pro=Oluwatosin Temitope Olanrewaju(ad5430e2) deadline=- last=expired/pairing_exhausted
[00:19:36] 20c3cefc stage=null flow=expired radius=10km/10km qpos=3 pro=Oluwatosin Temitope Olanrewaju(ad5430e2) deadline=- last=expired/pairing_exhausted
[00:19:42] 20c3cefc stage=null flow=expired radius=10km/10km qpos=3 pro=Oluwatosin Temitope Olanrewaju(ad5430e2) deadline=- last=expired/pairing_exhausted
[00:19:47] 20c3cefc stage=null flow=expired radius=10km/10km qpos=3 pro=Oluwatosin Temitope Olanrewaju(ad5430e2) deadline=- last=expired/pairing_exhausted
[00:19:53] 20c3cefc stage=null flow=expired radius=10km/10km qpos=3 pro=Oluwatosin Temitope Olanrewaju(ad5430e2) deadline=- last=expired/pairing_exhausted
[00:19:59] 20c3cefc stage=null flow=expired radius=10km/10km qpos=3 pro=Oluwatosin Temitope Olanrewaju(ad5430e2) deadline=- last=expired/pairing_exhausted
[00:20:04] 20c3cefc stage=null flow=expired radius=10km/10km qpos=3 pro=Oluwatosin Temitope Olanrewaju(ad5430e2) deadline=- last=expired/pairing_exhausted
[00:20:10] 20c3cefc stage=null flow=expired radius=10km/10km qpos=3 pro=Oluwatosin Temitope Olanrewaju(ad5430e2) deadline=- last=expired/pairing_exhausted
[00:20:15] 20c3cefc stage=null flow=expired radius=10km/10km qpos=3 pro=Oluwatosin Temitope Olanrewaju(ad5430e2) deadline=- last=expired/pairing_exhausted
[00:20:21] 20c3cefc stage=null flow=expired radius=10km/10km qpos=3 pro=Oluwatosin Temitope Olanrewaju(ad5430e2) deadline=- last=expired/pairing_exhausted
[00:20:26] 20c3cefc stage=null flow=expired radius=10km/10km qpos=3 pro=Oluwatosin Temitope Olanrewaju(ad5430e2) deadline=- last=expired/pairing_exhausted
[00:20:32] 20c3cefc stage=null flow=expired radius=10km/10km qpos=3 pro=Oluwatosin Temitope Olanrewaju(ad5430e2) deadline=- last=expired/pairing_exhausted
[00:20:37] 20c3cefc stage=null flow=expired radius=10km/10km qpos=3 pro=Oluwatosin Temitope Olanrewaju(ad5430e2) deadline=- last=expired/pairing_exhausted
[00:20:43] 20c3cefc stage=null flow=expired radius=10km/10km qpos=3 pro=Oluwatosin Temitope Olanrewaju(ad5430e2) deadline=- last=expired/pairing_exhausted
[00:20:55] 20c3cefc stage=null flow=expired radius=10km/10km qpos=3 pro=Oluwatosin Temitope Olanrewaju(ad5430e2) deadline=- last=expired/pairing_exhausted
[00:21:01] 20c3cefc stage=null flow=expired radius=10km/10km qpos=3 pro=Oluwatosin Temitope Olanrewaju(ad5430e2) deadline=- last=expired/pairing_exhausted
[00:21:06] 20c3cefc stage=null flow=expired radius=10km/10km qpos=3 pro=Oluwatosin Temitope Olanrewaju(ad5430e2) deadline=- last=expired/pairing_exhausted
[00:21:12] 20c3cefc stage=null flow=expired radius=10km/10km qpos=3 pro=Oluwatosin Temitope Olanrewaju(ad5430e2) deadline=- last=expired/pairing_exhausted
[00:21:17] 20c3cefc stage=null flow=expired radius=10km/10km qpos=3 pro=Oluwatosin Temitope Olanrewaju(ad5430e2) deadline=- last=expired/pairing_exhausted
[00:21:23] 20c3cefc stage=null flow=expired radius=10km/10km qpos=3 pro=Oluwatosin Temitope Olanrewaju(ad5430e2) deadline=- last=expired/pairing_exhausted
[00:21:28] 20c3cefc stage=null flow=expired radius=10km/10km qpos=3 pro=Oluwatosin Temitope Olanrewaju(ad5430e2) deadline=- last=expired/pairing_exhausted
[00:21:34] 20c3cefc stage=null flow=expired radius=10km/10km qpos=3 pro=Oluwatosin Temitope Olanrewaju(ad5430e2) deadline=- last=expired/pairing_exhausted
[00:21:39] 20c3cefc stage=null flow=expired radius=10km/10km qpos=3 pro=Oluwatosin Temitope Olanrewaju(ad5430e2) deadline=- last=expired/pairing_exhausted
[00:21:45] 20c3cefc stage=null flow=expired radius=10km/10km qpos=3 pro=Oluwatosin Temitope Olanrewaju(ad5430e2) deadline=- last=expired/pairing_exhausted
[00:21:50] 20c3cefc stage=null flow=expired radius=10km/10km qpos=3 pro=Oluwatosin Temitope Olanrewaju(ad5430e2) deadline=- last=expired/pairing_exhausted
[00:21:56] 20c3cefc stage=null flow=expired radius=10km/10km qpos=3 pro=Oluwatosin Temitope Olanrewaju(ad5430e2) deadline=- last=expired/pairing_exhausted
[00:22:01] 20c3cefc stage=null flow=expired radius=10km/10km qpos=3 pro=Oluwatosin Temitope Olanrewaju(ad5430e2) deadline=- last=expired/pairing_exhausted
[00:22:07] 20c3cefc stage=null flow=expired radius=10km/10km qpos=3 pro=Oluwatosin Temitope Olanrewaju(ad5430e2) deadline=- last=expired/pairing_exhausted
[00:22:13] 20c3cefc stage=null flow=expired radius=10km/10km qpos=3 pro=Oluwatosin Temitope Olanrewaju(ad5430e2) deadline=- last=expired/pairing_exhausted
[00:22:18] 20c3cefc stage=null flow=expired radius=10km/10km qpos=3 pro=Oluwatosin Temitope Olanrewaju(ad5430e2) deadline=- last=expired/pairing_exhausted
[00:22:24] 20c3cefc stage=null flow=expired radius=10km/10km qpos=3 pro=Oluwatosin Temitope Olanrewaju(ad5430e2) deadline=- last=expired/pairing_exhausted
[00:22:29] 20c3cefc stage=null flow=expired radius=10km/10km qpos=3 pro=Oluwatosin Temitope Olanrewaju(ad5430e2) deadline=- last=expired/pairing_exhausted
[00:22:35] 20c3cefc stage=null flow=expired radius=10km/10km qpos=3 pro=Oluwatosin Temitope Olanrewaju(ad5430e2) deadline=- last=expired/pairing_exhausted
[00:22:40] 20c3cefc stage=null flow=expired radius=10km/10km qpos=3 pro=Oluwatosin Temitope Olanrewaju(ad5430e2) deadline=- last=expired/pairing_exhausted
[00:22:46] 20c3cefc stage=null flow=expired radius=10km/10km qpos=3 pro=Oluwatosin Temitope Olanrewaju(ad5430e2) deadline=- last=expired/pairing_exhausted
[00:22:51] 20c3cefc stage=null flow=expired radius=10km/10km qpos=3 pro=Oluwatosin Temitope Olanrewaju(ad5430e2) deadline=- last=expired/pairing_exhausted
[00:22:57] 20c3cefc stage=null flow=expired radius=10km/10km qpos=3 pro=Oluwatosin Temitope Olanrewaju(ad5430e2) deadline=- last=expired/pairing_exhausted
[00:23:02] 20c3cefc stage=null flow=expired radius=10km/10km qpos=3 pro=Oluwatosin Temitope Olanrewaju(ad5430e2) deadline=- last=expired/pairing_exhausted
[00:23:08] 20c3cefc stage=null flow=expired radius=10km/10km qpos=3 pro=Oluwatosin Temitope Olanrewaju(ad5430e2) deadline=- last=expired/pairing_exhausted
[00:23:13] 20c3cefc stage=null flow=expired radius=10km/10km qpos=3 pro=Oluwatosin Temitope Olanrewaju(ad5430e2) deadline=- last=expired/pairing_exhausted
[00:23:19] 20c3cefc stage=null flow=expired radius=10km/10km qpos=3 pro=Oluwatosin Temitope Olanrewaju(ad5430e2) deadline=- last=expired/pairing_exhausted
[00:23:24] 20c3cefc stage=null flow=expired radius=10km/10km qpos=3 pro=Oluwatosin Temitope Olanrewaju(ad5430e2) deadline=- last=expired/pairing_exhausted
[00:23:30] 20c3cefc stage=null flow=expired radius=10km/10km qpos=3 pro=Oluwatosin Temitope Olanrewaju(ad5430e2) deadline=- last=expired/pairing_exhausted
[00:23:35] 20c3cefc stage=null flow=expired radius=10km/10km qpos=3 pro=Oluwatosin Temitope Olanrewaju(ad5430e2) deadline=- last=expired/pairing_exhausted
[00:23:41] 20c3cefc stage=null flow=expired radius=10km/10km qpos=3 pro=Oluwatosin Temitope Olanrewaju(ad5430e2) deadline=- last=expired/pairing_exhausted
[00:23:46] 20c3cefc stage=null flow=expired radius=10km/10km qpos=3 pro=Oluwatosin Temitope Olanrewaju(ad5430e2) deadline=- last=expired/pairing_exhausted
[00:23:52] 20c3cefc stage=null flow=expired radius=10km/10km qpos=3 pro=Oluwatosin Temitope Olanrewaju(ad5430e2) deadline=- last=expired/pairing_exhausted
[00:23:57] 20c3cefc stage=null flow=expired radius=10km/10km qpos=3 pro=Oluwatosin Temitope Olanrewaju(ad5430e2) deadline=- last=expired/pairing_exhausted
[00:24:03] 20c3cefc stage=null flow=expired radius=10km/10km qpos=3 pro=Oluwatosin Temitope Olanrewaju(ad5430e2) deadline=- last=expired/pairing_exhausted
[00:24:09] 20c3cefc stage=null flow=expired radius=10km/10km qpos=3 pro=Oluwatosin Temitope Olanrewaju(ad5430e2) deadline=- last=expired/pairing_exhausted
[00:24:14] 20c3cefc stage=null flow=expired radius=10km/10km qpos=3 pro=Oluwatosin Temitope Olanrewaju(ad5430e2) deadline=- last=expired/pairing_exhausted
[00:24:20] 20c3cefc stage=null flow=expired radius=10km/10km qpos=3 pro=Oluwatosin Temitope Olanrewaju(ad5430e2) deadline=- last=expired/pairing_exhausted
[00:24:25] 20c3cefc stage=null flow=expired radius=10km/10km qpos=3 pro=Oluwatosin Temitope Olanrewaju(ad5430e2) deadline=- last=expired/pairing_exhausted
[00:24:31] 20c3cefc stage=null flow=expired radius=10km/10km qpos=3 pro=Oluwatosin Temitope Olanrewaju(ad5430e2) deadline=- last=expired/pairing_exhausted
[00:24:36] 20c3cefc stage=null flow=expired radius=10km/10km qpos=3 pro=Oluwatosin Temitope Olanrewaju(ad5430e2) deadline=- last=expired/pairing_exhausted
[00:24:42] 20c3cefc stage=null flow=expired radius=10km/10km qpos=3 pro=Oluwatosin Temitope Olanrewaju(ad5430e2) deadline=- last=expired/pairing_exhausted
[00:24:47] 20c3cefc stage=null flow=expired radius=10km/10km qpos=3 pro=Oluwatosin Temitope Olanrewaju(ad5430e2) deadline=- last=expired/pairing_exhausted
[00:24:53] 20c3cefc stage=null flow=expired radius=10km/10km qpos=3 pro=Oluwatosin Temitope Olanrewaju(ad5430e2) deadline=- last=expired/pairing_exhausted
[00:24:58] 20c3cefc stage=null flow=expired radius=10km/10km qpos=3 pro=Oluwatosin Temitope Olanrewaju(ad5430e2) deadline=- last=expired/pairing_exhausted
[00:25:04] 20c3cefc stage=null flow=expired radius=10km/10km qpos=3 pro=Oluwatosin Temitope Olanrewaju(ad5430e2) deadline=- last=expired/pairing_exhausted
[00:25:09] 20c3cefc stage=null flow=expired radius=10km/10km qpos=3 pro=Oluwatosin Temitope Olanrewaju(ad5430e2) deadline=- last=expired/pairing_exhausted
[00:25:15] 20c3cefc stage=null flow=expired radius=10km/10km qpos=3 pro=Oluwatosin Temitope Olanrewaju(ad5430e2) deadline=- last=expired/pairing_exhausted
[00:25:21] 20c3cefc stage=null flow=expired radius=10km/10km qpos=3 pro=Oluwatosin Temitope Olanrewaju(ad5430e2) deadline=- last=expired/pairing_exhausted
[00:25:26] 20c3cefc stage=null flow=expired radius=10km/10km qpos=3 pro=Oluwatosin Temitope Olanrewaju(ad5430e2) deadline=- last=expired/pairing_exhausted
[00:25:32] 20c3cefc stage=null flow=expired radius=10km/10km qpos=3 pro=Oluwatosin Temitope Olanrewaju(ad5430e2) deadline=- last=expired/pairing_exhausted
[00:25:37] 20c3cefc stage=null flow=expired radius=10km/10km qpos=3 pro=Oluwatosin Temitope Olanrewaju(ad5430e2) deadline=- last=expired/pairing_exhausted
[00:25:43] 20c3cefc stage=null flow=expired radius=10km/10km qpos=3 pro=Oluwatosin Temitope Olanrewaju(ad5430e2) deadline=- last=expired/pairing_exhausted
[00:25:48] 20c3cefc stage=null flow=expired radius=10km/10km qpos=3 pro=Oluwatosin Temitope Olanrewaju(ad5430e2) deadline=- last=expired/pairing_exhausted
[00:25:54] 20c3cefc stage=null flow=expired radius=10km/10km qpos=3 pro=Oluwatosin Temitope Olanrewaju(ad5430e2) deadline=- last=expired/pairing_exhausted
[00:25:59] 20c3cefc stage=null flow=expired radius=10km/10km qpos=3 pro=Oluwatosin Temitope Olanrewaju(ad5430e2) deadline=- last=expired/pairing_exhausted
[00:26:05] 20c3cefc stage=null flow=expired radius=10km/10km qpos=3 pro=Oluwatosin Temitope Olanrewaju(ad5430e2) deadline=- last=expired/pairing_exhausted
[00:26:10] 20c3cefc stage=null flow=expired radius=10km/10km qpos=3 pro=Oluwatosin Temitope Olanrewaju(ad5430e2) deadline=- last=expired/pairing_exhausted
[00:26:16] 20c3cefc stage=null flow=expired radius=10km/10km qpos=3 pro=Oluwatosin Temitope Olanrewaju(ad5430e2) deadline=- last=expired/pairing_exhausted
[00:26:21] 20c3cefc stage=null flow=expired radius=10km/10km qpos=3 pro=Oluwatosin Temitope Olanrewaju(ad5430e2) deadline=- last=expired/pairing_exhausted
[00:26:27] 20c3cefc stage=null flow=expired radius=10km/10km qpos=3 pro=Oluwatosin Temitope Olanrewaju(ad5430e2) deadline=- last=expired/pairing_exhausted
[00:26:32] 20c3cefc stage=null flow=expired radius=10km/10km qpos=3 pro=Oluwatosin Temitope Olanrewaju(ad5430e2) deadline=- last=expired/pairing_exhausted
[00:26:38] 20c3cefc stage=null flow=expired radius=10km/10km qpos=3 pro=Oluwatosin Temitope Olanrewaju(ad5430e2) deadline=- last=expired/pairing_exhausted
[00:26:44] 20c3cefc stage=null flow=expired radius=10km/10km qpos=3 pro=Oluwatosin Temitope Olanrewaju(ad5430e2) deadline=- last=expired/pairing_exhausted
[00:26:49] 20c3cefc stage=null flow=expired radius=10km/10km qpos=3 pro=Oluwatosin Temitope Olanrewaju(ad5430e2) deadline=- last=expired/pairing_exhausted
[00:26:55] 20c3cefc stage=null flow=expired radius=10km/10km qpos=3 pro=Oluwatosin Temitope Olanrewaju(ad5430e2) deadline=- last=expired/pairing_exhausted
[00:27:00] 20c3cefc stage=null flow=expired radius=10km/10km qpos=3 pro=Oluwatosin Temitope Olanrewaju(ad5430e2) deadline=- last=expired/pairing_exhausted
[00:27:06] 20c3cefc stage=null flow=expired radius=10km/10km qpos=3 pro=Oluwatosin Temitope Olanrewaju(ad5430e2) deadline=- last=expired/pairing_exhausted
[00:27:11] 20c3cefc stage=null flow=expired radius=10km/10km qpos=3 pro=Oluwatosin Temitope Olanrewaju(ad5430e2) deadline=- last=expired/pairing_exhausted
[00:27:17] 20c3cefc stage=null flow=expired radius=10km/10km qpos=3 pro=Oluwatosin Temitope Olanrewaju(ad5430e2) deadline=- last=expired/pairing_exhausted
[00:27:23] 20c3cefc stage=null flow=expired radius=10km/10km qpos=3 pro=Oluwatosin Temitope Olanrewaju(ad5430e2) deadline=- last=expired/pairing_exhausted
[00:27:28] 20c3cefc stage=null flow=expired radius=10km/10km qpos=3 pro=Oluwatosin Temitope Olanrewaju(ad5430e2) deadline=- last=expired/pairing_exhausted
[00:27:34] 20c3cefc stage=null flow=expired radius=10km/10km qpos=3 pro=Oluwatosin Temitope Olanrewaju(ad5430e2) deadline=- last=expired/pairing_exhausted
[00:27:40] 20c3cefc stage=null flow=expired radius=10km/10km qpos=3 pro=Oluwatosin Temitope Olanrewaju(ad5430e2) deadline=- last=expired/pairing_exhausted
[00:27:45] 20c3cefc stage=null flow=expired radius=10km/10km qpos=3 pro=Oluwatosin Temitope Olanrewaju(ad5430e2) deadline=- last=expired/pairing_exhausted
[00:27:51] 20c3cefc stage=null flow=expired radius=10km/10km qpos=3 pro=Oluwatosin Temitope Olanrewaju(ad5430e2) deadline=- last=expired/pairing_exhausted
[00:27:56] 20c3cefc stage=null flow=expired radius=10km/10km qpos=3 pro=Oluwatosin Temitope Olanrewaju(ad5430e2) deadline=- last=expired/pairing_exhausted
[00:28:02] 20c3cefc stage=null flow=expired radius=10km/10km qpos=3 pro=Oluwatosin Temitope Olanrewaju(ad5430e2) deadline=- last=expired/pairing_exhausted
[00:28:07] 20c3cefc stage=null flow=expired radius=10km/10km qpos=3 pro=Oluwatosin Temitope Olanrewaju(ad5430e2) deadline=- last=expired/pairing_exhausted
[00:28:13] 20c3cefc stage=null flow=expired radius=10km/10km qpos=3 pro=Oluwatosin Temitope Olanrewaju(ad5430e2) deadline=- last=expired/pairing_exhausted
[00:28:18] 20c3cefc stage=null flow=expired radius=10km/10km qpos=3 pro=Oluwatosin Temitope Olanrewaju(ad5430e2) deadline=- last=expired/pairing_exhausted
[00:28:24] 20c3cefc stage=null flow=expired radius=10km/10km qpos=3 pro=Oluwatosin Temitope Olanrewaju(ad5430e2) deadline=- last=expired/pairing_exhausted
[00:28:29] 20c3cefc stage=null flow=expired radius=10km/10km qpos=3 pro=Oluwatosin Temitope Olanrewaju(ad5430e2) deadline=- last=expired/pairing_exhausted
[00:28:35] 20c3cefc stage=null flow=expired radius=10km/10km qpos=3 pro=Oluwatosin Temitope Olanrewaju(ad5430e2) deadline=- last=expired/pairing_exhausted
[00:28:40] 20c3cefc stage=null flow=expired radius=10km/10km qpos=3 pro=Oluwatosin Temitope Olanrewaju(ad5430e2) deadline=- last=expired/pairing_exhausted
[00:28:46] 20c3cefc stage=null flow=expired radius=10km/10km qpos=3 pro=Oluwatosin Temitope Olanrewaju(ad5430e2) deadline=- last=expired/pairing_exhausted
[00:28:51] 20c3cefc stage=null flow=expired radius=10km/10km qpos=3 pro=Oluwatosin Temitope Olanrewaju(ad5430e2) deadline=- last=expired/pairing_exhausted
[00:28:57] 20c3cefc stage=null flow=expired radius=10km/10km qpos=3 pro=Oluwatosin Temitope Olanrewaju(ad5430e2) deadline=- last=expired/pairing_exhausted
[00:29:02] 20c3cefc stage=null flow=expired radius=10km/10km qpos=3 pro=Oluwatosin Temitope Olanrewaju(ad5430e2) deadline=- last=expired/pairing_exhausted
[00:29:08] 20c3cefc stage=null flow=expired radius=10km/10km qpos=3 pro=Oluwatosin Temitope Olanrewaju(ad5430e2) deadline=- last=expired/pairing_exhausted
[00:29:13] 20c3cefc stage=null flow=expired radius=10km/10km qpos=3 pro=Oluwatosin Temitope Olanrewaju(ad5430e2) deadline=- last=expired/pairing_exhausted
[00:29:19] 20c3cefc stage=null flow=expired radius=10km/10km qpos=3 pro=Oluwatosin Temitope Olanrewaju(ad5430e2) deadline=- last=expired/pairing_exhausted
[00:29:25] 20c3cefc stage=null flow=expired radius=10km/10km qpos=3 pro=Oluwatosin Temitope Olanrewaju(ad5430e2) deadline=- last=expired/pairing_exhausted
[00:29:30] 20c3cefc stage=null flow=expired radius=10km/10km qpos=3 pro=Oluwatosin Temitope Olanrewaju(ad5430e2) deadline=- last=expired/pairing_exhausted
[00:29:36] 20c3cefc stage=null flow=expired radius=10km/10km qpos=3 pro=Oluwatosin Temitope Olanrewaju(ad5430e2) deadline=- last=expired/pairing_exhausted
[00:29:41] 20c3cefc stage=null flow=expired radius=10km/10km qpos=3 pro=Oluwatosin Temitope Olanrewaju(ad5430e2) deadline=- last=expired/pairing_exhausted
[00:29:47] 20c3cefc stage=null flow=expired radius=10km/10km qpos=3 pro=Oluwatosin Temitope Olanrewaju(ad5430e2) deadline=- last=expired/pairing_exhausted
[00:29:52] 20c3cefc stage=null flow=expired radius=10km/10km qpos=3 pro=Oluwatosin Temitope Olanrewaju(ad5430e2) deadline=- last=expired/pairing_exhausted
[00:29:58] 20c3cefc stage=null flow=expired radius=10km/10km qpos=3 pro=Oluwatosin Temitope Olanrewaju(ad5430e2) deadline=- last=expired/pairing_exhausted
[00:30:04] 20c3cefc stage=null flow=expired radius=10km/10km qpos=3 pro=Oluwatosin Temitope Olanrewaju(ad5430e2) deadline=- last=expired/pairing_exhausted
[00:30:09] 20c3cefc stage=null flow=expired radius=10km/10km qpos=3 pro=Oluwatosin Temitope Olanrewaju(ad5430e2) deadline=- last=expired/pairing_exhausted
[00:30:15] 20c3cefc stage=null flow=expired radius=10km/10km qpos=3 pro=Oluwatosin Temitope Olanrewaju(ad5430e2) deadline=- last=expired/pairing_exhausted
[00:30:21] 20c3cefc stage=null flow=expired radius=10km/10km qpos=3 pro=Oluwatosin Temitope Olanrewaju(ad5430e2) deadline=- last=expired/pairing_exhausted
[00:30:26] 20c3cefc stage=null flow=expired radius=10km/10km qpos=3 pro=Oluwatosin Temitope Olanrewaju(ad5430e2) deadline=- last=expired/pairing_exhausted
[00:30:32] 20c3cefc stage=null flow=expired radius=10km/10km qpos=3 pro=Oluwatosin Temitope Olanrewaju(ad5430e2) deadline=- last=expired/pairing_exhausted
[00:30:37] 20c3cefc stage=null flow=expired radius=10km/10km qpos=3 pro=Oluwatosin Temitope Olanrewaju(ad5430e2) deadline=- last=expired/pairing_exhausted
[00:30:43] 20c3cefc stage=null flow=expired radius=10km/10km qpos=3 pro=Oluwatosin Temitope Olanrewaju(ad5430e2) deadline=- last=expired/pairing_exhausted
[00:30:49] 20c3cefc stage=null flow=expired radius=10km/10km qpos=3 pro=Oluwatosin Temitope Olanrewaju(ad5430e2) deadline=- last=expired/pairing_exhausted
[00:30:54] 20c3cefc stage=null flow=expired radius=10km/10km qpos=3 pro=Oluwatosin Temitope Olanrewaju(ad5430e2) deadline=- last=expired/pairing_exhausted
[00:31:00] 20c3cefc stage=null flow=expired radius=10km/10km qpos=3 pro=Oluwatosin Temitope Olanrewaju(ad5430e2) deadline=- last=expired/pairing_exhausted
[00:31:05] 20c3cefc stage=null flow=expired radius=10km/10km qpos=3 pro=Oluwatosin Temitope Olanrewaju(ad5430e2) deadline=- last=expired/pairing_exhausted
[00:31:11] 20c3cefc stage=null flow=expired radius=10km/10km qpos=3 pro=Oluwatosin Temitope Olanrewaju(ad5430e2) deadline=- last=expired/pairing_exhausted
[00:31:16] 20c3cefc stage=null flow=expired radius=10km/10km qpos=3 pro=Oluwatosin Temitope Olanrewaju(ad5430e2) deadline=- last=expired/pairing_exhausted
[00:31:22] 20c3cefc stage=null flow=expired radius=10km/10km qpos=3 pro=Oluwatosin Temitope Olanrewaju(ad5430e2) deadline=- last=expired/pairing_exhausted
[00:31:27] 20c3cefc stage=null flow=expired radius=10km/10km qpos=3 pro=Oluwatosin Temitope Olanrewaju(ad5430e2) deadline=- last=expired/pairing_exhausted
[00:31:33] 20c3cefc stage=null flow=expired radius=10km/10km qpos=3 pro=Oluwatosin Temitope Olanrewaju(ad5430e2) deadline=- last=expired/pairing_exhausted
[00:31:38] 20c3cefc stage=null flow=expired radius=10km/10km qpos=3 pro=Oluwatosin Temitope Olanrewaju(ad5430e2) deadline=- last=expired/pairing_exhausted
[00:31:44] 20c3cefc stage=null flow=expired radius=10km/10km qpos=3 pro=Oluwatosin Temitope Olanrewaju(ad5430e2) deadline=- last=expired/pairing_exhausted
[00:31:49] 20c3cefc stage=null flow=expired radius=10km/10km qpos=3 pro=Oluwatosin Temitope Olanrewaju(ad5430e2) deadline=- last=expired/pairing_exhausted
[00:31:55] 20c3cefc stage=null flow=expired radius=10km/10km qpos=3 pro=Oluwatosin Temitope Olanrewaju(ad5430e2) deadline=- last=expired/pairing_exhausted
[00:32:00] 20c3cefc stage=null flow=expired radius=10km/10km qpos=3 pro=Oluwatosin Temitope Olanrewaju(ad5430e2) deadline=- last=expired/pairing_exhausted
[00:32:06] 20c3cefc stage=null flow=expired radius=10km/10km qpos=3 pro=Oluwatosin Temitope Olanrewaju(ad5430e2) deadline=- last=expired/pairing_exhausted
[00:32:11] 20c3cefc stage=null flow=expired radius=10km/10km qpos=3 pro=Oluwatosin Temitope Olanrewaju(ad5430e2) deadline=- last=expired/pairing_exhausted
[00:32:17] 20c3cefc stage=null flow=expired radius=10km/10km qpos=3 pro=Oluwatosin Temitope Olanrewaju(ad5430e2) deadline=- last=expired/pairing_exhausted

>>> NEW JOB e36fc6df-bce4-4099-ba3d-035f3da3aea6  stage=waiting_for_selected flow=waiting_for_selected radius_km=10 pairing_radius=1 qpos=1 pro=Oluwatosin Temitope Olanrewaju(ad5430e2)
[00:32:28] e36fc6df stage=waiting_for_selected flow=waiting_for_selected radius=1km/10km qpos=1 pro=Oluwatosin Temitope Olanrewaju(ad5430e2) deadline=00:33:24 last=waiting_for_selected/motorist
[00:32:34] e36fc6df stage=waiting_for_selected flow=waiting_for_selected radius=1km/10km qpos=1 pro=Oluwatosin Temitope Olanrewaju(ad5430e2) deadline=00:33:24 last=waiting_for_selected/motorist
[00:32:39] e36fc6df stage=waiting_for_selected flow=waiting_for_selected radius=1km/10km qpos=1 pro=Oluwatosin Temitope Olanrewaju(ad5430e2) deadline=00:33:24 last=waiting_for_selected/motorist
[00:32:45] e36fc6df stage=waiting_for_selected flow=waiting_for_selected radius=1km/10km qpos=1 pro=Oluwatosin Temitope Olanrewaju(ad5430e2) deadline=00:33:24 last=waiting_for_selected/motorist
[00:32:50] e36fc6df stage=waiting_for_selected flow=waiting_for_selected radius=1km/10km qpos=1 pro=Oluwatosin Temitope Olanrewaju(ad5430e2) deadline=00:33:24 last=waiting_for_selected/motorist
[00:32:56] e36fc6df stage=waiting_for_selected flow=waiting_for_selected radius=1km/10km qpos=1 pro=Oluwatosin Temitope Olanrewaju(ad5430e2) deadline=00:33:24 last=waiting_for_selected/motorist
[00:33:01] e36fc6df stage=waiting_for_selected flow=waiting_for_selected radius=1km/10km qpos=1 pro=Oluwatosin Temitope Olanrewaju(ad5430e2) deadline=00:33:24 last=waiting_for_selected/motorist
[00:33:07] e36fc6df stage=waiting_for_selected flow=waiting_for_selected radius=1km/10km qpos=1 pro=Oluwatosin Temitope Olanrewaju(ad5430e2) deadline=00:33:24 last=waiting_for_selected/motorist
[00:33:12] e36fc6df stage=selected_review flow=selected_review radius=1km/10km qpos=1 pro=Oluwatosin Temitope Olanrewaju(ad5430e2) deadline=00:34:18 last=selected_review/open:ad5430e2-355d-4889-a6cc-e7f1fe45d8ec
[00:33:18] e36fc6df stage=selected_review flow=selected_review radius=1km/10km qpos=1 pro=Oluwatosin Temitope Olanrewaju(ad5430e2) deadline=00:34:18 last=selected_review/open:ad5430e2-355d-4889-a6cc-e7f1fe45d8ec
[00:33:24] e36fc6df stage=negotiating flow=negotiating radius=1km/10km qpos=1 pro=Oluwatosin Temitope Olanrewaju(ad5430e2) deadline=- last=negotiating/negotiation_timer_start
[00:33:29] e36fc6df stage=negotiating flow=negotiating radius=1km/10km qpos=1 pro=Oluwatosin Temitope Olanrewaju(ad5430e2) deadline=- last=negotiating/negotiation_timer_start
[00:33:35] e36fc6df stage=negotiating flow=negotiating radius=1km/10km qpos=1 pro=Oluwatosin Temitope Olanrewaju(ad5430e2) deadline=- last=negotiating/negotiation_timer_start
[00:33:40] e36fc6df stage=negotiating flow=negotiating radius=1km/10km qpos=1 pro=Oluwatosin Temitope Olanrewaju(ad5430e2) deadline=- last=negotiating/negotiation_timer_start
[00:33:46] e36fc6df stage=negotiating flow=negotiating radius=1km/10km qpos=1 pro=Oluwatosin Temitope Olanrewaju(ad5430e2) deadline=- last=negotiating/negotiation_timer_start
[00:33:51] e36fc6df stage=negotiating flow=negotiating radius=1km/10km qpos=1 pro=Oluwatosin Temitope Olanrewaju(ad5430e2) deadline=- last=negotiating/negotiation_timer_start
[00:33:57] e36fc6df stage=negotiating flow=negotiating radius=1km/10km qpos=1 pro=Oluwatosin Temitope Olanrewaju(ad5430e2) deadline=- last=negotiating/negotiation_timer_start
[00:34:03] e36fc6df stage=negotiating flow=negotiating radius=1km/10km qpos=1 pro=Oluwatosin Temitope Olanrewaju(ad5430e2) deadline=- last=negotiating/negotiation_timer_start
[00:34:08] e36fc6df stage=negotiating flow=negotiating radius=1km/10km qpos=1 pro=Oluwatosin Temitope Olanrewaju(ad5430e2) deadline=- last=negotiating/negotiation_timer_start
[00:34:14] e36fc6df stage=negotiating flow=negotiating radius=1km/10km qpos=1 pro=Oluwatosin Temitope Olanrewaju(ad5430e2) deadline=- last=negotiating/negotiation_timer_start
[00:34:19] e36fc6df stage=negotiating flow=negotiating radius=1km/10km qpos=1 pro=Oluwatosin Temitope Olanrewaju(ad5430e2) deadline=- last=negotiating/negotiation_timer_start
[00:34:25] e36fc6df stage=negotiating flow=negotiating radius=1km/10km qpos=1 pro=Oluwatosin Temitope Olanrewaju(ad5430e2) deadline=- last=negotiating/negotiation_timer_start
[00:34:30] e36fc6df stage=negotiating flow=negotiating radius=1km/10km qpos=1 pro=Oluwatosin Temitope Olanrewaju(ad5430e2) deadline=- last=negotiating/negotiation_timer_start
[00:34:36] e36fc6df stage=negotiating flow=negotiating radius=1km/10km qpos=1 pro=Oluwatosin Temitope Olanrewaju(ad5430e2) deadline=- last=negotiating/negotiation_timer_start
[00:34:41] e36fc6df stage=negotiating flow=negotiating radius=1km/10km qpos=1 pro=Oluwatosin Temitope Olanrewaju(ad5430e2) deadline=- last=negotiating/negotiation_timer_start
[00:34:47] e36fc6df stage=negotiating flow=negotiating radius=1km/10km qpos=1 pro=Oluwatosin Temitope Olanrewaju(ad5430e2) deadline=- last=negotiating/negotiation_timer_start
[00:34:52] e36fc6df stage=negotiating flow=negotiating radius=1km/10km qpos=1 pro=Oluwatosin Temitope Olanrewaju(ad5430e2) deadline=- last=negotiating/negotiation_timer_start
[00:34:58] e36fc6df stage=negotiating flow=negotiating radius=1km/10km qpos=1 pro=Oluwatosin Temitope Olanrewaju(ad5430e2) deadline=- last=negotiating/negotiation_timer_start
[00:35:03] e36fc6df stage=negotiating flow=negotiating radius=1km/10km qpos=1 pro=Oluwatosin Temitope Olanrewaju(ad5430e2) deadline=- last=negotiating/negotiation_timer_start
[00:35:09] e36fc6df stage=negotiating flow=negotiating radius=1km/10km qpos=1 pro=Oluwatosin Temitope Olanrewaju(ad5430e2) deadline=- last=negotiating/negotiation_timer_start
[00:35:14] e36fc6df stage=negotiating flow=negotiating radius=1km/10km qpos=1 pro=Oluwatosin Temitope Olanrewaju(ad5430e2) deadline=- last=negotiating/negotiation_timer_start
[00:35:20] e36fc6df stage=negotiating flow=negotiating radius=1km/10km qpos=1 pro=Oluwatosin Temitope Olanrewaju(ad5430e2) deadline=- last=negotiating/negotiation_timer_start
[00:35:25] e36fc6df stage=negotiating flow=negotiating radius=1km/10km qpos=1 pro=Oluwatosin Temitope Olanrewaju(ad5430e2) deadline=- last=negotiating/negotiation_timer_start
[00:35:31] e36fc6df stage=negotiating flow=negotiating radius=1km/10km qpos=1 pro=Oluwatosin Temitope Olanrewaju(ad5430e2) deadline=- last=negotiating/negotiation_timer_start
[00:35:36] e36fc6df stage=negotiating flow=negotiating radius=1km/10km qpos=1 pro=Oluwatosin Temitope Olanrewaju(ad5430e2) deadline=- last=negotiating/negotiation_timer_start
[00:35:42] e36fc6df stage=negotiating flow=negotiating radius=1km/10km qpos=1 pro=Oluwatosin Temitope Olanrewaju(ad5430e2) deadline=- last=negotiating/negotiation_timer_start
[00:35:47] e36fc6df stage=negotiating flow=negotiating radius=1km/10km qpos=1 pro=Oluwatosin Temitope Olanrewaju(ad5430e2) deadline=- last=negotiating/negotiation_timer_start
[00:35:53] e36fc6df stage=negotiating flow=negotiating radius=1km/10km qpos=1 pro=Oluwatosin Temitope Olanrewaju(ad5430e2) deadline=- last=negotiating/negotiation_timer_start
[00:35:58] e36fc6df stage=negotiating flow=negotiating radius=1km/10km qpos=1 pro=Oluwatosin Temitope Olanrewaju(ad5430e2) deadline=- last=negotiating/negotiation_timer_start
[00:36:04] e36fc6df stage=negotiating flow=negotiating radius=1km/10km qpos=1 pro=Oluwatosin Temitope Olanrewaju(ad5430e2) deadline=- last=negotiating/negotiation_timer_start
[00:36:09] e36fc6df stage=negotiating flow=negotiating radius=1km/10km qpos=1 pro=Oluwatosin Temitope Olanrewaju(ad5430e2) deadline=- last=negotiating/negotiation_timer_start
[00:36:15] e36fc6df stage=negotiating flow=negotiating radius=1km/10km qpos=1 pro=Oluwatosin Temitope Olanrewaju(ad5430e2) deadline=- last=negotiating/negotiation_timer_start
[00:36:21] e36fc6df stage=negotiating flow=negotiating radius=1km/10km qpos=1 pro=Oluwatosin Temitope Olanrewaju(ad5430e2) deadline=- last=negotiating/negotiation_timer_start
[00:36:26] e36fc6df stage=negotiating flow=negotiating radius=1km/10km qpos=1 pro=Oluwatosin Temitope Olanrewaju(ad5430e2) deadline=- last=negotiating/negotiation_timer_start
[00:36:32] e36fc6df stage=negotiating flow=negotiating radius=1km/10km qpos=1 pro=Oluwatosin Temitope Olanrewaju(ad5430e2) deadline=- last=negotiating/negotiation_timer_start
[00:36:37] e36fc6df stage=negotiating flow=negotiating radius=1km/10km qpos=1 pro=Oluwatosin Temitope Olanrewaju(ad5430e2) deadline=- last=negotiating/negotiation_timer_start
[00:36:43] e36fc6df stage=negotiating flow=negotiating radius=1km/10km qpos=1 pro=Oluwatosin Temitope Olanrewaju(ad5430e2) deadline=- last=negotiating/negotiation_timer_start
[00:36:48] e36fc6df stage=negotiating flow=negotiating radius=1km/10km qpos=1 pro=Oluwatosin Temitope Olanrewaju(ad5430e2) deadline=- last=negotiating/negotiation_timer_start
[00:36:54] e36fc6df stage=negotiating flow=negotiating radius=1km/10km qpos=1 pro=Oluwatosin Temitope Olanrewaju(ad5430e2) deadline=- last=negotiating/negotiation_timer_start
[00:36:59] e36fc6df stage=negotiating flow=negotiating radius=1km/10km qpos=1 pro=Oluwatosin Temitope Olanrewaju(ad5430e2) deadline=- last=negotiating/negotiation_timer_start
[00:37:05] e36fc6df stage=negotiating flow=negotiating radius=1km/10km qpos=1 pro=Oluwatosin Temitope Olanrewaju(ad5430e2) deadline=- last=negotiating/negotiation_timer_start
[00:37:10] e36fc6df stage=negotiating flow=negotiating radius=1km/10km qpos=1 pro=Oluwatosin Temitope Olanrewaju(ad5430e2) deadline=- last=negotiating/negotiation_timer_start
[00:37:16] e36fc6df stage=negotiating flow=negotiating radius=1km/10km qpos=1 pro=Oluwatosin Temitope Olanrewaju(ad5430e2) deadline=- last=negotiating/negotiation_timer_start
[00:37:21] e36fc6df stage=negotiating flow=negotiating radius=1km/10km qpos=1 pro=Oluwatosin Temitope Olanrewaju(ad5430e2) deadline=- last=negotiating/negotiation_timer_start
[00:37:27] e36fc6df stage=negotiating flow=negotiating radius=1km/10km qpos=1 pro=Oluwatosin Temitope Olanrewaju(ad5430e2) deadline=- last=negotiating/negotiation_timer_start
[00:37:32] e36fc6df stage=negotiating flow=negotiating radius=1km/10km qpos=1 pro=Oluwatosin Temitope Olanrewaju(ad5430e2) deadline=- last=negotiating/negotiation_timer_start
[00:37:38] e36fc6df stage=negotiating flow=negotiating radius=1km/10km qpos=1 pro=Oluwatosin Temitope Olanrewaju(ad5430e2) deadline=- last=negotiating/negotiation_timer_start
[00:37:43] e36fc6df stage=negotiating flow=negotiating radius=1km/10km qpos=1 pro=Oluwatosin Temitope Olanrewaju(ad5430e2) deadline=- last=negotiating/negotiation_timer_start
[00:37:49] e36fc6df stage=negotiating flow=negotiating radius=1km/10km qpos=1 pro=Oluwatosin Temitope Olanrewaju(ad5430e2) deadline=- last=negotiating/negotiation_timer_start
[00:37:54] e36fc6df stage=negotiating flow=negotiating radius=1km/10km qpos=1 pro=Oluwatosin Temitope Olanrewaju(ad5430e2) deadline=- last=negotiating/negotiation_timer_start
[00:38:00] e36fc6df stage=negotiating flow=negotiating radius=1km/10km qpos=1 pro=Oluwatosin Temitope Olanrewaju(ad5430e2) deadline=- last=negotiating/negotiation_timer_start
[00:38:05] e36fc6df stage=negotiating flow=negotiating radius=1km/10km qpos=1 pro=Oluwatosin Temitope Olanrewaju(ad5430e2) deadline=- last=negotiating/negotiation_timer_start
[00:38:11] e36fc6df stage=negotiating flow=negotiating radius=1km/10km qpos=1 pro=Oluwatosin Temitope Olanrewaju(ad5430e2) deadline=- last=negotiating/negotiation_timer_start
[00:38:16] e36fc6df stage=negotiating flow=negotiating radius=1km/10km qpos=1 pro=Oluwatosin Temitope Olanrewaju(ad5430e2) deadline=- last=negotiating/negotiation_timer_start
[00:38:22] e36fc6df stage=negotiating flow=negotiating radius=1km/10km qpos=1 pro=Oluwatosin Temitope Olanrewaju(ad5430e2) deadline=- last=negotiating/negotiation_timer_start
[00:38:27] e36fc6df stage=negotiating flow=negotiating radius=1km/10km qpos=1 pro=Oluwatosin Temitope Olanrewaju(ad5430e2) deadline=- last=negotiating/negotiation_timer_start
[00:38:33] e36fc6df stage=negotiating flow=negotiating radius=1km/10km qpos=1 pro=Oluwatosin Temitope Olanrewaju(ad5430e2) deadline=- last=negotiating/negotiation_timer_start
[00:38:39] e36fc6df stage=negotiating flow=negotiating radius=1km/10km qpos=1 pro=Oluwatosin Temitope Olanrewaju(ad5430e2) deadline=- last=negotiating/negotiation_timer_start
[00:38:44] e36fc6df stage=negotiating flow=negotiating radius=1km/10km qpos=1 pro=Oluwatosin Temitope Olanrewaju(ad5430e2) deadline=- last=negotiating/negotiation_timer_start
[00:38:50] e36fc6df stage=negotiating flow=negotiating radius=1km/10km qpos=1 pro=Oluwatosin Temitope Olanrewaju(ad5430e2) deadline=- last=negotiating/negotiation_timer_start
[00:38:55] e36fc6df stage=negotiating flow=negotiating radius=1km/10km qpos=1 pro=Oluwatosin Temitope Olanrewaju(ad5430e2) deadline=- last=negotiating/negotiation_timer_start
[00:39:01] e36fc6df stage=negotiating flow=negotiating radius=1km/10km qpos=1 pro=Oluwatosin Temitope Olanrewaju(ad5430e2) deadline=- last=negotiating/negotiation_timer_start
[00:39:06] e36fc6df stage=negotiating flow=negotiating radius=1km/10km qpos=1 pro=Oluwatosin Temitope Olanrewaju(ad5430e2) deadline=- last=negotiating/negotiation_timer_start
[00:39:12] e36fc6df stage=negotiating flow=negotiating radius=1km/10km qpos=1 pro=Oluwatosin Temitope Olanrewaju(ad5430e2) deadline=- last=negotiating/negotiation_timer_start
[00:39:18] e36fc6df stage=negotiating flow=negotiating radius=1km/10km qpos=1 pro=Oluwatosin Temitope Olanrewaju(ad5430e2) deadline=- last=negotiating/negotiation_timer_start
[00:39:23] e36fc6df stage=negotiating flow=negotiating radius=1km/10km qpos=1 pro=Oluwatosin Temitope Olanrewaju(ad5430e2) deadline=- last=negotiating/negotiation_timer_start
[00:39:29] e36fc6df stage=negotiating flow=negotiating radius=1km/10km qpos=1 pro=Oluwatosin Temitope Olanrewaju(ad5430e2) deadline=- last=negotiating/negotiation_timer_start
[00:39:34] e36fc6df stage=negotiating flow=negotiating radius=1km/10km qpos=1 pro=Oluwatosin Temitope Olanrewaju(ad5430e2) deadline=- last=negotiating/negotiation_timer_start
[00:39:40] e36fc6df stage=negotiating flow=negotiating radius=1km/10km qpos=1 pro=Oluwatosin Temitope Olanrewaju(ad5430e2) deadline=- last=negotiating/negotiation_timer_start
[00:39:46] e36fc6df stage=negotiating flow=negotiating radius=1km/10km qpos=1 pro=Oluwatosin Temitope Olanrewaju(ad5430e2) deadline=- last=negotiating/negotiation_timer_start
[00:39:51] e36fc6df stage=negotiating flow=negotiating radius=1km/10km qpos=1 pro=Oluwatosin Temitope Olanrewaju(ad5430e2) deadline=- last=negotiating/negotiation_timer_start
[00:39:57] e36fc6df stage=negotiating flow=negotiating radius=1km/10km qpos=1 pro=Oluwatosin Temitope Olanrewaju(ad5430e2) deadline=- last=negotiating/negotiation_timer_start
[00:40:02] e36fc6df stage=negotiating flow=negotiating radius=1km/10km qpos=1 pro=Oluwatosin Temitope Olanrewaju(ad5430e2) deadline=- last=negotiating/negotiation_timer_start
[00:40:08] e36fc6df stage=negotiating flow=negotiating radius=1km/10km qpos=1 pro=Oluwatosin Temitope Olanrewaju(ad5430e2) deadline=- last=negotiating/negotiation_timer_start
[00:40:13] e36fc6df stage=negotiating flow=negotiating radius=1km/10km qpos=1 pro=Oluwatosin Temitope Olanrewaju(ad5430e2) deadline=- last=negotiating/negotiation_timer_start
[00:40:19] e36fc6df stage=negotiating flow=negotiating radius=1km/10km qpos=1 pro=Oluwatosin Temitope Olanrewaju(ad5430e2) deadline=- last=negotiating/negotiation_timer_start
[00:40:25] e36fc6df stage=negotiating flow=agreed radius=1km/10km qpos=1 pro=Oluwatosin Temitope Olanrewaju(ad5430e2) deadline=- last=agreed/motorist
[00:40:30] e36fc6df stage=negotiating flow=agreed radius=1km/10km qpos=1 pro=Oluwatosin Temitope Olanrewaju(ad5430e2) deadline=- last=agreed/motorist
[00:40:36] e36fc6df stage=negotiating flow=agreed radius=1km/10km qpos=1 pro=Oluwatosin Temitope Olanrewaju(ad5430e2) deadline=- last=agreed/motorist
[00:40:41] e36fc6df stage=negotiating flow=agreed radius=1km/10km qpos=1 pro=Oluwatosin Temitope Olanrewaju(ad5430e2) deadline=- last=agreed/motorist
[00:40:47] e36fc6df stage=negotiating flow=agreed radius=1km/10km qpos=1 pro=Oluwatosin Temitope Olanrewaju(ad5430e2) deadline=- last=agreed/motorist
[00:40:52] e36fc6df stage=negotiating flow=agreed radius=1km/10km qpos=1 pro=Oluwatosin Temitope Olanrewaju(ad5430e2) deadline=- last=agreed/motorist
[00:40:58] e36fc6df stage=negotiating flow=agreed radius=1km/10km qpos=1 pro=Oluwatosin Temitope Olanrewaju(ad5430e2) deadline=- last=agreed/motorist
[00:41:04] e36fc6df stage=negotiating flow=agreed radius=1km/10km qpos=1 pro=Oluwatosin Temitope Olanrewaju(ad5430e2) deadline=- last=agreed/motorist
[00:41:09] e36fc6df stage=negotiating flow=agreed radius=1km/10km qpos=1 pro=Oluwatosin Temitope Olanrewaju(ad5430e2) deadline=- last=agreed/motorist
[00:41:15] e36fc6df stage=negotiating flow=agreed radius=1km/10km qpos=1 pro=Oluwatosin Temitope Olanrewaju(ad5430e2) deadline=- last=agreed/motorist
[00:41:20] e36fc6df stage=negotiating flow=agreed radius=1km/10km qpos=1 pro=Oluwatosin Temitope Olanrewaju(ad5430e2) deadline=- last=agreed/motorist
[00:41:26] e36fc6df stage=negotiating flow=agreed radius=1km/10km qpos=1 pro=Oluwatosin Temitope Olanrewaju(ad5430e2) deadline=- last=agreed/motorist
[00:41:31] e36fc6df stage=negotiating flow=agreed radius=1km/10km qpos=1 pro=Oluwatosin Temitope Olanrewaju(ad5430e2) deadline=- last=agreed/motorist
[00:41:37] e36fc6df stage=negotiating flow=agreed radius=1km/10km qpos=1 pro=Oluwatosin Temitope Olanrewaju(ad5430e2) deadline=- last=agreed/motorist
[00:41:42] e36fc6df stage=negotiating flow=agreed radius=1km/10km qpos=1 pro=Oluwatosin Temitope Olanrewaju(ad5430e2) deadline=- last=agreed/motorist
[00:41:48] e36fc6df stage=negotiating flow=agreed radius=1km/10km qpos=1 pro=Oluwatosin Temitope Olanrewaju(ad5430e2) deadline=- last=agreed/motorist
[00:41:53] e36fc6df stage=negotiating flow=agreed radius=1km/10km qpos=1 pro=Oluwatosin Temitope Olanrewaju(ad5430e2) deadline=- last=agreed/motorist
[00:41:59] e36fc6df stage=negotiating flow=agreed radius=1km/10km qpos=1 pro=Oluwatosin Temitope Olanrewaju(ad5430e2) deadline=- last=agreed/motorist
[00:42:04] e36fc6df stage=negotiating flow=agreed radius=1km/10km qpos=1 pro=Oluwatosin Temitope Olanrewaju(ad5430e2) deadline=- last=agreed/motorist
[00:42:10] e36fc6df stage=negotiating flow=agreed radius=1km/10km qpos=1 pro=Oluwatosin Temitope Olanrewaju(ad5430e2) deadline=- last=agreed/motorist
[00:42:15] e36fc6df stage=negotiating flow=agreed radius=1km/10km qpos=1 pro=Oluwatosin Temitope Olanrewaju(ad5430e2) deadline=- last=agreed/motorist
[00:42:21] e36fc6df stage=negotiating flow=agreed radius=1km/10km qpos=1 pro=Oluwatosin Temitope Olanrewaju(ad5430e2) deadline=- last=agreed/motorist
[00:42:27] e36fc6df stage=negotiating flow=agreed radius=1km/10km qpos=1 pro=Oluwatosin Temitope Olanrewaju(ad5430e2) deadline=- last=agreed/motorist
[00:42:33] e36fc6df stage=negotiating flow=agreed radius=1km/10km qpos=1 pro=Oluwatosin Temitope Olanrewaju(ad5430e2) deadline=- last=agreed/motorist
[00:42:38] e36fc6df stage=negotiating flow=agreed radius=1km/10km qpos=1 pro=Oluwatosin Temitope Olanrewaju(ad5430e2) deadline=- last=agreed/motorist
[00:42:44] e36fc6df stage=negotiating flow=agreed radius=1km/10km qpos=1 pro=Oluwatosin Temitope Olanrewaju(ad5430e2) deadline=- last=agreed/motorist
[00:42:49] e36fc6df stage=negotiating flow=agreed radius=1km/10km qpos=1 pro=Oluwatosin Temitope Olanrewaju(ad5430e2) deadline=- last=agreed/motorist
[00:42:55] e36fc6df stage=negotiating flow=agreed radius=1km/10km qpos=1 pro=Oluwatosin Temitope Olanrewaju(ad5430e2) deadline=- last=agreed/motorist
[00:43:00] e36fc6df stage=negotiating flow=agreed radius=1km/10km qpos=1 pro=Oluwatosin Temitope Olanrewaju(ad5430e2) deadline=- last=agreed/motorist
[00:43:06] e36fc6df stage=negotiating flow=agreed radius=1km/10km qpos=1 pro=Oluwatosin Temitope Olanrewaju(ad5430e2) deadline=- last=agreed/motorist
[00:43:11] e36fc6df stage=negotiating flow=agreed radius=1km/10km qpos=1 pro=Oluwatosin Temitope Olanrewaju(ad5430e2) deadline=- last=agreed/motorist
[00:43:17] e36fc6df stage=negotiating flow=agreed radius=1km/10km qpos=1 pro=Oluwatosin Temitope Olanrewaju(ad5430e2) deadline=- last=agreed/motorist
[00:43:23] e36fc6df stage=negotiating flow=agreed radius=1km/10km qpos=1 pro=Oluwatosin Temitope Olanrewaju(ad5430e2) deadline=- last=agreed/motorist
[00:43:29] e36fc6df stage=negotiating flow=agreed radius=1km/10km qpos=1 pro=Oluwatosin Temitope Olanrewaju(ad5430e2) deadline=- last=agreed/motorist
[00:43:34] e36fc6df stage=negotiating flow=agreed radius=1km/10km qpos=1 pro=Oluwatosin Temitope Olanrewaju(ad5430e2) deadline=- last=agreed/motorist
[00:43:40] e36fc6df stage=negotiating flow=agreed radius=1km/10km qpos=1 pro=Oluwatosin Temitope Olanrewaju(ad5430e2) deadline=- last=agreed/motorist
[00:43:46] e36fc6df stage=negotiating flow=agreed radius=1km/10km qpos=1 pro=Oluwatosin Temitope Olanrewaju(ad5430e2) deadline=- last=agreed/motorist
[00:43:51] e36fc6df stage=negotiating flow=agreed radius=1km/10km qpos=1 pro=Oluwatosin Temitope Olanrewaju(ad5430e2) deadline=- last=agreed/motorist
[00:43:57] e36fc6df stage=negotiating flow=agreed radius=1km/10km qpos=1 pro=Oluwatosin Temitope Olanrewaju(ad5430e2) deadline=- last=agreed/motorist
[00:44:02] e36fc6df stage=negotiating flow=agreed radius=1km/10km qpos=1 pro=Oluwatosin Temitope Olanrewaju(ad5430e2) deadline=- last=agreed/motorist
[00:44:08] e36fc6df stage=negotiating flow=agreed radius=1km/10km qpos=1 pro=Oluwatosin Temitope Olanrewaju(ad5430e2) deadline=- last=agreed/motorist
[00:44:13] e36fc6df stage=negotiating flow=agreed radius=1km/10km qpos=1 pro=Oluwatosin Temitope Olanrewaju(ad5430e2) deadline=- last=agreed/motorist
[00:44:19] e36fc6df stage=negotiating flow=agreed radius=1km/10km qpos=1 pro=Oluwatosin Temitope Olanrewaju(ad5430e2) deadline=- last=agreed/motorist
[00:44:24] e36fc6df stage=negotiating flow=agreed radius=1km/10km qpos=1 pro=Oluwatosin Temitope Olanrewaju(ad5430e2) deadline=- last=agreed/motorist
[00:44:30] e36fc6df stage=negotiating flow=agreed radius=1km/10km qpos=1 pro=Oluwatosin Temitope Olanrewaju(ad5430e2) deadline=- last=agreed/motorist
[00:44:35] e36fc6df stage=negotiating flow=agreed radius=1km/10km qpos=1 pro=Oluwatosin Temitope Olanrewaju(ad5430e2) deadline=- last=agreed/motorist
[00:44:41] e36fc6df stage=negotiating flow=agreed radius=1km/10km qpos=1 pro=Oluwatosin Temitope Olanrewaju(ad5430e2) deadline=- last=agreed/motorist
[00:44:46] e36fc6df stage=negotiating flow=agreed radius=1km/10km qpos=1 pro=Oluwatosin Temitope Olanrewaju(ad5430e2) deadline=- last=agreed/motorist
[00:44:52] e36fc6df stage=negotiating flow=agreed radius=1km/10km qpos=1 pro=Oluwatosin Temitope Olanrewaju(ad5430e2) deadline=- last=agreed/motorist
[00:44:57] e36fc6df stage=negotiating flow=agreed radius=1km/10km qpos=1 pro=Oluwatosin Temitope Olanrewaju(ad5430e2) deadline=- last=agreed/motorist
[00:45:03] e36fc6df stage=negotiating flow=agreed radius=1km/10km qpos=1 pro=Oluwatosin Temitope Olanrewaju(ad5430e2) deadline=- last=agreed/motorist
[00:45:08] e36fc6df stage=negotiating flow=agreed radius=1km/10km qpos=1 pro=Oluwatosin Temitope Olanrewaju(ad5430e2) deadline=- last=agreed/motorist
[00:45:14] e36fc6df stage=negotiating flow=agreed radius=1km/10km qpos=1 pro=Oluwatosin Temitope Olanrewaju(ad5430e2) deadline=- last=agreed/motorist
[00:45:20] e36fc6df stage=negotiating flow=agreed radius=1km/10km qpos=1 pro=Oluwatosin Temitope Olanrewaju(ad5430e2) deadline=- last=agreed/motorist
[00:45:25] e36fc6df stage=negotiating flow=agreed radius=1km/10km qpos=1 pro=Oluwatosin Temitope Olanrewaju(ad5430e2) deadline=- last=agreed/motorist
[00:45:31] e36fc6df stage=negotiating flow=agreed radius=1km/10km qpos=1 pro=Oluwatosin Temitope Olanrewaju(ad5430e2) deadline=- last=agreed/motorist
[00:45:36] e36fc6df stage=negotiating flow=agreed radius=1km/10km qpos=1 pro=Oluwatosin Temitope Olanrewaju(ad5430e2) deadline=- last=agreed/motorist
[00:45:42] e36fc6df stage=negotiating flow=agreed radius=1km/10km qpos=1 pro=Oluwatosin Temitope Olanrewaju(ad5430e2) deadline=- last=agreed/motorist
[00:45:47] e36fc6df stage=negotiating flow=agreed radius=1km/10km qpos=1 pro=Oluwatosin Temitope Olanrewaju(ad5430e2) deadline=- last=agreed/motorist
[00:45:53] e36fc6df stage=negotiating flow=agreed radius=1km/10km qpos=1 pro=Oluwatosin Temitope Olanrewaju(ad5430e2) deadline=- last=agreed/motorist
[00:45:58] e36fc6df stage=negotiating flow=agreed radius=1km/10km qpos=1 pro=Oluwatosin Temitope Olanrewaju(ad5430e2) deadline=- last=agreed/motorist
[00:46:04] e36fc6df stage=negotiating flow=agreed radius=1km/10km qpos=1 pro=Oluwatosin Temitope Olanrewaju(ad5430e2) deadline=- last=agreed/motorist
[00:46:09] e36fc6df stage=negotiating flow=agreed radius=1km/10km qpos=1 pro=Oluwatosin Temitope Olanrewaju(ad5430e2) deadline=- last=agreed/motorist
[00:46:15] e36fc6df stage=negotiating flow=agreed radius=1km/10km qpos=1 pro=Oluwatosin Temitope Olanrewaju(ad5430e2) deadline=- last=agreed/motorist
[00:46:20] e36fc6df stage=negotiating flow=agreed radius=1km/10km qpos=1 pro=Oluwatosin Temitope Olanrewaju(ad5430e2) deadline=- last=agreed/motorist
[00:46:26] e36fc6df stage=negotiating flow=agreed radius=1km/10km qpos=1 pro=Oluwatosin Temitope Olanrewaju(ad5430e2) deadline=- last=agreed/motorist
[00:46:31] e36fc6df stage=negotiating flow=agreed radius=1km/10km qpos=1 pro=Oluwatosin Temitope Olanrewaju(ad5430e2) deadline=- last=agreed/motorist
[00:46:37] e36fc6df stage=negotiating flow=agreed radius=1km/10km qpos=1 pro=Oluwatosin Temitope Olanrewaju(ad5430e2) deadline=- last=agreed/motorist
[00:46:43] e36fc6df stage=negotiating flow=agreed radius=1km/10km qpos=1 pro=Oluwatosin Temitope Olanrewaju(ad5430e2) deadline=- last=agreed/motorist
[00:46:48] e36fc6df stage=negotiating flow=agreed radius=1km/10km qpos=1 pro=Oluwatosin Temitope Olanrewaju(ad5430e2) deadline=- last=agreed/motorist
[00:46:54] e36fc6df stage=negotiating flow=agreed radius=1km/10km qpos=1 pro=Oluwatosin Temitope Olanrewaju(ad5430e2) deadline=- last=agreed/motorist
[00:46:59] e36fc6df stage=negotiating flow=agreed radius=1km/10km qpos=1 pro=Oluwatosin Temitope Olanrewaju(ad5430e2) deadline=- last=agreed/motorist
[00:47:05] e36fc6df stage=negotiating flow=agreed radius=1km/10km qpos=1 pro=Oluwatosin Temitope Olanrewaju(ad5430e2) deadline=- last=agreed/motorist
[00:47:10] e36fc6df stage=negotiating flow=agreed radius=1km/10km qpos=1 pro=Oluwatosin Temitope Olanrewaju(ad5430e2) deadline=- last=agreed/motorist
[00:47:16] e36fc6df stage=negotiating flow=agreed radius=1km/10km qpos=1 pro=Oluwatosin Temitope Olanrewaju(ad5430e2) deadline=- last=agreed/motorist
[00:47:21] e36fc6df stage=negotiating flow=agreed radius=1km/10km qpos=1 pro=Oluwatosin Temitope Olanrewaju(ad5430e2) deadline=- last=agreed/motorist
[00:47:27] e36fc6df stage=negotiating flow=agreed radius=1km/10km qpos=1 pro=Oluwatosin Temitope Olanrewaju(ad5430e2) deadline=- last=agreed/motorist
[00:47:32] e36fc6df stage=negotiating flow=agreed radius=1km/10km qpos=1 pro=Oluwatosin Temitope Olanrewaju(ad5430e2) deadline=- last=agreed/motorist
[00:47:38] e36fc6df stage=negotiating flow=agreed radius=1km/10km qpos=1 pro=Oluwatosin Temitope Olanrewaju(ad5430e2) deadline=- last=agreed/motorist
[00:47:43] e36fc6df stage=negotiating flow=agreed radius=1km/10km qpos=1 pro=Oluwatosin Temitope Olanrewaju(ad5430e2) deadline=- last=agreed/motorist
[00:47:49] e36fc6df stage=negotiating flow=agreed radius=1km/10km qpos=1 pro=Oluwatosin Temitope Olanrewaju(ad5430e2) deadline=- last=agreed/motorist
[00:47:55] e36fc6df stage=negotiating flow=agreed radius=1km/10km qpos=1 pro=Oluwatosin Temitope Olanrewaju(ad5430e2) deadline=- last=agreed/motorist
[00:48:00] e36fc6df stage=negotiating flow=agreed radius=1km/10km qpos=1 pro=Oluwatosin Temitope Olanrewaju(ad5430e2) deadline=- last=agreed/motorist
[00:48:06] e36fc6df stage=negotiating flow=agreed radius=1km/10km qpos=1 pro=Oluwatosin Temitope Olanrewaju(ad5430e2) deadline=- last=agreed/motorist
[00:48:11] e36fc6df stage=negotiating flow=agreed radius=1km/10km qpos=1 pro=Oluwatosin Temitope Olanrewaju(ad5430e2) deadline=- last=agreed/motorist
[00:48:17] e36fc6df stage=negotiating flow=agreed radius=1km/10km qpos=1 pro=Oluwatosin Temitope Olanrewaju(ad5430e2) deadline=- last=agreed/motorist
[00:48:22] e36fc6df stage=negotiating flow=agreed radius=1km/10km qpos=1 pro=Oluwatosin Temitope Olanrewaju(ad5430e2) deadline=- last=agreed/motorist
[00:48:28] e36fc6df stage=negotiating flow=agreed radius=1km/10km qpos=1 pro=Oluwatosin Temitope Olanrewaju(ad5430e2) deadline=- last=agreed/motorist
[00:48:33] e36fc6df stage=negotiating flow=agreed radius=1km/10km qpos=1 pro=Oluwatosin Temitope Olanrewaju(ad5430e2) deadline=- last=agreed/motorist
[00:48:39] e36fc6df stage=negotiating flow=agreed radius=1km/10km qpos=1 pro=Oluwatosin Temitope Olanrewaju(ad5430e2) deadline=- last=agreed/motorist
[00:48:44] e36fc6df stage=negotiating flow=agreed radius=1km/10km qpos=1 pro=Oluwatosin Temitope Olanrewaju(ad5430e2) deadline=- last=agreed/motorist
[00:48:50] e36fc6df stage=negotiating flow=agreed radius=1km/10km qpos=1 pro=Oluwatosin Temitope Olanrewaju(ad5430e2) deadline=- last=agreed/motorist
[00:48:55] e36fc6df stage=negotiating flow=agreed radius=1km/10km qpos=1 pro=Oluwatosin Temitope Olanrewaju(ad5430e2) deadline=- last=agreed/motorist
[00:49:01] e36fc6df stage=negotiating flow=agreed radius=1km/10km qpos=1 pro=Oluwatosin Temitope Olanrewaju(ad5430e2) deadline=- last=agreed/motorist
[00:49:06] e36fc6df stage=negotiating flow=agreed radius=1km/10km qpos=1 pro=Oluwatosin Temitope Olanrewaju(ad5430e2) deadline=- last=agreed/motorist
[00:49:12] e36fc6df stage=negotiating flow=agreed radius=1km/10km qpos=1 pro=Oluwatosin Temitope Olanrewaju(ad5430e2) deadline=- last=agreed/motorist
[00:49:17] e36fc6df stage=negotiating flow=agreed radius=1km/10km qpos=1 pro=Oluwatosin Temitope Olanrewaju(ad5430e2) deadline=- last=agreed/motorist
[00:49:23] e36fc6df stage=negotiating flow=agreed radius=1km/10km qpos=1 pro=Oluwatosin Temitope Olanrewaju(ad5430e2) deadline=- last=agreed/motorist
[00:49:28] e36fc6df stage=negotiating flow=agreed radius=1km/10km qpos=1 pro=Oluwatosin Temitope Olanrewaju(ad5430e2) deadline=- last=agreed/motorist
[00:49:34] e36fc6df stage=negotiating flow=agreed radius=1km/10km qpos=1 pro=Oluwatosin Temitope Olanrewaju(ad5430e2) deadline=- last=agreed/motorist
[00:49:39] e36fc6df stage=negotiating flow=agreed radius=1km/10km qpos=1 pro=Oluwatosin Temitope Olanrewaju(ad5430e2) deadline=- last=agreed/motorist
[00:49:45] e36fc6df stage=negotiating flow=agreed radius=1km/10km qpos=1 pro=Oluwatosin Temitope Olanrewaju(ad5430e2) deadline=- last=agreed/motorist
[00:49:50] e36fc6df stage=negotiating flow=agreed radius=1km/10km qpos=1 pro=Oluwatosin Temitope Olanrewaju(ad5430e2) deadline=- last=agreed/motorist
[00:49:56] e36fc6df stage=negotiating flow=agreed radius=1km/10km qpos=1 pro=Oluwatosin Temitope Olanrewaju(ad5430e2) deadline=- last=agreed/motorist
[00:50:01] e36fc6df stage=negotiating flow=agreed radius=1km/10km qpos=1 pro=Oluwatosin Temitope Olanrewaju(ad5430e2) deadline=- last=agreed/motorist
[00:50:07] e36fc6df stage=negotiating flow=agreed radius=1km/10km qpos=1 pro=Oluwatosin Temitope Olanrewaju(ad5430e2) deadline=- last=agreed/motorist
[00:50:12] e36fc6df stage=negotiating flow=agreed radius=1km/10km qpos=1 pro=Oluwatosin Temitope Olanrewaju(ad5430e2) deadline=- last=agreed/motorist
[00:50:18] e36fc6df stage=negotiating flow=agreed radius=1km/10km qpos=1 pro=Oluwatosin Temitope Olanrewaju(ad5430e2) deadline=- last=agreed/motorist
[00:50:23] e36fc6df stage=negotiating flow=agreed radius=1km/10km qpos=1 pro=Oluwatosin Temitope Olanrewaju(ad5430e2) deadline=- last=agreed/motorist
[00:50:29] e36fc6df stage=negotiating flow=agreed radius=1km/10km qpos=1 pro=Oluwatosin Temitope Olanrewaju(ad5430e2) deadline=- last=agreed/motorist
[00:50:35] e36fc6df stage=negotiating flow=agreed radius=1km/10km qpos=1 pro=Oluwatosin Temitope Olanrewaju(ad5430e2) deadline=- last=agreed/motorist
[00:50:40] e36fc6df stage=negotiating flow=agreed radius=1km/10km qpos=1 pro=Oluwatosin Temitope Olanrewaju(ad5430e2) deadline=- last=agreed/motorist
[00:50:46] e36fc6df stage=negotiating flow=agreed radius=1km/10km qpos=1 pro=Oluwatosin Temitope Olanrewaju(ad5430e2) deadline=- last=agreed/motorist
[00:50:51] e36fc6df stage=negotiating flow=agreed radius=1km/10km qpos=1 pro=Oluwatosin Temitope Olanrewaju(ad5430e2) deadline=- last=agreed/motorist
[00:50:57] e36fc6df stage=negotiating flow=agreed radius=1km/10km qpos=1 pro=Oluwatosin Temitope Olanrewaju(ad5430e2) deadline=- last=agreed/motorist
[00:51:03] e36fc6df stage=negotiating flow=agreed radius=1km/10km qpos=1 pro=Oluwatosin Temitope Olanrewaju(ad5430e2) deadline=- last=agreed/motorist
[00:51:08] e36fc6df stage=negotiating flow=agreed radius=1km/10km qpos=1 pro=Oluwatosin Temitope Olanrewaju(ad5430e2) deadline=- last=agreed/motorist
[00:51:14] e36fc6df stage=negotiating flow=agreed radius=1km/10km qpos=1 pro=Oluwatosin Temitope Olanrewaju(ad5430e2) deadline=- last=agreed/motorist
[00:51:19] e36fc6df stage=negotiating flow=agreed radius=1km/10km qpos=1 pro=Oluwatosin Temitope Olanrewaju(ad5430e2) deadline=- last=agreed/motorist
[00:51:25] e36fc6df stage=negotiating flow=agreed radius=1km/10km qpos=1 pro=Oluwatosin Temitope Olanrewaju(ad5430e2) deadline=- last=agreed/motorist
[00:51:30] e36fc6df stage=negotiating flow=agreed radius=1km/10km qpos=1 pro=Oluwatosin Temitope Olanrewaju(ad5430e2) deadline=- last=agreed/motorist
[00:51:36] e36fc6df stage=negotiating flow=agreed radius=1km/10km qpos=1 pro=Oluwatosin Temitope Olanrewaju(ad5430e2) deadline=- last=agreed/motorist
[00:51:41] e36fc6df stage=negotiating flow=agreed radius=1km/10km qpos=1 pro=Oluwatosin Temitope Olanrewaju(ad5430e2) deadline=- last=agreed/motorist
[00:51:47] e36fc6df stage=negotiating flow=agreed radius=1km/10km qpos=1 pro=Oluwatosin Temitope Olanrewaju(ad5430e2) deadline=- last=agreed/motorist
[00:51:52] e36fc6df stage=negotiating flow=agreed radius=1km/10km qpos=1 pro=Oluwatosin Temitope Olanrewaju(ad5430e2) deadline=- last=agreed/motorist
[00:51:58] e36fc6df stage=negotiating flow=agreed radius=1km/10km qpos=1 pro=Oluwatosin Temitope Olanrewaju(ad5430e2) deadline=- last=agreed/motorist
[00:52:03] e36fc6df stage=negotiating flow=agreed radius=1km/10km qpos=1 pro=Oluwatosin Temitope Olanrewaju(ad5430e2) deadline=- last=agreed/motorist
[00:52:09] e36fc6df stage=negotiating flow=agreed radius=1km/10km qpos=1 pro=Oluwatosin Temitope Olanrewaju(ad5430e2) deadline=- last=agreed/motorist
[00:52:14] e36fc6df stage=negotiating flow=agreed radius=1km/10km qpos=1 pro=Oluwatosin Temitope Olanrewaju(ad5430e2) deadline=- last=agreed/motorist
[00:52:20] e36fc6df stage=negotiating flow=agreed radius=1km/10km qpos=1 pro=Oluwatosin Temitope Olanrewaju(ad5430e2) deadline=- last=agreed/motorist
[00:52:25] e36fc6df stage=negotiating flow=agreed radius=1km/10km qpos=1 pro=Oluwatosin Temitope Olanrewaju(ad5430e2) deadline=- last=agreed/motorist
[00:52:31] e36fc6df stage=negotiating flow=agreed radius=1km/10km qpos=1 pro=Oluwatosin Temitope Olanrewaju(ad5430e2) deadline=- last=agreed/motorist
[00:52:36] e36fc6df stage=negotiating flow=agreed radius=1km/10km qpos=1 pro=Oluwatosin Temitope Olanrewaju(ad5430e2) deadline=- last=agreed/motorist
[00:52:42] e36fc6df stage=negotiating flow=agreed radius=1km/10km qpos=1 pro=Oluwatosin Temitope Olanrewaju(ad5430e2) deadline=- last=agreed/motorist
[00:52:47] e36fc6df stage=negotiating flow=agreed radius=1km/10km qpos=1 pro=Oluwatosin Temitope Olanrewaju(ad5430e2) deadline=- last=agreed/motorist
[00:52:53] e36fc6df stage=negotiating flow=agreed radius=1km/10km qpos=1 pro=Oluwatosin Temitope Olanrewaju(ad5430e2) deadline=- last=agreed/motorist
[00:52:58] e36fc6df stage=negotiating flow=agreed radius=1km/10km qpos=1 pro=Oluwatosin Temitope Olanrewaju(ad5430e2) deadline=- last=agreed/motorist
[00:53:04] e36fc6df stage=negotiating flow=agreed radius=1km/10km qpos=1 pro=Oluwatosin Temitope Olanrewaju(ad5430e2) deadline=- last=agreed/motorist
[00:53:09] e36fc6df stage=negotiating flow=agreed radius=1km/10km qpos=1 pro=Oluwatosin Temitope Olanrewaju(ad5430e2) deadline=- last=agreed/motorist
[00:53:15] e36fc6df stage=negotiating flow=agreed radius=1km/10km qpos=1 pro=Oluwatosin Temitope Olanrewaju(ad5430e2) deadline=- last=agreed/motorist
[00:53:20] e36fc6df stage=negotiating flow=agreed radius=1km/10km qpos=1 pro=Oluwatosin Temitope Olanrewaju(ad5430e2) deadline=- last=agreed/motorist
[00:53:26] e36fc6df stage=negotiating flow=agreed radius=1km/10km qpos=1 pro=Oluwatosin Temitope Olanrewaju(ad5430e2) deadline=- last=agreed/motorist
[00:53:32] e36fc6df stage=negotiating flow=agreed radius=1km/10km qpos=1 pro=Oluwatosin Temitope Olanrewaju(ad5430e2) deadline=- last=agreed/motorist
[00:53:37] e36fc6df stage=negotiating flow=agreed radius=1km/10km qpos=1 pro=Oluwatosin Temitope Olanrewaju(ad5430e2) deadline=- last=agreed/motorist
[00:53:43] e36fc6df stage=negotiating flow=agreed radius=1km/10km qpos=1 pro=Oluwatosin Temitope Olanrewaju(ad5430e2) deadline=- last=agreed/motorist
[00:53:48] e36fc6df stage=negotiating flow=agreed radius=1km/10km qpos=1 pro=Oluwatosin Temitope Olanrewaju(ad5430e2) deadline=- last=agreed/motorist
[00:53:54] e36fc6df stage=negotiating flow=agreed radius=1km/10km qpos=1 pro=Oluwatosin Temitope Olanrewaju(ad5430e2) deadline=- last=agreed/motorist
[00:54:00] e36fc6df stage=negotiating flow=agreed radius=1km/10km qpos=1 pro=Oluwatosin Temitope Olanrewaju(ad5430e2) deadline=- last=agreed/motorist
[00:54:05] e36fc6df stage=negotiating flow=agreed radius=1km/10km qpos=1 pro=Oluwatosin Temitope Olanrewaju(ad5430e2) deadline=- last=agreed/motorist
[00:54:11] e36fc6df stage=negotiating flow=agreed radius=1km/10km qpos=1 pro=Oluwatosin Temitope Olanrewaju(ad5430e2) deadline=- last=agreed/motorist
[00:54:16] e36fc6df stage=negotiating flow=agreed radius=1km/10km qpos=1 pro=Oluwatosin Temitope Olanrewaju(ad5430e2) deadline=- last=agreed/motorist
[00:54:22] e36fc6df stage=negotiating flow=agreed radius=1km/10km qpos=1 pro=Oluwatosin Temitope Olanrewaju(ad5430e2) deadline=- last=agreed/motorist
[00:54:27] e36fc6df stage=negotiating flow=agreed radius=1km/10km qpos=1 pro=Oluwatosin Temitope Olanrewaju(ad5430e2) deadline=- last=agreed/motorist
[00:54:33] e36fc6df stage=negotiating flow=agreed radius=1km/10km qpos=1 pro=Oluwatosin Temitope Olanrewaju(ad5430e2) deadline=- last=agreed/motorist
[00:54:38] e36fc6df stage=negotiating flow=agreed radius=1km/10km qpos=1 pro=Oluwatosin Temitope Olanrewaju(ad5430e2) deadline=- last=agreed/motorist
[00:54:44] e36fc6df stage=negotiating flow=agreed radius=1km/10km qpos=1 pro=Oluwatosin Temitope Olanrewaju(ad5430e2) deadline=- last=agreed/motorist
[00:54:49] e36fc6df stage=negotiating flow=agreed radius=1km/10km qpos=1 pro=Oluwatosin Temitope Olanrewaju(ad5430e2) deadline=- last=agreed/motorist
[00:54:55] e36fc6df stage=negotiating flow=agreed radius=1km/10km qpos=1 pro=Oluwatosin Temitope Olanrewaju(ad5430e2) deadline=- last=agreed/motorist
[00:55:01] e36fc6df stage=negotiating flow=agreed radius=1km/10km qpos=1 pro=Oluwatosin Temitope Olanrewaju(ad5430e2) deadline=- last=agreed/motorist
[00:55:06] e36fc6df stage=negotiating flow=agreed radius=1km/10km qpos=1 pro=Oluwatosin Temitope Olanrewaju(ad5430e2) deadline=- last=agreed/motorist
[00:55:12] e36fc6df stage=negotiating flow=agreed radius=1km/10km qpos=1 pro=Oluwatosin Temitope Olanrewaju(ad5430e2) deadline=- last=agreed/motorist
[00:55:17] e36fc6df stage=negotiating flow=agreed radius=1km/10km qpos=1 pro=Oluwatosin Temitope Olanrewaju(ad5430e2) deadline=- last=agreed/motorist
[00:55:23] e36fc6df stage=negotiating flow=agreed radius=1km/10km qpos=1 pro=Oluwatosin Temitope Olanrewaju(ad5430e2) deadline=- last=agreed/motorist
[00:55:28] e36fc6df stage=negotiating flow=agreed radius=1km/10km qpos=1 pro=Oluwatosin Temitope Olanrewaju(ad5430e2) deadline=- last=agreed/motorist
[00:55:34] e36fc6df stage=negotiating flow=agreed radius=1km/10km qpos=1 pro=Oluwatosin Temitope Olanrewaju(ad5430e2) deadline=- last=agreed/motorist
[00:55:39] e36fc6df stage=negotiating flow=agreed radius=1km/10km qpos=1 pro=Oluwatosin Temitope Olanrewaju(ad5430e2) deadline=- last=agreed/motorist
[00:55:45] e36fc6df stage=negotiating flow=agreed radius=1km/10km qpos=1 pro=Oluwatosin Temitope Olanrewaju(ad5430e2) deadline=- last=agreed/motorist
[00:55:51] e36fc6df stage=negotiating flow=agreed radius=1km/10km qpos=1 pro=Oluwatosin Temitope Olanrewaju(ad5430e2) deadline=- last=agreed/motorist
[00:55:56] e36fc6df stage=negotiating flow=agreed radius=1km/10km qpos=1 pro=Oluwatosin Temitope Olanrewaju(ad5430e2) deadline=- last=agreed/motorist
[00:56:02] e36fc6df stage=negotiating flow=agreed radius=1km/10km qpos=1 pro=Oluwatosin Temitope Olanrewaju(ad5430e2) deadline=- last=agreed/motorist
[00:56:07] e36fc6df stage=negotiating flow=agreed radius=1km/10km qpos=1 pro=Oluwatosin Temitope Olanrewaju(ad5430e2) deadline=- last=agreed/motorist
[00:56:13] e36fc6df stage=negotiating flow=agreed radius=1km/10km qpos=1 pro=Oluwatosin Temitope Olanrewaju(ad5430e2) deadline=- last=agreed/motorist
[00:56:18] e36fc6df stage=negotiating flow=agreed radius=1km/10km qpos=1 pro=Oluwatosin Temitope Olanrewaju(ad5430e2) deadline=- last=agreed/motorist
[00:56:24] e36fc6df stage=negotiating flow=agreed radius=1km/10km qpos=1 pro=Oluwatosin Temitope Olanrewaju(ad5430e2) deadline=- last=agreed/motorist
[00:56:29] e36fc6df stage=negotiating flow=agreed radius=1km/10km qpos=1 pro=Oluwatosin Temitope Olanrewaju(ad5430e2) deadline=- last=agreed/motorist
[00:56:35] e36fc6df stage=negotiating flow=agreed radius=1km/10km qpos=1 pro=Oluwatosin Temitope Olanrewaju(ad5430e2) deadline=- last=agreed/motorist
[00:56:40] e36fc6df stage=negotiating flow=agreed radius=1km/10km qpos=1 pro=Oluwatosin Temitope Olanrewaju(ad5430e2) deadline=- last=agreed/motorist
[00:56:46] e36fc6df stage=negotiating flow=agreed radius=1km/10km qpos=1 pro=Oluwatosin Temitope Olanrewaju(ad5430e2) deadline=- last=agreed/motorist
[00:56:51] e36fc6df stage=negotiating flow=agreed radius=1km/10km qpos=1 pro=Oluwatosin Temitope Olanrewaju(ad5430e2) deadline=- last=agreed/motorist
[00:56:57] e36fc6df stage=negotiating flow=agreed radius=1km/10km qpos=1 pro=Oluwatosin Temitope Olanrewaju(ad5430e2) deadline=- last=agreed/motorist
[00:57:03] e36fc6df stage=negotiating flow=agreed radius=1km/10km qpos=1 pro=Oluwatosin Temitope Olanrewaju(ad5430e2) deadline=- last=agreed/motorist
[00:57:08] e36fc6df stage=negotiating flow=agreed radius=1km/10km qpos=1 pro=Oluwatosin Temitope Olanrewaju(ad5430e2) deadline=- last=agreed/motorist
[00:57:14] e36fc6df stage=negotiating flow=agreed radius=1km/10km qpos=1 pro=Oluwatosin Temitope Olanrewaju(ad5430e2) deadline=- last=agreed/motorist
[00:57:19] e36fc6df stage=negotiating flow=agreed radius=1km/10km qpos=1 pro=Oluwatosin Temitope Olanrewaju(ad5430e2) deadline=- last=agreed/motorist
[00:57:25] e36fc6df stage=negotiating flow=agreed radius=1km/10km qpos=1 pro=Oluwatosin Temitope Olanrewaju(ad5430e2) deadline=- last=agreed/motorist
[00:57:30] e36fc6df stage=negotiating flow=agreed radius=1km/10km qpos=1 pro=Oluwatosin Temitope Olanrewaju(ad5430e2) deadline=- last=agreed/motorist
[00:57:36] e36fc6df stage=negotiating flow=agreed radius=1km/10km qpos=1 pro=Oluwatosin Temitope Olanrewaju(ad5430e2) deadline=- last=agreed/motorist
[00:57:41] e36fc6df stage=negotiating flow=agreed radius=1km/10km qpos=1 pro=Oluwatosin Temitope Olanrewaju(ad5430e2) deadline=- last=agreed/motorist
[00:57:47] e36fc6df stage=negotiating flow=agreed radius=1km/10km qpos=1 pro=Oluwatosin Temitope Olanrewaju(ad5430e2) deadline=- last=agreed/motorist
[00:57:52] e36fc6df stage=negotiating flow=agreed radius=1km/10km qpos=1 pro=Oluwatosin Temitope Olanrewaju(ad5430e2) deadline=- last=agreed/motorist
[00:57:58] e36fc6df stage=negotiating flow=agreed radius=1km/10km qpos=1 pro=Oluwatosin Temitope Olanrewaju(ad5430e2) deadline=- last=agreed/motorist
[00:58:03] e36fc6df stage=negotiating flow=agreed radius=1km/10km qpos=1 pro=Oluwatosin Temitope Olanrewaju(ad5430e2) deadline=- last=agreed/motorist
[00:58:09] e36fc6df stage=negotiating flow=agreed radius=1km/10km qpos=1 pro=Oluwatosin Temitope Olanrewaju(ad5430e2) deadline=- last=agreed/motorist
[00:58:14] e36fc6df stage=negotiating flow=agreed radius=1km/10km qpos=1 pro=Oluwatosin Temitope Olanrewaju(ad5430e2) deadline=- last=agreed/motorist
[00:58:20] e36fc6df stage=negotiating flow=agreed radius=1km/10km qpos=1 pro=Oluwatosin Temitope Olanrewaju(ad5430e2) deadline=- last=agreed/motorist
[00:58:25] e36fc6df stage=negotiating flow=agreed radius=1km/10km qpos=1 pro=Oluwatosin Temitope Olanrewaju(ad5430e2) deadline=- last=agreed/motorist
[00:58:31] e36fc6df stage=negotiating flow=agreed radius=1km/10km qpos=1 pro=Oluwatosin Temitope Olanrewaju(ad5430e2) deadline=- last=agreed/motorist
[00:58:36] e36fc6df stage=negotiating flow=agreed radius=1km/10km qpos=1 pro=Oluwatosin Temitope Olanrewaju(ad5430e2) deadline=- last=agreed/motorist
[00:58:42] e36fc6df stage=negotiating flow=agreed radius=1km/10km qpos=1 pro=Oluwatosin Temitope Olanrewaju(ad5430e2) deadline=- last=agreed/motorist
[00:58:47] e36fc6df stage=negotiating flow=agreed radius=1km/10km qpos=1 pro=Oluwatosin Temitope Olanrewaju(ad5430e2) deadline=- last=agreed/motorist
[00:58:53] e36fc6df stage=negotiating flow=agreed radius=1km/10km qpos=1 pro=Oluwatosin Temitope Olanrewaju(ad5430e2) deadline=- last=agreed/motorist
[00:58:58] e36fc6df stage=negotiating flow=agreed radius=1km/10km qpos=1 pro=Oluwatosin Temitope Olanrewaju(ad5430e2) deadline=- last=agreed/motorist
[00:59:04] e36fc6df stage=negotiating flow=agreed radius=1km/10km qpos=1 pro=Oluwatosin Temitope Olanrewaju(ad5430e2) deadline=- last=agreed/motorist
[00:59:09] e36fc6df stage=negotiating flow=agreed radius=1km/10km qpos=1 pro=Oluwatosin Temitope Olanrewaju(ad5430e2) deadline=- last=agreed/motorist
[00:59:15] e36fc6df stage=negotiating flow=agreed radius=1km/10km qpos=1 pro=Oluwatosin Temitope Olanrewaju(ad5430e2) deadline=- last=agreed/motorist
[00:59:20] e36fc6df stage=negotiating flow=agreed radius=1km/10km qpos=1 pro=Oluwatosin Temitope Olanrewaju(ad5430e2) deadline=- last=agreed/motorist
[00:59:26] e36fc6df stage=negotiating flow=agreed radius=1km/10km qpos=1 pro=Oluwatosin Temitope Olanrewaju(ad5430e2) deadline=- last=agreed/motorist
[00:59:32] e36fc6df stage=negotiating flow=agreed radius=1km/10km qpos=1 pro=Oluwatosin Temitope Olanrewaju(ad5430e2) deadline=- last=agreed/motorist
[00:59:37] e36fc6df stage=negotiating flow=agreed radius=1km/10km qpos=1 pro=Oluwatosin Temitope Olanrewaju(ad5430e2) deadline=- last=agreed/motorist
[00:59:43] e36fc6df stage=negotiating flow=agreed radius=1km/10km qpos=1 pro=Oluwatosin Temitope Olanrewaju(ad5430e2) deadline=- last=agreed/motorist
[00:59:48] e36fc6df stage=negotiating flow=agreed radius=1km/10km qpos=1 pro=Oluwatosin Temitope Olanrewaju(ad5430e2) deadline=- last=agreed/motorist
[00:59:54] e36fc6df stage=negotiating flow=agreed radius=1km/10km qpos=1 pro=Oluwatosin Temitope Olanrewaju(ad5430e2) deadline=- last=agreed/motorist
[00:59:59] e36fc6df stage=negotiating flow=agreed radius=1km/10km qpos=1 pro=Oluwatosin Temitope Olanrewaju(ad5430e2) deadline=- last=agreed/motorist
[01:00:05] e36fc6df stage=negotiating flow=agreed radius=1km/10km qpos=1 pro=Oluwatosin Temitope Olanrewaju(ad5430e2) deadline=- last=agreed/motorist
[01:00:10] e36fc6df stage=negotiating flow=agreed radius=1km/10km qpos=1 pro=Oluwatosin Temitope Olanrewaju(ad5430e2) deadline=- last=agreed/motorist
[01:00:16] e36fc6df stage=negotiating flow=agreed radius=1km/10km qpos=1 pro=Oluwatosin Temitope Olanrewaju(ad5430e2) deadline=- last=agreed/motorist
[01:00:22] e36fc6df stage=negotiating flow=agreed radius=1km/10km qpos=1 pro=Oluwatosin Temitope Olanrewaju(ad5430e2) deadline=- last=agreed/motorist
[01:00:27] e36fc6df stage=negotiating flow=agreed radius=1km/10km qpos=1 pro=Oluwatosin Temitope Olanrewaju(ad5430e2) deadline=- last=agreed/motorist
[01:00:33] e36fc6df stage=negotiating flow=agreed radius=1km/10km qpos=1 pro=Oluwatosin Temitope Olanrewaju(ad5430e2) deadline=- last=agreed/motorist
[01:00:38] e36fc6df stage=negotiating flow=agreed radius=1km/10km qpos=1 pro=Oluwatosin Temitope Olanrewaju(ad5430e2) deadline=- last=agreed/motorist
[01:00:44] e36fc6df stage=negotiating flow=agreed radius=1km/10km qpos=1 pro=Oluwatosin Temitope Olanrewaju(ad5430e2) deadline=- last=agreed/motorist
[01:00:50] e36fc6df stage=negotiating flow=agreed radius=1km/10km qpos=1 pro=Oluwatosin Temitope Olanrewaju(ad5430e2) deadline=- last=agreed/motorist
[01:00:55] e36fc6df stage=negotiating flow=agreed radius=1km/10km qpos=1 pro=Oluwatosin Temitope Olanrewaju(ad5430e2) deadline=- last=agreed/motorist
[01:01:00] e36fc6df stage=negotiating flow=agreed radius=1km/10km qpos=1 pro=Oluwatosin Temitope Olanrewaju(ad5430e2) deadline=- last=agreed/motorist
[01:01:06] e36fc6df stage=negotiating flow=agreed radius=1km/10km qpos=1 pro=Oluwatosin Temitope Olanrewaju(ad5430e2) deadline=- last=agreed/motorist
[01:01:12] e36fc6df stage=negotiating flow=agreed radius=1km/10km qpos=1 pro=Oluwatosin Temitope Olanrewaju(ad5430e2) deadline=- last=agreed/motorist
[01:01:17] e36fc6df stage=negotiating flow=agreed radius=1km/10km qpos=1 pro=Oluwatosin Temitope Olanrewaju(ad5430e2) deadline=- last=agreed/motorist
[01:01:23] e36fc6df stage=negotiating flow=agreed radius=1km/10km qpos=1 pro=Oluwatosin Temitope Olanrewaju(ad5430e2) deadline=- last=agreed/motorist
[01:01:29] e36fc6df stage=negotiating flow=agreed radius=1km/10km qpos=1 pro=Oluwatosin Temitope Olanrewaju(ad5430e2) deadline=- last=agreed/motorist
[01:01:34] e36fc6df stage=negotiating flow=agreed radius=1km/10km qpos=1 pro=Oluwatosin Temitope Olanrewaju(ad5430e2) deadline=- last=agreed/motorist
[01:01:40] e36fc6df stage=negotiating flow=agreed radius=1km/10km qpos=1 pro=Oluwatosin Temitope Olanrewaju(ad5430e2) deadline=- last=agreed/motorist
[01:01:45] e36fc6df stage=negotiating flow=agreed radius=1km/10km qpos=1 pro=Oluwatosin Temitope Olanrewaju(ad5430e2) deadline=- last=agreed/motorist
[01:01:51] e36fc6df stage=negotiating flow=agreed radius=1km/10km qpos=1 pro=Oluwatosin Temitope Olanrewaju(ad5430e2) deadline=- last=agreed/motorist
[01:01:56] e36fc6df stage=negotiating flow=agreed radius=1km/10km qpos=1 pro=Oluwatosin Temitope Olanrewaju(ad5430e2) deadline=- last=agreed/motorist
[01:02:02] e36fc6df stage=negotiating flow=agreed radius=1km/10km qpos=1 pro=Oluwatosin Temitope Olanrewaju(ad5430e2) deadline=- last=agreed/motorist
[01:02:07] e36fc6df stage=negotiating flow=agreed radius=1km/10km qpos=1 pro=Oluwatosin Temitope Olanrewaju(ad5430e2) deadline=- last=agreed/motorist
[01:02:13] e36fc6df stage=negotiating flow=agreed radius=1km/10km qpos=1 pro=Oluwatosin Temitope Olanrewaju(ad5430e2) deadline=- last=agreed/motorist
[01:02:18] e36fc6df stage=negotiating flow=agreed radius=1km/10km qpos=1 pro=Oluwatosin Temitope Olanrewaju(ad5430e2) deadline=- last=agreed/motorist
[01:02:24] e36fc6df stage=negotiating flow=agreed radius=1km/10km qpos=1 pro=Oluwatosin Temitope Olanrewaju(ad5430e2) deadline=- last=agreed/motorist
[01:02:30] e36fc6df stage=negotiating flow=agreed radius=1km/10km qpos=1 pro=Oluwatosin Temitope Olanrewaju(ad5430e2) deadline=- last=agreed/motorist
[01:02:35] e36fc6df stage=negotiating flow=agreed radius=1km/10km qpos=1 pro=Oluwatosin Temitope Olanrewaju(ad5430e2) deadline=- last=agreed/motorist
[01:02:41] e36fc6df stage=negotiating flow=agreed radius=1km/10km qpos=1 pro=Oluwatosin Temitope Olanrewaju(ad5430e2) deadline=- last=agreed/motorist
[01:02:46] e36fc6df stage=negotiating flow=agreed radius=1km/10km qpos=1 pro=Oluwatosin Temitope Olanrewaju(ad5430e2) deadline=- last=agreed/motorist
[01:02:52] e36fc6df stage=negotiating flow=agreed radius=1km/10km qpos=1 pro=Oluwatosin Temitope Olanrewaju(ad5430e2) deadline=- last=agreed/motorist
[01:02:58] e36fc6df stage=negotiating flow=agreed radius=1km/10km qpos=1 pro=Oluwatosin Temitope Olanrewaju(ad5430e2) deadline=- last=agreed/motorist
[01:03:03] e36fc6df stage=negotiating flow=agreed radius=1km/10km qpos=1 pro=Oluwatosin Temitope Olanrewaju(ad5430e2) deadline=- last=agreed/motorist
[01:03:09] e36fc6df stage=negotiating flow=agreed radius=1km/10km qpos=1 pro=Oluwatosin Temitope Olanrewaju(ad5430e2) deadline=- last=agreed/motorist
[01:03:14] e36fc6df stage=negotiating flow=agreed radius=1km/10km qpos=1 pro=Oluwatosin Temitope Olanrewaju(ad5430e2) deadline=- last=agreed/motorist
[01:03:20] e36fc6df stage=negotiating flow=agreed radius=1km/10km qpos=1 pro=Oluwatosin Temitope Olanrewaju(ad5430e2) deadline=- last=agreed/motorist
[01:03:26] e36fc6df stage=negotiating flow=agreed radius=1km/10km qpos=1 pro=Oluwatosin Temitope Olanrewaju(ad5430e2) deadline=- last=agreed/motorist
[01:03:32] e36fc6df stage=negotiating flow=agreed radius=1km/10km qpos=1 pro=Oluwatosin Temitope Olanrewaju(ad5430e2) deadline=- last=agreed/motorist
[01:03:38] e36fc6df stage=negotiating flow=agreed radius=1km/10km qpos=1 pro=Oluwatosin Temitope Olanrewaju(ad5430e2) deadline=- last=agreed/motorist
[01:03:44] e36fc6df stage=negotiating flow=agreed radius=1km/10km qpos=1 pro=Oluwatosin Temitope Olanrewaju(ad5430e2) deadline=- last=agreed/motorist
[01:03:49] e36fc6df stage=negotiating flow=agreed radius=1km/10km qpos=1 pro=Oluwatosin Temitope Olanrewaju(ad5430e2) deadline=- last=agreed/motorist
[01:03:55] e36fc6df stage=negotiating flow=agreed radius=1km/10km qpos=1 pro=Oluwatosin Temitope Olanrewaju(ad5430e2) deadline=- last=agreed/motorist
[01:04:01] e36fc6df stage=negotiating flow=agreed radius=1km/10km qpos=1 pro=Oluwatosin Temitope Olanrewaju(ad5430e2) deadline=- last=agreed/motorist
[01:04:07] e36fc6df stage=negotiating flow=agreed radius=1km/10km qpos=1 pro=Oluwatosin Temitope Olanrewaju(ad5430e2) deadline=- last=agreed/motorist
[01:04:12] e36fc6df stage=negotiating flow=agreed radius=1km/10km qpos=1 pro=Oluwatosin Temitope Olanrewaju(ad5430e2) deadline=- last=agreed/motorist
[01:04:19] e36fc6df stage=negotiating flow=agreed radius=1km/10km qpos=1 pro=Oluwatosin Temitope Olanrewaju(ad5430e2) deadline=- last=agreed/motorist
[01:04:24] e36fc6df stage=negotiating flow=agreed radius=1km/10km qpos=1 pro=Oluwatosin Temitope Olanrewaju(ad5430e2) deadline=- last=agreed/motorist
[01:04:30] e36fc6df stage=negotiating flow=agreed radius=1km/10km qpos=1 pro=Oluwatosin Temitope Olanrewaju(ad5430e2) deadline=- last=agreed/motorist
[01:04:36] e36fc6df stage=negotiating flow=agreed radius=1km/10km qpos=1 pro=Oluwatosin Temitope Olanrewaju(ad5430e2) deadline=- last=agreed/motorist
[01:04:41] e36fc6df stage=negotiating flow=agreed radius=1km/10km qpos=1 pro=Oluwatosin Temitope Olanrewaju(ad5430e2) deadline=- last=agreed/motorist
[01:04:47] e36fc6df stage=negotiating flow=agreed radius=1km/10km qpos=1 pro=Oluwatosin Temitope Olanrewaju(ad5430e2) deadline=- last=agreed/motorist
[01:04:52] e36fc6df stage=negotiating flow=agreed radius=1km/10km qpos=1 pro=Oluwatosin Temitope Olanrewaju(ad5430e2) deadline=- last=agreed/motorist
[01:04:58] e36fc6df stage=negotiating flow=agreed radius=1km/10km qpos=1 pro=Oluwatosin Temitope Olanrewaju(ad5430e2) deadline=- last=agreed/motorist
[01:05:05] e36fc6df stage=negotiating flow=agreed radius=1km/10km qpos=1 pro=Oluwatosin Temitope Olanrewaju(ad5430e2) deadline=- last=agreed/motorist
[01:05:11] e36fc6df stage=negotiating flow=agreed radius=1km/10km qpos=1 pro=Oluwatosin Temitope Olanrewaju(ad5430e2) deadline=- last=agreed/motorist
[01:05:17] e36fc6df stage=negotiating flow=agreed radius=1km/10km qpos=1 pro=Oluwatosin Temitope Olanrewaju(ad5430e2) deadline=- last=agreed/motorist
[01:05:24] e36fc6df stage=negotiating flow=agreed radius=1km/10km qpos=1 pro=Oluwatosin Temitope Olanrewaju(ad5430e2) deadline=- last=agreed/motorist
[01:05:29] e36fc6df stage=negotiating flow=agreed radius=1km/10km qpos=1 pro=Oluwatosin Temitope Olanrewaju(ad5430e2) deadline=- last=agreed/motorist
[01:05:35] e36fc6df stage=negotiating flow=agreed radius=1km/10km qpos=1 pro=Oluwatosin Temitope Olanrewaju(ad5430e2) deadline=- last=agreed/motorist
[01:05:41] e36fc6df stage=negotiating flow=agreed radius=1km/10km qpos=1 pro=Oluwatosin Temitope Olanrewaju(ad5430e2) deadline=- last=agreed/motorist
[01:05:47] e36fc6df stage=negotiating flow=agreed radius=1km/10km qpos=1 pro=Oluwatosin Temitope Olanrewaju(ad5430e2) deadline=- last=agreed/motorist
[01:05:52] e36fc6df stage=negotiating flow=agreed radius=1km/10km qpos=1 pro=Oluwatosin Temitope Olanrewaju(ad5430e2) deadline=- last=agreed/motorist
[01:05:58] e36fc6df stage=negotiating flow=agreed radius=1km/10km qpos=1 pro=Oluwatosin Temitope Olanrewaju(ad5430e2) deadline=- last=agreed/motorist
[01:06:03] e36fc6df stage=negotiating flow=agreed radius=1km/10km qpos=1 pro=Oluwatosin Temitope Olanrewaju(ad5430e2) deadline=- last=agreed/motorist
[01:06:09] e36fc6df stage=negotiating flow=agreed radius=1km/10km qpos=1 pro=Oluwatosin Temitope Olanrewaju(ad5430e2) deadline=- last=agreed/motorist
[01:06:15] e36fc6df stage=negotiating flow=agreed radius=1km/10km qpos=1 pro=Oluwatosin Temitope Olanrewaju(ad5430e2) deadline=- last=agreed/motorist
[01:06:20] e36fc6df stage=negotiating flow=agreed radius=1km/10km qpos=1 pro=Oluwatosin Temitope Olanrewaju(ad5430e2) deadline=- last=agreed/motorist
[01:06:26] e36fc6df stage=negotiating flow=agreed radius=1km/10km qpos=1 pro=Oluwatosin Temitope Olanrewaju(ad5430e2) deadline=- last=agreed/motorist
[01:06:31] e36fc6df stage=negotiating flow=agreed radius=1km/10km qpos=1 pro=Oluwatosin Temitope Olanrewaju(ad5430e2) deadline=- last=agreed/motorist
[01:06:37] e36fc6df stage=negotiating flow=agreed radius=1km/10km qpos=1 pro=Oluwatosin Temitope Olanrewaju(ad5430e2) deadline=- last=agreed/motorist
[01:06:42] e36fc6df stage=negotiating flow=agreed radius=1km/10km qpos=1 pro=Oluwatosin Temitope Olanrewaju(ad5430e2) deadline=- last=agreed/motorist
[01:06:48] e36fc6df stage=negotiating flow=agreed radius=1km/10km qpos=1 pro=Oluwatosin Temitope Olanrewaju(ad5430e2) deadline=- last=agreed/motorist
[01:06:54] e36fc6df stage=negotiating flow=agreed radius=1km/10km qpos=1 pro=Oluwatosin Temitope Olanrewaju(ad5430e2) deadline=- last=agreed/motorist
[01:06:59] e36fc6df stage=negotiating flow=agreed radius=1km/10km qpos=1 pro=Oluwatosin Temitope Olanrewaju(ad5430e2) deadline=- last=agreed/motorist
[01:07:05] e36fc6df stage=negotiating flow=agreed radius=1km/10km qpos=1 pro=Oluwatosin Temitope Olanrewaju(ad5430e2) deadline=- last=agreed/motorist
[01:07:10] e36fc6df stage=negotiating flow=agreed radius=1km/10km qpos=1 pro=Oluwatosin Temitope Olanrewaju(ad5430e2) deadline=- last=agreed/motorist
[01:07:16] e36fc6df stage=negotiating flow=agreed radius=1km/10km qpos=1 pro=Oluwatosin Temitope Olanrewaju(ad5430e2) deadline=- last=agreed/motorist
[01:07:22] e36fc6df stage=negotiating flow=agreed radius=1km/10km qpos=1 pro=Oluwatosin Temitope Olanrewaju(ad5430e2) deadline=- last=agreed/motorist
[01:07:28] e36fc6df stage=negotiating flow=agreed radius=1km/10km qpos=1 pro=Oluwatosin Temitope Olanrewaju(ad5430e2) deadline=- last=agreed/motorist
[01:07:33] e36fc6df stage=negotiating flow=agreed radius=1km/10km qpos=1 pro=Oluwatosin Temitope Olanrewaju(ad5430e2) deadline=- last=agreed/motorist
[01:07:39] e36fc6df stage=negotiating flow=agreed radius=1km/10km qpos=1 pro=Oluwatosin Temitope Olanrewaju(ad5430e2) deadline=- last=agreed/motorist
[01:07:44] e36fc6df stage=negotiating flow=agreed radius=1km/10km qpos=1 pro=Oluwatosin Temitope Olanrewaju(ad5430e2) deadline=- last=agreed/motorist
[01:07:50] e36fc6df stage=negotiating flow=agreed radius=1km/10km qpos=1 pro=Oluwatosin Temitope Olanrewaju(ad5430e2) deadline=- last=agreed/motorist
[01:07:55] e36fc6df stage=negotiating flow=agreed radius=1km/10km qpos=1 pro=Oluwatosin Temitope Olanrewaju(ad5430e2) deadline=- last=agreed/motorist
[01:08:01] e36fc6df stage=negotiating flow=agreed radius=1km/10km qpos=1 pro=Oluwatosin Temitope Olanrewaju(ad5430e2) deadline=- last=agreed/motorist
[01:08:06] e36fc6df stage=negotiating flow=agreed radius=1km/10km qpos=1 pro=Oluwatosin Temitope Olanrewaju(ad5430e2) deadline=- last=agreed/motorist
[01:08:12] e36fc6df stage=negotiating flow=agreed radius=1km/10km qpos=1 pro=Oluwatosin Temitope Olanrewaju(ad5430e2) deadline=- last=agreed/motorist
[01:08:17] e36fc6df stage=negotiating flow=agreed radius=1km/10km qpos=1 pro=Oluwatosin Temitope Olanrewaju(ad5430e2) deadline=- last=agreed/motorist
[01:08:23] e36fc6df stage=negotiating flow=agreed radius=1km/10km qpos=1 pro=Oluwatosin Temitope Olanrewaju(ad5430e2) deadline=- last=agreed/motorist
[01:08:28] e36fc6df stage=negotiating flow=agreed radius=1km/10km qpos=1 pro=Oluwatosin Temitope Olanrewaju(ad5430e2) deadline=- last=agreed/motorist
[01:08:34] e36fc6df stage=negotiating flow=agreed radius=1km/10km qpos=1 pro=Oluwatosin Temitope Olanrewaju(ad5430e2) deadline=- last=agreed/motorist
[01:08:39] e36fc6df stage=negotiating flow=agreed radius=1km/10km qpos=1 pro=Oluwatosin Temitope Olanrewaju(ad5430e2) deadline=- last=agreed/motorist
[01:08:45] e36fc6df stage=negotiating flow=agreed radius=1km/10km qpos=1 pro=Oluwatosin Temitope Olanrewaju(ad5430e2) deadline=- last=agreed/motorist
[01:08:50] e36fc6df stage=negotiating flow=agreed radius=1km/10km qpos=1 pro=Oluwatosin Temitope Olanrewaju(ad5430e2) deadline=- last=agreed/motorist
[01:08:56] e36fc6df stage=negotiating flow=agreed radius=1km/10km qpos=1 pro=Oluwatosin Temitope Olanrewaju(ad5430e2) deadline=- last=agreed/motorist
[01:09:01] e36fc6df stage=negotiating flow=agreed radius=1km/10km qpos=1 pro=Oluwatosin Temitope Olanrewaju(ad5430e2) deadline=- last=agreed/motorist
[01:09:07] e36fc6df stage=negotiating flow=agreed radius=1km/10km qpos=1 pro=Oluwatosin Temitope Olanrewaju(ad5430e2) deadline=- last=agreed/motorist
[01:09:12] e36fc6df stage=negotiating flow=agreed radius=1km/10km qpos=1 pro=Oluwatosin Temitope Olanrewaju(ad5430e2) deadline=- last=agreed/motorist
[01:09:18] e36fc6df stage=negotiating flow=agreed radius=1km/10km qpos=1 pro=Oluwatosin Temitope Olanrewaju(ad5430e2) deadline=- last=agreed/motorist
[01:09:23] e36fc6df stage=negotiating flow=agreed radius=1km/10km qpos=1 pro=Oluwatosin Temitope Olanrewaju(ad5430e2) deadline=- last=agreed/motorist
[01:09:29] e36fc6df stage=negotiating flow=agreed radius=1km/10km qpos=1 pro=Oluwatosin Temitope Olanrewaju(ad5430e2) deadline=- last=agreed/motorist
[01:09:34] e36fc6df stage=negotiating flow=agreed radius=1km/10km qpos=1 pro=Oluwatosin Temitope Olanrewaju(ad5430e2) deadline=- last=agreed/motorist
[01:09:40] e36fc6df stage=negotiating flow=agreed radius=1km/10km qpos=1 pro=Oluwatosin Temitope Olanrewaju(ad5430e2) deadline=- last=agreed/motorist
[01:09:45] e36fc6df stage=negotiating flow=agreed radius=1km/10km qpos=1 pro=Oluwatosin Temitope Olanrewaju(ad5430e2) deadline=- last=agreed/motorist
[01:09:51] e36fc6df stage=negotiating flow=agreed radius=1km/10km qpos=1 pro=Oluwatosin Temitope Olanrewaju(ad5430e2) deadline=- last=agreed/motorist
[01:09:57] e36fc6df stage=negotiating flow=agreed radius=1km/10km qpos=1 pro=Oluwatosin Temitope Olanrewaju(ad5430e2) deadline=- last=agreed/motorist
[01:10:02] e36fc6df stage=negotiating flow=agreed radius=1km/10km qpos=1 pro=Oluwatosin Temitope Olanrewaju(ad5430e2) deadline=- last=agreed/motorist
[01:10:08] e36fc6df stage=negotiating flow=agreed radius=1km/10km qpos=1 pro=Oluwatosin Temitope Olanrewaju(ad5430e2) deadline=- last=agreed/motorist
[01:10:13] e36fc6df stage=negotiating flow=agreed radius=1km/10km qpos=1 pro=Oluwatosin Temitope Olanrewaju(ad5430e2) deadline=- last=agreed/motorist
[01:10:19] e36fc6df stage=negotiating flow=agreed radius=1km/10km qpos=1 pro=Oluwatosin Temitope Olanrewaju(ad5430e2) deadline=- last=agreed/motorist
[01:10:24] e36fc6df stage=negotiating flow=agreed radius=1km/10km qpos=1 pro=Oluwatosin Temitope Olanrewaju(ad5430e2) deadline=- last=agreed/motorist
[01:10:30] e36fc6df stage=negotiating flow=agreed radius=1km/10km qpos=1 pro=Oluwatosin Temitope Olanrewaju(ad5430e2) deadline=- last=agreed/motorist
[01:10:35] e36fc6df stage=negotiating flow=agreed radius=1km/10km qpos=1 pro=Oluwatosin Temitope Olanrewaju(ad5430e2) deadline=- last=agreed/motorist
[01:10:41] e36fc6df stage=negotiating flow=agreed radius=1km/10km qpos=1 pro=Oluwatosin Temitope Olanrewaju(ad5430e2) deadline=- last=agreed/motorist
[01:10:46] e36fc6df stage=negotiating flow=agreed radius=1km/10km qpos=1 pro=Oluwatosin Temitope Olanrewaju(ad5430e2) deadline=- last=agreed/motorist
[01:10:52] e36fc6df stage=negotiating flow=agreed radius=1km/10km qpos=1 pro=Oluwatosin Temitope Olanrewaju(ad5430e2) deadline=- last=agreed/motorist
[01:10:57] e36fc6df stage=negotiating flow=agreed radius=1km/10km qpos=1 pro=Oluwatosin Temitope Olanrewaju(ad5430e2) deadline=- last=agreed/motorist
[01:11:03] e36fc6df stage=negotiating flow=agreed radius=1km/10km qpos=1 pro=Oluwatosin Temitope Olanrewaju(ad5430e2) deadline=- last=agreed/motorist
[01:11:08] e36fc6df stage=negotiating flow=agreed radius=1km/10km qpos=1 pro=Oluwatosin Temitope Olanrewaju(ad5430e2) deadline=- last=agreed/motorist
[01:11:14] e36fc6df stage=negotiating flow=agreed radius=1km/10km qpos=1 pro=Oluwatosin Temitope Olanrewaju(ad5430e2) deadline=- last=agreed/motorist
[01:11:19] e36fc6df stage=negotiating flow=agreed radius=1km/10km qpos=1 pro=Oluwatosin Temitope Olanrewaju(ad5430e2) deadline=- last=agreed/motorist
[01:11:25] e36fc6df stage=negotiating flow=agreed radius=1km/10km qpos=1 pro=Oluwatosin Temitope Olanrewaju(ad5430e2) deadline=- last=agreed/motorist
[01:11:30] e36fc6df stage=negotiating flow=agreed radius=1km/10km qpos=1 pro=Oluwatosin Temitope Olanrewaju(ad5430e2) deadline=- last=agreed/motorist
[01:11:36] e36fc6df stage=negotiating flow=agreed radius=1km/10km qpos=1 pro=Oluwatosin Temitope Olanrewaju(ad5430e2) deadline=- last=agreed/motorist
[01:11:41] e36fc6df stage=negotiating flow=agreed radius=1km/10km qpos=1 pro=Oluwatosin Temitope Olanrewaju(ad5430e2) deadline=- last=agreed/motorist
[01:11:47] e36fc6df stage=negotiating flow=agreed radius=1km/10km qpos=1 pro=Oluwatosin Temitope Olanrewaju(ad5430e2) deadline=- last=agreed/motorist
[01:11:53] e36fc6df stage=negotiating flow=agreed radius=1km/10km qpos=1 pro=Oluwatosin Temitope Olanrewaju(ad5430e2) deadline=- last=agreed/motorist
[01:11:58] e36fc6df stage=negotiating flow=agreed radius=1km/10km qpos=1 pro=Oluwatosin Temitope Olanrewaju(ad5430e2) deadline=- last=agreed/motorist
[01:12:04] e36fc6df stage=negotiating flow=agreed radius=1km/10km qpos=1 pro=Oluwatosin Temitope Olanrewaju(ad5430e2) deadline=- last=agreed/motorist
[01:12:09] e36fc6df stage=negotiating flow=agreed radius=1km/10km qpos=1 pro=Oluwatosin Temitope Olanrewaju(ad5430e2) deadline=- last=agreed/motorist
[01:12:15] e36fc6df stage=negotiating flow=agreed radius=1km/10km qpos=1 pro=Oluwatosin Temitope Olanrewaju(ad5430e2) deadline=- last=agreed/motorist
[01:12:20] e36fc6df stage=negotiating flow=agreed radius=1km/10km qpos=1 pro=Oluwatosin Temitope Olanrewaju(ad5430e2) deadline=- last=agreed/motorist
[01:12:26] e36fc6df stage=negotiating flow=agreed radius=1km/10km qpos=1 pro=Oluwatosin Temitope Olanrewaju(ad5430e2) deadline=- last=agreed/motorist
[01:12:32] e36fc6df stage=negotiating flow=agreed radius=1km/10km qpos=1 pro=Oluwatosin Temitope Olanrewaju(ad5430e2) deadline=- last=agreed/motorist
[01:12:37] e36fc6df stage=negotiating flow=agreed radius=1km/10km qpos=1 pro=Oluwatosin Temitope Olanrewaju(ad5430e2) deadline=- last=agreed/motorist
[01:12:43] e36fc6df stage=negotiating flow=agreed radius=1km/10km qpos=1 pro=Oluwatosin Temitope Olanrewaju(ad5430e2) deadline=- last=agreed/motorist
[01:12:48] e36fc6df stage=negotiating flow=agreed radius=1km/10km qpos=1 pro=Oluwatosin Temitope Olanrewaju(ad5430e2) deadline=- last=agreed/motorist
[01:12:54] e36fc6df stage=negotiating flow=agreed radius=1km/10km qpos=1 pro=Oluwatosin Temitope Olanrewaju(ad5430e2) deadline=- last=agreed/motorist
[01:12:59] e36fc6df stage=negotiating flow=agreed radius=1km/10km qpos=1 pro=Oluwatosin Temitope Olanrewaju(ad5430e2) deadline=- last=agreed/motorist
[01:13:05] e36fc6df stage=negotiating flow=agreed radius=1km/10km qpos=1 pro=Oluwatosin Temitope Olanrewaju(ad5430e2) deadline=- last=agreed/motorist
[01:13:10] e36fc6df stage=negotiating flow=agreed radius=1km/10km qpos=1 pro=Oluwatosin Temitope Olanrewaju(ad5430e2) deadline=- last=agreed/motorist
[01:13:16] e36fc6df stage=negotiating flow=agreed radius=1km/10km qpos=1 pro=Oluwatosin Temitope Olanrewaju(ad5430e2) deadline=- last=agreed/motorist
[01:13:21] e36fc6df stage=negotiating flow=agreed radius=1km/10km qpos=1 pro=Oluwatosin Temitope Olanrewaju(ad5430e2) deadline=- last=agreed/motorist
[01:13:27] e36fc6df stage=negotiating flow=agreed radius=1km/10km qpos=1 pro=Oluwatosin Temitope Olanrewaju(ad5430e2) deadline=- last=agreed/motorist
[01:13:32] e36fc6df stage=negotiating flow=agreed radius=1km/10km qpos=1 pro=Oluwatosin Temitope Olanrewaju(ad5430e2) deadline=- last=agreed/motorist
[01:13:38] e36fc6df stage=negotiating flow=agreed radius=1km/10km qpos=1 pro=Oluwatosin Temitope Olanrewaju(ad5430e2) deadline=- last=agreed/motorist
[01:13:43] e36fc6df stage=negotiating flow=agreed radius=1km/10km qpos=1 pro=Oluwatosin Temitope Olanrewaju(ad5430e2) deadline=- last=agreed/motorist
[01:13:49] e36fc6df stage=negotiating flow=agreed radius=1km/10km qpos=1 pro=Oluwatosin Temitope Olanrewaju(ad5430e2) deadline=- last=agreed/motorist
[01:13:55] e36fc6df stage=negotiating flow=agreed radius=1km/10km qpos=1 pro=Oluwatosin Temitope Olanrewaju(ad5430e2) deadline=- last=agreed/motorist
[01:14:00] e36fc6df stage=negotiating flow=agreed radius=1km/10km qpos=1 pro=Oluwatosin Temitope Olanrewaju(ad5430e2) deadline=- last=agreed/motorist
[01:14:06] e36fc6df stage=negotiating flow=agreed radius=1km/10km qpos=1 pro=Oluwatosin Temitope Olanrewaju(ad5430e2) deadline=- last=agreed/motorist
[01:14:11] e36fc6df stage=negotiating flow=agreed radius=1km/10km qpos=1 pro=Oluwatosin Temitope Olanrewaju(ad5430e2) deadline=- last=agreed/motorist
[01:14:17] e36fc6df stage=negotiating flow=agreed radius=1km/10km qpos=1 pro=Oluwatosin Temitope Olanrewaju(ad5430e2) deadline=- last=agreed/motorist
[01:14:22] e36fc6df stage=negotiating flow=agreed radius=1km/10km qpos=1 pro=Oluwatosin Temitope Olanrewaju(ad5430e2) deadline=- last=agreed/motorist
[01:14:28] e36fc6df stage=negotiating flow=agreed radius=1km/10km qpos=1 pro=Oluwatosin Temitope Olanrewaju(ad5430e2) deadline=- last=agreed/motorist
[01:14:33] e36fc6df stage=negotiating flow=agreed radius=1km/10km qpos=1 pro=Oluwatosin Temitope Olanrewaju(ad5430e2) deadline=- last=agreed/motorist
[01:14:39] e36fc6df stage=negotiating flow=agreed radius=1km/10km qpos=1 pro=Oluwatosin Temitope Olanrewaju(ad5430e2) deadline=- last=agreed/motorist
[01:14:44] e36fc6df stage=negotiating flow=agreed radius=1km/10km qpos=1 pro=Oluwatosin Temitope Olanrewaju(ad5430e2) deadline=- last=agreed/motorist
[01:14:50] e36fc6df stage=negotiating flow=agreed radius=1km/10km qpos=1 pro=Oluwatosin Temitope Olanrewaju(ad5430e2) deadline=- last=agreed/motorist
[01:14:55] e36fc6df stage=negotiating flow=agreed radius=1km/10km qpos=1 pro=Oluwatosin Temitope Olanrewaju(ad5430e2) deadline=- last=agreed/motorist
[01:15:01] e36fc6df stage=negotiating flow=agreed radius=1km/10km qpos=1 pro=Oluwatosin Temitope Olanrewaju(ad5430e2) deadline=- last=agreed/motorist
[01:15:06] e36fc6df stage=negotiating flow=agreed radius=1km/10km qpos=1 pro=Oluwatosin Temitope Olanrewaju(ad5430e2) deadline=- last=agreed/motorist
[01:15:12] e36fc6df stage=negotiating flow=agreed radius=1km/10km qpos=1 pro=Oluwatosin Temitope Olanrewaju(ad5430e2) deadline=- last=agreed/motorist
[01:15:17] e36fc6df stage=negotiating flow=agreed radius=1km/10km qpos=1 pro=Oluwatosin Temitope Olanrewaju(ad5430e2) deadline=- last=agreed/motorist
[01:15:23] e36fc6df stage=negotiating flow=agreed radius=1km/10km qpos=1 pro=Oluwatosin Temitope Olanrewaju(ad5430e2) deadline=- last=agreed/motorist
[01:15:28] e36fc6df stage=negotiating flow=agreed radius=1km/10km qpos=1 pro=Oluwatosin Temitope Olanrewaju(ad5430e2) deadline=- last=agreed/motorist
[01:15:34] e36fc6df stage=negotiating flow=agreed radius=1km/10km qpos=1 pro=Oluwatosin Temitope Olanrewaju(ad5430e2) deadline=- last=agreed/motorist
[01:15:39] e36fc6df stage=negotiating flow=agreed radius=1km/10km qpos=1 pro=Oluwatosin Temitope Olanrewaju(ad5430e2) deadline=- last=agreed/motorist
[01:15:45] e36fc6df stage=negotiating flow=agreed radius=1km/10km qpos=1 pro=Oluwatosin Temitope Olanrewaju(ad5430e2) deadline=- last=agreed/motorist
[01:15:50] e36fc6df stage=negotiating flow=agreed radius=1km/10km qpos=1 pro=Oluwatosin Temitope Olanrewaju(ad5430e2) deadline=- last=agreed/motorist
[01:15:56] e36fc6df stage=negotiating flow=agreed radius=1km/10km qpos=1 pro=Oluwatosin Temitope Olanrewaju(ad5430e2) deadline=- last=agreed/motorist
[01:16:01] e36fc6df stage=negotiating flow=agreed radius=1km/10km qpos=1 pro=Oluwatosin Temitope Olanrewaju(ad5430e2) deadline=- last=agreed/motorist
[01:16:07] e36fc6df stage=negotiating flow=agreed radius=1km/10km qpos=1 pro=Oluwatosin Temitope Olanrewaju(ad5430e2) deadline=- last=agreed/motorist
[01:16:12] e36fc6df stage=negotiating flow=agreed radius=1km/10km qpos=1 pro=Oluwatosin Temitope Olanrewaju(ad5430e2) deadline=- last=agreed/motorist
[01:16:18] e36fc6df stage=negotiating flow=agreed radius=1km/10km qpos=1 pro=Oluwatosin Temitope Olanrewaju(ad5430e2) deadline=- last=agreed/motorist
[01:16:24] e36fc6df stage=negotiating flow=agreed radius=1km/10km qpos=1 pro=Oluwatosin Temitope Olanrewaju(ad5430e2) deadline=- last=agreed/motorist
[01:16:29] e36fc6df stage=negotiating flow=agreed radius=1km/10km qpos=1 pro=Oluwatosin Temitope Olanrewaju(ad5430e2) deadline=- last=agreed/motorist
[01:16:34] e36fc6df stage=negotiating flow=agreed radius=1km/10km qpos=1 pro=Oluwatosin Temitope Olanrewaju(ad5430e2) deadline=- last=agreed/motorist
[01:16:40] e36fc6df stage=negotiating flow=agreed radius=1km/10km qpos=1 pro=Oluwatosin Temitope Olanrewaju(ad5430e2) deadline=- last=agreed/motorist
[01:16:46] e36fc6df stage=negotiating flow=agreed radius=1km/10km qpos=1 pro=Oluwatosin Temitope Olanrewaju(ad5430e2) deadline=- last=agreed/motorist
[01:16:51] e36fc6df stage=negotiating flow=agreed radius=1km/10km qpos=1 pro=Oluwatosin Temitope Olanrewaju(ad5430e2) deadline=- last=agreed/motorist
[01:16:56] e36fc6df stage=negotiating flow=agreed radius=1km/10km qpos=1 pro=Oluwatosin Temitope Olanrewaju(ad5430e2) deadline=- last=agreed/motorist
[01:17:02] e36fc6df stage=negotiating flow=agreed radius=1km/10km qpos=1 pro=Oluwatosin Temitope Olanrewaju(ad5430e2) deadline=- last=agreed/motorist
[01:17:08] e36fc6df stage=negotiating flow=agreed radius=1km/10km qpos=1 pro=Oluwatosin Temitope Olanrewaju(ad5430e2) deadline=- last=agreed/motorist
[01:17:13] e36fc6df stage=negotiating flow=agreed radius=1km/10km qpos=1 pro=Oluwatosin Temitope Olanrewaju(ad5430e2) deadline=- last=agreed/motorist
[01:17:18] e36fc6df stage=negotiating flow=agreed radius=1km/10km qpos=1 pro=Oluwatosin Temitope Olanrewaju(ad5430e2) deadline=- last=agreed/motorist
[01:17:24] e36fc6df stage=negotiating flow=agreed radius=1km/10km qpos=1 pro=Oluwatosin Temitope Olanrewaju(ad5430e2) deadline=- last=agreed/motorist
[01:17:30] e36fc6df stage=negotiating flow=agreed radius=1km/10km qpos=1 pro=Oluwatosin Temitope Olanrewaju(ad5430e2) deadline=- last=agreed/motorist
[01:17:35] e36fc6df stage=negotiating flow=agreed radius=1km/10km qpos=1 pro=Oluwatosin Temitope Olanrewaju(ad5430e2) deadline=- last=agreed/motorist
[01:17:41] e36fc6df stage=negotiating flow=agreed radius=1km/10km qpos=1 pro=Oluwatosin Temitope Olanrewaju(ad5430e2) deadline=- last=agreed/motorist
[01:17:46] e36fc6df stage=negotiating flow=agreed radius=1km/10km qpos=1 pro=Oluwatosin Temitope Olanrewaju(ad5430e2) deadline=- last=agreed/motorist
[01:17:52] e36fc6df stage=negotiating flow=agreed radius=1km/10km qpos=1 pro=Oluwatosin Temitope Olanrewaju(ad5430e2) deadline=- last=agreed/motorist
[01:17:57] e36fc6df stage=negotiating flow=agreed radius=1km/10km qpos=1 pro=Oluwatosin Temitope Olanrewaju(ad5430e2) deadline=- last=agreed/motorist
[01:18:03] e36fc6df stage=negotiating flow=agreed radius=1km/10km qpos=1 pro=Oluwatosin Temitope Olanrewaju(ad5430e2) deadline=- last=agreed/motorist
[01:18:08] e36fc6df stage=negotiating flow=agreed radius=1km/10km qpos=1 pro=Oluwatosin Temitope Olanrewaju(ad5430e2) deadline=- last=agreed/motorist
[01:18:14] e36fc6df stage=negotiating flow=agreed radius=1km/10km qpos=1 pro=Oluwatosin Temitope Olanrewaju(ad5430e2) deadline=- last=agreed/motorist
[01:18:19] e36fc6df stage=negotiating flow=agreed radius=1km/10km qpos=1 pro=Oluwatosin Temitope Olanrewaju(ad5430e2) deadline=- last=agreed/motorist
[01:18:25] e36fc6df stage=negotiating flow=agreed radius=1km/10km qpos=1 pro=Oluwatosin Temitope Olanrewaju(ad5430e2) deadline=- last=agreed/motorist
[01:18:30] e36fc6df stage=negotiating flow=agreed radius=1km/10km qpos=1 pro=Oluwatosin Temitope Olanrewaju(ad5430e2) deadline=- last=agreed/motorist
[01:18:36] e36fc6df stage=negotiating flow=agreed radius=1km/10km qpos=1 pro=Oluwatosin Temitope Olanrewaju(ad5430e2) deadline=- last=agreed/motorist
[01:18:41] e36fc6df stage=negotiating flow=agreed radius=1km/10km qpos=1 pro=Oluwatosin Temitope Olanrewaju(ad5430e2) deadline=- last=agreed/motorist
[01:18:47] e36fc6df stage=negotiating flow=agreed radius=1km/10km qpos=1 pro=Oluwatosin Temitope Olanrewaju(ad5430e2) deadline=- last=agreed/motorist
[01:18:52] e36fc6df stage=negotiating flow=agreed radius=1km/10km qpos=1 pro=Oluwatosin Temitope Olanrewaju(ad5430e2) deadline=- last=agreed/motorist
[01:18:58] e36fc6df stage=negotiating flow=agreed radius=1km/10km qpos=1 pro=Oluwatosin Temitope Olanrewaju(ad5430e2) deadline=- last=agreed/motorist
[01:19:03] e36fc6df stage=negotiating flow=agreed radius=1km/10km qpos=1 pro=Oluwatosin Temitope Olanrewaju(ad5430e2) deadline=- last=agreed/motorist
[01:19:09] e36fc6df stage=negotiating flow=agreed radius=1km/10km qpos=1 pro=Oluwatosin Temitope Olanrewaju(ad5430e2) deadline=- last=agreed/motorist
[01:19:14] e36fc6df stage=negotiating flow=agreed radius=1km/10km qpos=1 pro=Oluwatosin Temitope Olanrewaju(ad5430e2) deadline=- last=agreed/motorist
[01:19:20] e36fc6df stage=negotiating flow=agreed radius=1km/10km qpos=1 pro=Oluwatosin Temitope Olanrewaju(ad5430e2) deadline=- last=agreed/motorist
[01:19:25] e36fc6df stage=negotiating flow=agreed radius=1km/10km qpos=1 pro=Oluwatosin Temitope Olanrewaju(ad5430e2) deadline=- last=agreed/motorist
[01:19:31] e36fc6df stage=negotiating flow=agreed radius=1km/10km qpos=1 pro=Oluwatosin Temitope Olanrewaju(ad5430e2) deadline=- last=agreed/motorist
[01:19:36] e36fc6df stage=negotiating flow=agreed radius=1km/10km qpos=1 pro=Oluwatosin Temitope Olanrewaju(ad5430e2) deadline=- last=agreed/motorist
[01:19:42] e36fc6df stage=negotiating flow=agreed radius=1km/10km qpos=1 pro=Oluwatosin Temitope Olanrewaju(ad5430e2) deadline=- last=agreed/motorist
[01:19:47] e36fc6df stage=negotiating flow=agreed radius=1km/10km qpos=1 pro=Oluwatosin Temitope Olanrewaju(ad5430e2) deadline=- last=agreed/motorist
[01:19:53] e36fc6df stage=negotiating flow=agreed radius=1km/10km qpos=1 pro=Oluwatosin Temitope Olanrewaju(ad5430e2) deadline=- last=agreed/motorist
[01:19:58] e36fc6df stage=negotiating flow=agreed radius=1km/10km qpos=1 pro=Oluwatosin Temitope Olanrewaju(ad5430e2) deadline=- last=agreed/motorist
[01:20:04] e36fc6df stage=negotiating flow=agreed radius=1km/10km qpos=1 pro=Oluwatosin Temitope Olanrewaju(ad5430e2) deadline=- last=agreed/motorist
[01:20:09] e36fc6df stage=negotiating flow=agreed radius=1km/10km qpos=1 pro=Oluwatosin Temitope Olanrewaju(ad5430e2) deadline=- last=agreed/motorist
[01:20:15] e36fc6df stage=negotiating flow=agreed radius=1km/10km qpos=1 pro=Oluwatosin Temitope Olanrewaju(ad5430e2) deadline=- last=agreed/motorist
[01:20:20] e36fc6df stage=negotiating flow=agreed radius=1km/10km qpos=1 pro=Oluwatosin Temitope Olanrewaju(ad5430e2) deadline=- last=agreed/motorist
[01:20:26] e36fc6df stage=negotiating flow=agreed radius=1km/10km qpos=1 pro=Oluwatosin Temitope Olanrewaju(ad5430e2) deadline=- last=agreed/motorist
[01:20:31] e36fc6df stage=negotiating flow=agreed radius=1km/10km qpos=1 pro=Oluwatosin Temitope Olanrewaju(ad5430e2) deadline=- last=agreed/motorist
[01:20:37] e36fc6df stage=negotiating flow=agreed radius=1km/10km qpos=1 pro=Oluwatosin Temitope Olanrewaju(ad5430e2) deadline=- last=agreed/motorist
[01:20:42] e36fc6df stage=negotiating flow=agreed radius=1km/10km qpos=1 pro=Oluwatosin Temitope Olanrewaju(ad5430e2) deadline=- last=agreed/motorist
[01:20:48] e36fc6df stage=negotiating flow=agreed radius=1km/10km qpos=1 pro=Oluwatosin Temitope Olanrewaju(ad5430e2) deadline=- last=agreed/motorist
[01:20:54] e36fc6df stage=negotiating flow=agreed radius=1km/10km qpos=1 pro=Oluwatosin Temitope Olanrewaju(ad5430e2) deadline=- last=agreed/motorist
[01:20:59] e36fc6df stage=negotiating flow=agreed radius=1km/10km qpos=1 pro=Oluwatosin Temitope Olanrewaju(ad5430e2) deadline=- last=agreed/motorist
[01:21:05] e36fc6df stage=negotiating flow=agreed radius=1km/10km qpos=1 pro=Oluwatosin Temitope Olanrewaju(ad5430e2) deadline=- last=agreed/motorist
[01:21:10] e36fc6df stage=negotiating flow=agreed radius=1km/10km qpos=1 pro=Oluwatosin Temitope Olanrewaju(ad5430e2) deadline=- last=agreed/motorist
[01:21:16] e36fc6df stage=negotiating flow=agreed radius=1km/10km qpos=1 pro=Oluwatosin Temitope Olanrewaju(ad5430e2) deadline=- last=agreed/motorist
[01:21:21] e36fc6df stage=negotiating flow=agreed radius=1km/10km qpos=1 pro=Oluwatosin Temitope Olanrewaju(ad5430e2) deadline=- last=agreed/motorist
[01:21:27] e36fc6df stage=negotiating flow=agreed radius=1km/10km qpos=1 pro=Oluwatosin Temitope Olanrewaju(ad5430e2) deadline=- last=agreed/motorist
[01:21:32] e36fc6df stage=negotiating flow=agreed radius=1km/10km qpos=1 pro=Oluwatosin Temitope Olanrewaju(ad5430e2) deadline=- last=agreed/motorist
[01:21:38] e36fc6df stage=negotiating flow=agreed radius=1km/10km qpos=1 pro=Oluwatosin Temitope Olanrewaju(ad5430e2) deadline=- last=agreed/motorist
[01:21:43] e36fc6df stage=negotiating flow=agreed radius=1km/10km qpos=1 pro=Oluwatosin Temitope Olanrewaju(ad5430e2) deadline=- last=agreed/motorist
[01:21:49] e36fc6df stage=negotiating flow=agreed radius=1km/10km qpos=1 pro=Oluwatosin Temitope Olanrewaju(ad5430e2) deadline=- last=agreed/motorist
[01:21:54] e36fc6df stage=negotiating flow=agreed radius=1km/10km qpos=1 pro=Oluwatosin Temitope Olanrewaju(ad5430e2) deadline=- last=agreed/motorist
[01:22:00] e36fc6df stage=negotiating flow=agreed radius=1km/10km qpos=1 pro=Oluwatosin Temitope Olanrewaju(ad5430e2) deadline=- last=agreed/motorist
[01:22:05] e36fc6df stage=negotiating flow=agreed radius=1km/10km qpos=1 pro=Oluwatosin Temitope Olanrewaju(ad5430e2) deadline=- last=agreed/motorist
[01:22:11] e36fc6df stage=negotiating flow=agreed radius=1km/10km qpos=1 pro=Oluwatosin Temitope Olanrewaju(ad5430e2) deadline=- last=agreed/motorist
[01:22:16] e36fc6df stage=negotiating flow=agreed radius=1km/10km qpos=1 pro=Oluwatosin Temitope Olanrewaju(ad5430e2) deadline=- last=agreed/motorist
[01:22:22] e36fc6df stage=negotiating flow=agreed radius=1km/10km qpos=1 pro=Oluwatosin Temitope Olanrewaju(ad5430e2) deadline=- last=agreed/motorist
[01:22:27] e36fc6df stage=negotiating flow=agreed radius=1km/10km qpos=1 pro=Oluwatosin Temitope Olanrewaju(ad5430e2) deadline=- last=agreed/motorist
[01:22:33] e36fc6df stage=negotiating flow=agreed radius=1km/10km qpos=1 pro=Oluwatosin Temitope Olanrewaju(ad5430e2) deadline=- last=agreed/motorist
[01:22:38] e36fc6df stage=negotiating flow=agreed radius=1km/10km qpos=1 pro=Oluwatosin Temitope Olanrewaju(ad5430e2) deadline=- last=agreed/motorist
[01:22:44] e36fc6df stage=negotiating flow=agreed radius=1km/10km qpos=1 pro=Oluwatosin Temitope Olanrewaju(ad5430e2) deadline=- last=agreed/motorist
[01:22:49] e36fc6df stage=negotiating flow=agreed radius=1km/10km qpos=1 pro=Oluwatosin Temitope Olanrewaju(ad5430e2) deadline=- last=agreed/motorist
[01:22:55] e36fc6df stage=negotiating flow=agreed radius=1km/10km qpos=1 pro=Oluwatosin Temitope Olanrewaju(ad5430e2) deadline=- last=agreed/motorist
[01:23:00] e36fc6df stage=negotiating flow=agreed radius=1km/10km qpos=1 pro=Oluwatosin Temitope Olanrewaju(ad5430e2) deadline=- last=agreed/motorist
[01:23:06] e36fc6df stage=negotiating flow=agreed radius=1km/10km qpos=1 pro=Oluwatosin Temitope Olanrewaju(ad5430e2) deadline=- last=agreed/motorist
[01:23:11] e36fc6df stage=negotiating flow=agreed radius=1km/10km qpos=1 pro=Oluwatosin Temitope Olanrewaju(ad5430e2) deadline=- last=agreed/motorist
[01:23:17] e36fc6df stage=negotiating flow=agreed radius=1km/10km qpos=1 pro=Oluwatosin Temitope Olanrewaju(ad5430e2) deadline=- last=agreed/motorist
[01:23:22] e36fc6df stage=negotiating flow=agreed radius=1km/10km qpos=1 pro=Oluwatosin Temitope Olanrewaju(ad5430e2) deadline=- last=agreed/motorist
[01:23:28] e36fc6df stage=negotiating flow=agreed radius=1km/10km qpos=1 pro=Oluwatosin Temitope Olanrewaju(ad5430e2) deadline=- last=agreed/motorist
[01:23:33] e36fc6df stage=negotiating flow=agreed radius=1km/10km qpos=1 pro=Oluwatosin Temitope Olanrewaju(ad5430e2) deadline=- last=agreed/motorist
[01:23:39] e36fc6df stage=negotiating flow=agreed radius=1km/10km qpos=1 pro=Oluwatosin Temitope Olanrewaju(ad5430e2) deadline=- last=agreed/motorist
[01:23:44] e36fc6df stage=negotiating flow=agreed radius=1km/10km qpos=1 pro=Oluwatosin Temitope Olanrewaju(ad5430e2) deadline=- last=agreed/motorist
[01:23:50] e36fc6df stage=negotiating flow=agreed radius=1km/10km qpos=1 pro=Oluwatosin Temitope Olanrewaju(ad5430e2) deadline=- last=agreed/motorist
[01:23:55] e36fc6df stage=negotiating flow=agreed radius=1km/10km qpos=1 pro=Oluwatosin Temitope Olanrewaju(ad5430e2) deadline=- last=agreed/motorist
[01:24:01] e36fc6df stage=negotiating flow=agreed radius=1km/10km qpos=1 pro=Oluwatosin Temitope Olanrewaju(ad5430e2) deadline=- last=agreed/motorist
[01:24:07] e36fc6df stage=negotiating flow=agreed radius=1km/10km qpos=1 pro=Oluwatosin Temitope Olanrewaju(ad5430e2) deadline=- last=agreed/motorist
[01:24:12] e36fc6df stage=negotiating flow=agreed radius=1km/10km qpos=1 pro=Oluwatosin Temitope Olanrewaju(ad5430e2) deadline=- last=agreed/motorist
[01:24:18] e36fc6df stage=negotiating flow=agreed radius=1km/10km qpos=1 pro=Oluwatosin Temitope Olanrewaju(ad5430e2) deadline=- last=agreed/motorist
[01:24:23] e36fc6df stage=negotiating flow=agreed radius=1km/10km qpos=1 pro=Oluwatosin Temitope Olanrewaju(ad5430e2) deadline=- last=agreed/motorist
[01:24:29] e36fc6df stage=negotiating flow=agreed radius=1km/10km qpos=1 pro=Oluwatosin Temitope Olanrewaju(ad5430e2) deadline=- last=agreed/motorist
[01:24:34] e36fc6df stage=negotiating flow=agreed radius=1km/10km qpos=1 pro=Oluwatosin Temitope Olanrewaju(ad5430e2) deadline=- last=agreed/motorist
[01:24:40] e36fc6df stage=negotiating flow=agreed radius=1km/10km qpos=1 pro=Oluwatosin Temitope Olanrewaju(ad5430e2) deadline=- last=agreed/motorist
[01:24:45] e36fc6df stage=negotiating flow=agreed radius=1km/10km qpos=1 pro=Oluwatosin Temitope Olanrewaju(ad5430e2) deadline=- last=agreed/motorist
[01:24:51] e36fc6df stage=negotiating flow=agreed radius=1km/10km qpos=1 pro=Oluwatosin Temitope Olanrewaju(ad5430e2) deadline=- last=agreed/motorist
[01:24:56] e36fc6df stage=negotiating flow=agreed radius=1km/10km qpos=1 pro=Oluwatosin Temitope Olanrewaju(ad5430e2) deadline=- last=agreed/motorist
[01:25:02] e36fc6df stage=negotiating flow=agreed radius=1km/10km qpos=1 pro=Oluwatosin Temitope Olanrewaju(ad5430e2) deadline=- last=agreed/motorist
[01:25:07] e36fc6df stage=negotiating flow=agreed radius=1km/10km qpos=1 pro=Oluwatosin Temitope Olanrewaju(ad5430e2) deadline=- last=agreed/motorist
[01:25:13] e36fc6df stage=negotiating flow=agreed radius=1km/10km qpos=1 pro=Oluwatosin Temitope Olanrewaju(ad5430e2) deadline=- last=agreed/motorist
[01:25:18] e36fc6df stage=negotiating flow=agreed radius=1km/10km qpos=1 pro=Oluwatosin Temitope Olanrewaju(ad5430e2) deadline=- last=agreed/motorist
[01:25:24] e36fc6df stage=negotiating flow=agreed radius=1km/10km qpos=1 pro=Oluwatosin Temitope Olanrewaju(ad5430e2) deadline=- last=agreed/motorist
[01:25:29] e36fc6df stage=negotiating flow=agreed radius=1km/10km qpos=1 pro=Oluwatosin Temitope Olanrewaju(ad5430e2) deadline=- last=agreed/motorist
[01:25:35] e36fc6df stage=negotiating flow=agreed radius=1km/10km qpos=1 pro=Oluwatosin Temitope Olanrewaju(ad5430e2) deadline=- last=agreed/motorist
[01:25:41] e36fc6df stage=negotiating flow=agreed radius=1km/10km qpos=1 pro=Oluwatosin Temitope Olanrewaju(ad5430e2) deadline=- last=agreed/motorist
[01:25:46] e36fc6df stage=negotiating flow=agreed radius=1km/10km qpos=1 pro=Oluwatosin Temitope Olanrewaju(ad5430e2) deadline=- last=agreed/motorist
[01:25:52] e36fc6df stage=negotiating flow=agreed radius=1km/10km qpos=1 pro=Oluwatosin Temitope Olanrewaju(ad5430e2) deadline=- last=agreed/motorist
[01:25:57] e36fc6df stage=negotiating flow=agreed radius=1km/10km qpos=1 pro=Oluwatosin Temitope Olanrewaju(ad5430e2) deadline=- last=agreed/motorist
[01:26:03] e36fc6df stage=negotiating flow=agreed radius=1km/10km qpos=1 pro=Oluwatosin Temitope Olanrewaju(ad5430e2) deadline=- last=agreed/motorist
[01:26:08] e36fc6df stage=negotiating flow=agreed radius=1km/10km qpos=1 pro=Oluwatosin Temitope Olanrewaju(ad5430e2) deadline=- last=agreed/motorist
[01:26:14] e36fc6df stage=negotiating flow=agreed radius=1km/10km qpos=1 pro=Oluwatosin Temitope Olanrewaju(ad5430e2) deadline=- last=agreed/motorist
[01:26:19] e36fc6df stage=negotiating flow=agreed radius=1km/10km qpos=1 pro=Oluwatosin Temitope Olanrewaju(ad5430e2) deadline=- last=agreed/motorist
[01:26:25] e36fc6df stage=negotiating flow=agreed radius=1km/10km qpos=1 pro=Oluwatosin Temitope Olanrewaju(ad5430e2) deadline=- last=agreed/motorist
[01:26:30] e36fc6df stage=negotiating flow=agreed radius=1km/10km qpos=1 pro=Oluwatosin Temitope Olanrewaju(ad5430e2) deadline=- last=agreed/motorist
[01:26:36] e36fc6df stage=negotiating flow=agreed radius=1km/10km qpos=1 pro=Oluwatosin Temitope Olanrewaju(ad5430e2) deadline=- last=agreed/motorist
[01:26:42] e36fc6df stage=negotiating flow=agreed radius=1km/10km qpos=1 pro=Oluwatosin Temitope Olanrewaju(ad5430e2) deadline=- last=agreed/motorist
[01:26:47] e36fc6df stage=negotiating flow=agreed radius=1km/10km qpos=1 pro=Oluwatosin Temitope Olanrewaju(ad5430e2) deadline=- last=agreed/motorist
[01:26:53] e36fc6df stage=negotiating flow=agreed radius=1km/10km qpos=1 pro=Oluwatosin Temitope Olanrewaju(ad5430e2) deadline=- last=agreed/motorist
[01:26:58] e36fc6df stage=negotiating flow=agreed radius=1km/10km qpos=1 pro=Oluwatosin Temitope Olanrewaju(ad5430e2) deadline=- last=agreed/motorist
[01:27:04] e36fc6df stage=negotiating flow=agreed radius=1km/10km qpos=1 pro=Oluwatosin Temitope Olanrewaju(ad5430e2) deadline=- last=agreed/motorist
[01:27:09] e36fc6df stage=negotiating flow=agreed radius=1km/10km qpos=1 pro=Oluwatosin Temitope Olanrewaju(ad5430e2) deadline=- last=agreed/motorist
[01:27:15] e36fc6df stage=negotiating flow=agreed radius=1km/10km qpos=1 pro=Oluwatosin Temitope Olanrewaju(ad5430e2) deadline=- last=agreed/motorist
[01:27:20] e36fc6df stage=negotiating flow=agreed radius=1km/10km qpos=1 pro=Oluwatosin Temitope Olanrewaju(ad5430e2) deadline=- last=agreed/motorist
[01:27:26] e36fc6df stage=negotiating flow=agreed radius=1km/10km qpos=1 pro=Oluwatosin Temitope Olanrewaju(ad5430e2) deadline=- last=agreed/motorist
[01:27:31] e36fc6df stage=negotiating flow=agreed radius=1km/10km qpos=1 pro=Oluwatosin Temitope Olanrewaju(ad5430e2) deadline=- last=agreed/motorist
[01:27:37] e36fc6df stage=negotiating flow=agreed radius=1km/10km qpos=1 pro=Oluwatosin Temitope Olanrewaju(ad5430e2) deadline=- last=agreed/motorist
[01:27:42] e36fc6df stage=negotiating flow=agreed radius=1km/10km qpos=1 pro=Oluwatosin Temitope Olanrewaju(ad5430e2) deadline=- last=agreed/motorist
[01:27:48] e36fc6df stage=negotiating flow=agreed radius=1km/10km qpos=1 pro=Oluwatosin Temitope Olanrewaju(ad5430e2) deadline=- last=agreed/motorist
[01:27:53] e36fc6df stage=negotiating flow=agreed radius=1km/10km qpos=1 pro=Oluwatosin Temitope Olanrewaju(ad5430e2) deadline=- last=agreed/motorist
[01:27:59] e36fc6df stage=negotiating flow=agreed radius=1km/10km qpos=1 pro=Oluwatosin Temitope Olanrewaju(ad5430e2) deadline=- last=agreed/motorist
[01:28:05] e36fc6df stage=negotiating flow=agreed radius=1km/10km qpos=1 pro=Oluwatosin Temitope Olanrewaju(ad5430e2) deadline=- last=agreed/motorist
[01:28:10] e36fc6df stage=negotiating flow=agreed radius=1km/10km qpos=1 pro=Oluwatosin Temitope Olanrewaju(ad5430e2) deadline=- last=agreed/motorist
[01:28:15] e36fc6df stage=negotiating flow=agreed radius=1km/10km qpos=1 pro=Oluwatosin Temitope Olanrewaju(ad5430e2) deadline=- last=agreed/motorist
[01:28:21] e36fc6df stage=negotiating flow=agreed radius=1km/10km qpos=1 pro=Oluwatosin Temitope Olanrewaju(ad5430e2) deadline=- last=agreed/motorist
[01:28:27] e36fc6df stage=negotiating flow=agreed radius=1km/10km qpos=1 pro=Oluwatosin Temitope Olanrewaju(ad5430e2) deadline=- last=agreed/motorist
[01:28:32] e36fc6df stage=negotiating flow=agreed radius=1km/10km qpos=1 pro=Oluwatosin Temitope Olanrewaju(ad5430e2) deadline=- last=agreed/motorist
[01:28:38] e36fc6df stage=negotiating flow=agreed radius=1km/10km qpos=1 pro=Oluwatosin Temitope Olanrewaju(ad5430e2) deadline=- last=agreed/motorist
[01:28:43] e36fc6df stage=negotiating flow=agreed radius=1km/10km qpos=1 pro=Oluwatosin Temitope Olanrewaju(ad5430e2) deadline=- last=agreed/motorist
[01:28:49] e36fc6df stage=negotiating flow=agreed radius=1km/10km qpos=1 pro=Oluwatosin Temitope Olanrewaju(ad5430e2) deadline=- last=agreed/motorist
[01:28:54] e36fc6df stage=negotiating flow=agreed radius=1km/10km qpos=1 pro=Oluwatosin Temitope Olanrewaju(ad5430e2) deadline=- last=agreed/motorist
[01:29:00] e36fc6df stage=negotiating flow=agreed radius=1km/10km qpos=1 pro=Oluwatosin Temitope Olanrewaju(ad5430e2) deadline=- last=agreed/motorist
[01:29:05] e36fc6df stage=negotiating flow=agreed radius=1km/10km qpos=1 pro=Oluwatosin Temitope Olanrewaju(ad5430e2) deadline=- last=agreed/motorist
[01:29:11] e36fc6df stage=negotiating flow=agreed radius=1km/10km qpos=1 pro=Oluwatosin Temitope Olanrewaju(ad5430e2) deadline=- last=agreed/motorist
[01:29:17] e36fc6df stage=negotiating flow=agreed radius=1km/10km qpos=1 pro=Oluwatosin Temitope Olanrewaju(ad5430e2) deadline=- last=agreed/motorist
[01:29:22] e36fc6df stage=negotiating flow=agreed radius=1km/10km qpos=1 pro=Oluwatosin Temitope Olanrewaju(ad5430e2) deadline=- last=agreed/motorist
[01:29:28] e36fc6df stage=negotiating flow=agreed radius=1km/10km qpos=1 pro=Oluwatosin Temitope Olanrewaju(ad5430e2) deadline=- last=agreed/motorist
[01:29:34] e36fc6df stage=negotiating flow=agreed radius=1km/10km qpos=1 pro=Oluwatosin Temitope Olanrewaju(ad5430e2) deadline=- last=agreed/motorist
[01:29:40] e36fc6df stage=negotiating flow=agreed radius=1km/10km qpos=1 pro=Oluwatosin Temitope Olanrewaju(ad5430e2) deadline=- last=agreed/motorist
[01:29:45] e36fc6df stage=negotiating flow=agreed radius=1km/10km qpos=1 pro=Oluwatosin Temitope Olanrewaju(ad5430e2) deadline=- last=agreed/motorist
[01:29:51] e36fc6df stage=negotiating flow=agreed radius=1km/10km qpos=1 pro=Oluwatosin Temitope Olanrewaju(ad5430e2) deadline=- last=agreed/motorist
[01:29:56] e36fc6df stage=negotiating flow=agreed radius=1km/10km qpos=1 pro=Oluwatosin Temitope Olanrewaju(ad5430e2) deadline=- last=agreed/motorist
[01:30:02] e36fc6df stage=negotiating flow=agreed radius=1km/10km qpos=1 pro=Oluwatosin Temitope Olanrewaju(ad5430e2) deadline=- last=agreed/motorist
[01:30:07] e36fc6df stage=negotiating flow=agreed radius=1km/10km qpos=1 pro=Oluwatosin Temitope Olanrewaju(ad5430e2) deadline=- last=agreed/motorist
[01:30:13] e36fc6df stage=negotiating flow=agreed radius=1km/10km qpos=1 pro=Oluwatosin Temitope Olanrewaju(ad5430e2) deadline=- last=agreed/motorist
[01:30:18] e36fc6df stage=negotiating flow=agreed radius=1km/10km qpos=1 pro=Oluwatosin Temitope Olanrewaju(ad5430e2) deadline=- last=agreed/motorist
[01:30:24] e36fc6df stage=negotiating flow=agreed radius=1km/10km qpos=1 pro=Oluwatosin Temitope Olanrewaju(ad5430e2) deadline=- last=agreed/motorist
[01:30:29] e36fc6df stage=negotiating flow=agreed radius=1km/10km qpos=1 pro=Oluwatosin Temitope Olanrewaju(ad5430e2) deadline=- last=agreed/motorist
[01:30:35] e36fc6df stage=negotiating flow=agreed radius=1km/10km qpos=1 pro=Oluwatosin Temitope Olanrewaju(ad5430e2) deadline=- last=agreed/motorist
[01:30:41] e36fc6df stage=negotiating flow=agreed radius=1km/10km qpos=1 pro=Oluwatosin Temitope Olanrewaju(ad5430e2) deadline=- last=agreed/motorist
[01:30:46] e36fc6df stage=negotiating flow=agreed radius=1km/10km qpos=1 pro=Oluwatosin Temitope Olanrewaju(ad5430e2) deadline=- last=agreed/motorist
[01:30:52] e36fc6df stage=negotiating flow=agreed radius=1km/10km qpos=1 pro=Oluwatosin Temitope Olanrewaju(ad5430e2) deadline=- last=agreed/motorist
[01:30:58] e36fc6df stage=negotiating flow=agreed radius=1km/10km qpos=1 pro=Oluwatosin Temitope Olanrewaju(ad5430e2) deadline=- last=agreed/motorist
[01:31:04] e36fc6df stage=negotiating flow=agreed radius=1km/10km qpos=1 pro=Oluwatosin Temitope Olanrewaju(ad5430e2) deadline=- last=agreed/motorist
[01:31:09] e36fc6df stage=negotiating flow=agreed radius=1km/10km qpos=1 pro=Oluwatosin Temitope Olanrewaju(ad5430e2) deadline=- last=agreed/motorist
[01:31:15] e36fc6df stage=negotiating flow=agreed radius=1km/10km qpos=1 pro=Oluwatosin Temitope Olanrewaju(ad5430e2) deadline=- last=agreed/motorist
[01:31:20] e36fc6df stage=negotiating flow=agreed radius=1km/10km qpos=1 pro=Oluwatosin Temitope Olanrewaju(ad5430e2) deadline=- last=agreed/motorist
[01:31:26] e36fc6df stage=negotiating flow=agreed radius=1km/10km qpos=1 pro=Oluwatosin Temitope Olanrewaju(ad5430e2) deadline=- last=agreed/motorist
[01:31:31] e36fc6df stage=negotiating flow=agreed radius=1km/10km qpos=1 pro=Oluwatosin Temitope Olanrewaju(ad5430e2) deadline=- last=agreed/motorist
[01:31:37] e36fc6df stage=negotiating flow=agreed radius=1km/10km qpos=1 pro=Oluwatosin Temitope Olanrewaju(ad5430e2) deadline=- last=agreed/motorist
[01:31:42] e36fc6df stage=negotiating flow=agreed radius=1km/10km qpos=1 pro=Oluwatosin Temitope Olanrewaju(ad5430e2) deadline=- last=agreed/motorist
[01:31:48] e36fc6df stage=negotiating flow=agreed radius=1km/10km qpos=1 pro=Oluwatosin Temitope Olanrewaju(ad5430e2) deadline=- last=agreed/motorist
[01:31:53] e36fc6df stage=negotiating flow=agreed radius=1km/10km qpos=1 pro=Oluwatosin Temitope Olanrewaju(ad5430e2) deadline=- last=agreed/motorist
[01:31:59] e36fc6df stage=negotiating flow=agreed radius=1km/10km qpos=1 pro=Oluwatosin Temitope Olanrewaju(ad5430e2) deadline=- last=agreed/motorist
[01:32:05] e36fc6df stage=negotiating flow=agreed radius=1km/10km qpos=1 pro=Oluwatosin Temitope Olanrewaju(ad5430e2) deadline=- last=agreed/motorist
[01:32:10] e36fc6df stage=negotiating flow=agreed radius=1km/10km qpos=1 pro=Oluwatosin Temitope Olanrewaju(ad5430e2) deadline=- last=agreed/motorist
[01:32:16] e36fc6df stage=negotiating flow=agreed radius=1km/10km qpos=1 pro=Oluwatosin Temitope Olanrewaju(ad5430e2) deadline=- last=agreed/motorist
[01:32:21] e36fc6df stage=negotiating flow=agreed radius=1km/10km qpos=1 pro=Oluwatosin Temitope Olanrewaju(ad5430e2) deadline=- last=agreed/motorist
[01:32:27] e36fc6df stage=negotiating flow=agreed radius=1km/10km qpos=1 pro=Oluwatosin Temitope Olanrewaju(ad5430e2) deadline=- last=agreed/motorist
[01:32:32] e36fc6df stage=negotiating flow=agreed radius=1km/10km qpos=1 pro=Oluwatosin Temitope Olanrewaju(ad5430e2) deadline=- last=agreed/motorist
[01:32:38] e36fc6df stage=negotiating flow=agreed radius=1km/10km qpos=1 pro=Oluwatosin Temitope Olanrewaju(ad5430e2) deadline=- last=agreed/motorist
[01:32:43] e36fc6df stage=negotiating flow=agreed radius=1km/10km qpos=1 pro=Oluwatosin Temitope Olanrewaju(ad5430e2) deadline=- last=agreed/motorist
[01:32:49] e36fc6df stage=negotiating flow=agreed radius=1km/10km qpos=1 pro=Oluwatosin Temitope Olanrewaju(ad5430e2) deadline=- last=agreed/motorist
[01:32:55] e36fc6df stage=negotiating flow=agreed radius=1km/10km qpos=1 pro=Oluwatosin Temitope Olanrewaju(ad5430e2) deadline=- last=agreed/motorist
[01:33:00] e36fc6df stage=negotiating flow=agreed radius=1km/10km qpos=1 pro=Oluwatosin Temitope Olanrewaju(ad5430e2) deadline=- last=agreed/motorist
[01:33:05] e36fc6df stage=negotiating flow=agreed radius=1km/10km qpos=1 pro=Oluwatosin Temitope Olanrewaju(ad5430e2) deadline=- last=agreed/motorist
[01:33:11] e36fc6df stage=negotiating flow=agreed radius=1km/10km qpos=1 pro=Oluwatosin Temitope Olanrewaju(ad5430e2) deadline=- last=agreed/motorist
[01:33:16] e36fc6df stage=negotiating flow=agreed radius=1km/10km qpos=1 pro=Oluwatosin Temitope Olanrewaju(ad5430e2) deadline=- last=agreed/motorist
[01:33:22] e36fc6df stage=negotiating flow=agreed radius=1km/10km qpos=1 pro=Oluwatosin Temitope Olanrewaju(ad5430e2) deadline=- last=agreed/motorist
[01:33:28] e36fc6df stage=negotiating flow=agreed radius=1km/10km qpos=1 pro=Oluwatosin Temitope Olanrewaju(ad5430e2) deadline=- last=agreed/motorist
[01:33:33] e36fc6df stage=negotiating flow=agreed radius=1km/10km qpos=1 pro=Oluwatosin Temitope Olanrewaju(ad5430e2) deadline=- last=agreed/motorist
[01:33:39] e36fc6df stage=negotiating flow=agreed radius=1km/10km qpos=1 pro=Oluwatosin Temitope Olanrewaju(ad5430e2) deadline=- last=agreed/motorist
[01:33:45] e36fc6df stage=negotiating flow=agreed radius=1km/10km qpos=1 pro=Oluwatosin Temitope Olanrewaju(ad5430e2) deadline=- last=agreed/motorist
[01:33:50] e36fc6df stage=negotiating flow=agreed radius=1km/10km qpos=1 pro=Oluwatosin Temitope Olanrewaju(ad5430e2) deadline=- last=agreed/motorist
[01:33:56] e36fc6df stage=negotiating flow=agreed radius=1km/10km qpos=1 pro=Oluwatosin Temitope Olanrewaju(ad5430e2) deadline=- last=agreed/motorist
[01:34:01] e36fc6df stage=negotiating flow=agreed radius=1km/10km qpos=1 pro=Oluwatosin Temitope Olanrewaju(ad5430e2) deadline=- last=agreed/motorist
[01:34:07] e36fc6df stage=negotiating flow=agreed radius=1km/10km qpos=1 pro=Oluwatosin Temitope Olanrewaju(ad5430e2) deadline=- last=agreed/motorist
[01:34:12] e36fc6df stage=negotiating flow=agreed radius=1km/10km qpos=1 pro=Oluwatosin Temitope Olanrewaju(ad5430e2) deadline=- last=agreed/motorist
[01:34:18] e36fc6df stage=negotiating flow=agreed radius=1km/10km qpos=1 pro=Oluwatosin Temitope Olanrewaju(ad5430e2) deadline=- last=agreed/motorist
[01:34:24] e36fc6df stage=negotiating flow=agreed radius=1km/10km qpos=1 pro=Oluwatosin Temitope Olanrewaju(ad5430e2) deadline=- last=agreed/motorist
[01:34:29] e36fc6df stage=negotiating flow=agreed radius=1km/10km qpos=1 pro=Oluwatosin Temitope Olanrewaju(ad5430e2) deadline=- last=agreed/motorist
[01:34:35] e36fc6df stage=negotiating flow=agreed radius=1km/10km qpos=1 pro=Oluwatosin Temitope Olanrewaju(ad5430e2) deadline=- last=agreed/motorist
[01:34:40] e36fc6df stage=negotiating flow=agreed radius=1km/10km qpos=1 pro=Oluwatosin Temitope Olanrewaju(ad5430e2) deadline=- last=agreed/motorist
[01:34:46] e36fc6df stage=negotiating flow=agreed radius=1km/10km qpos=1 pro=Oluwatosin Temitope Olanrewaju(ad5430e2) deadline=- last=agreed/motorist
[01:34:51] e36fc6df stage=negotiating flow=agreed radius=1km/10km qpos=1 pro=Oluwatosin Temitope Olanrewaju(ad5430e2) deadline=- last=agreed/motorist
[01:34:57] e36fc6df stage=negotiating flow=agreed radius=1km/10km qpos=1 pro=Oluwatosin Temitope Olanrewaju(ad5430e2) deadline=- last=agreed/motorist
[01:35:02] e36fc6df stage=negotiating flow=agreed radius=1km/10km qpos=1 pro=Oluwatosin Temitope Olanrewaju(ad5430e2) deadline=- last=agreed/motorist
[01:35:08] e36fc6df stage=negotiating flow=agreed radius=1km/10km qpos=1 pro=Oluwatosin Temitope Olanrewaju(ad5430e2) deadline=- last=agreed/motorist
[01:35:14] e36fc6df stage=negotiating flow=agreed radius=1km/10km qpos=1 pro=Oluwatosin Temitope Olanrewaju(ad5430e2) deadline=- last=agreed/motorist
[01:35:19] e36fc6df stage=negotiating flow=agreed radius=1km/10km qpos=1 pro=Oluwatosin Temitope Olanrewaju(ad5430e2) deadline=- last=agreed/motorist
[01:35:25] e36fc6df stage=negotiating flow=agreed radius=1km/10km qpos=1 pro=Oluwatosin Temitope Olanrewaju(ad5430e2) deadline=- last=agreed/motorist
[01:35:30] e36fc6df stage=negotiating flow=agreed radius=1km/10km qpos=1 pro=Oluwatosin Temitope Olanrewaju(ad5430e2) deadline=- last=agreed/motorist
[01:35:36] e36fc6df stage=negotiating flow=agreed radius=1km/10km qpos=1 pro=Oluwatosin Temitope Olanrewaju(ad5430e2) deadline=- last=agreed/motorist
[01:35:41] e36fc6df stage=negotiating flow=agreed radius=1km/10km qpos=1 pro=Oluwatosin Temitope Olanrewaju(ad5430e2) deadline=- last=agreed/motorist
[01:35:47] e36fc6df stage=negotiating flow=agreed radius=1km/10km qpos=1 pro=Oluwatosin Temitope Olanrewaju(ad5430e2) deadline=- last=agreed/motorist
[01:35:52] e36fc6df stage=negotiating flow=agreed radius=1km/10km qpos=1 pro=Oluwatosin Temitope Olanrewaju(ad5430e2) deadline=- last=agreed/motorist
[01:35:58] e36fc6df stage=negotiating flow=agreed radius=1km/10km qpos=1 pro=Oluwatosin Temitope Olanrewaju(ad5430e2) deadline=- last=agreed/motorist
[01:36:04] e36fc6df stage=negotiating flow=agreed radius=1km/10km qpos=1 pro=Oluwatosin Temitope Olanrewaju(ad5430e2) deadline=- last=agreed/motorist
[01:36:09] e36fc6df stage=negotiating flow=agreed radius=1km/10km qpos=1 pro=Oluwatosin Temitope Olanrewaju(ad5430e2) deadline=- last=agreed/motorist
[01:36:15] e36fc6df stage=negotiating flow=agreed radius=1km/10km qpos=1 pro=Oluwatosin Temitope Olanrewaju(ad5430e2) deadline=- last=agreed/motorist
[01:36:20] e36fc6df stage=negotiating flow=agreed radius=1km/10km qpos=1 pro=Oluwatosin Temitope Olanrewaju(ad5430e2) deadline=- last=agreed/motorist
[01:36:26] e36fc6df stage=negotiating flow=agreed radius=1km/10km qpos=1 pro=Oluwatosin Temitope Olanrewaju(ad5430e2) deadline=- last=agreed/motorist
[01:36:31] e36fc6df stage=negotiating flow=agreed radius=1km/10km qpos=1 pro=Oluwatosin Temitope Olanrewaju(ad5430e2) deadline=- last=agreed/motorist
[01:36:37] e36fc6df stage=negotiating flow=agreed radius=1km/10km qpos=1 pro=Oluwatosin Temitope Olanrewaju(ad5430e2) deadline=- last=agreed/motorist
[01:36:42] e36fc6df stage=negotiating flow=agreed radius=1km/10km qpos=1 pro=Oluwatosin Temitope Olanrewaju(ad5430e2) deadline=- last=agreed/motorist
[01:36:48] e36fc6df stage=negotiating flow=agreed radius=1km/10km qpos=1 pro=Oluwatosin Temitope Olanrewaju(ad5430e2) deadline=- last=agreed/motorist
[01:36:54] e36fc6df stage=negotiating flow=agreed radius=1km/10km qpos=1 pro=Oluwatosin Temitope Olanrewaju(ad5430e2) deadline=- last=agreed/motorist
[01:36:59] e36fc6df stage=negotiating flow=agreed radius=1km/10km qpos=1 pro=Oluwatosin Temitope Olanrewaju(ad5430e2) deadline=- last=agreed/motorist
[01:37:05] e36fc6df stage=negotiating flow=agreed radius=1km/10km qpos=1 pro=Oluwatosin Temitope Olanrewaju(ad5430e2) deadline=- last=agreed/motorist
[01:37:11] e36fc6df stage=negotiating flow=agreed radius=1km/10km qpos=1 pro=Oluwatosin Temitope Olanrewaju(ad5430e2) deadline=- last=agreed/motorist
[01:37:16] e36fc6df stage=negotiating flow=agreed radius=1km/10km qpos=1 pro=Oluwatosin Temitope Olanrewaju(ad5430e2) deadline=- last=agreed/motorist
[01:37:22] e36fc6df stage=negotiating flow=agreed radius=1km/10km qpos=1 pro=Oluwatosin Temitope Olanrewaju(ad5430e2) deadline=- last=agreed/motorist
[01:37:27] e36fc6df stage=negotiating flow=agreed radius=1km/10km qpos=1 pro=Oluwatosin Temitope Olanrewaju(ad5430e2) deadline=- last=agreed/motorist
[01:37:33] e36fc6df stage=negotiating flow=agreed radius=1km/10km qpos=1 pro=Oluwatosin Temitope Olanrewaju(ad5430e2) deadline=- last=agreed/motorist
[01:37:39] e36fc6df stage=negotiating flow=agreed radius=1km/10km qpos=1 pro=Oluwatosin Temitope Olanrewaju(ad5430e2) deadline=- last=agreed/motorist
[01:37:44] e36fc6df stage=negotiating flow=agreed radius=1km/10km qpos=1 pro=Oluwatosin Temitope Olanrewaju(ad5430e2) deadline=- last=agreed/motorist
[01:37:50] e36fc6df stage=negotiating flow=agreed radius=1km/10km qpos=1 pro=Oluwatosin Temitope Olanrewaju(ad5430e2) deadline=- last=agreed/motorist
[01:37:55] e36fc6df stage=negotiating flow=agreed radius=1km/10km qpos=1 pro=Oluwatosin Temitope Olanrewaju(ad5430e2) deadline=- last=agreed/motorist
[01:38:01] e36fc6df stage=negotiating flow=agreed radius=1km/10km qpos=1 pro=Oluwatosin Temitope Olanrewaju(ad5430e2) deadline=- last=agreed/motorist
[01:38:06] e36fc6df stage=negotiating flow=agreed radius=1km/10km qpos=1 pro=Oluwatosin Temitope Olanrewaju(ad5430e2) deadline=- last=agreed/motorist
[01:38:12] e36fc6df stage=negotiating flow=agreed radius=1km/10km qpos=1 pro=Oluwatosin Temitope Olanrewaju(ad5430e2) deadline=- last=agreed/motorist
[01:38:17] e36fc6df stage=negotiating flow=agreed radius=1km/10km qpos=1 pro=Oluwatosin Temitope Olanrewaju(ad5430e2) deadline=- last=agreed/motorist
[01:38:23] e36fc6df stage=negotiating flow=agreed radius=1km/10km qpos=1 pro=Oluwatosin Temitope Olanrewaju(ad5430e2) deadline=- last=agreed/motorist
[01:38:28] e36fc6df stage=negotiating flow=agreed radius=1km/10km qpos=1 pro=Oluwatosin Temitope Olanrewaju(ad5430e2) deadline=- last=agreed/motorist
[01:38:34] e36fc6df stage=negotiating flow=agreed radius=1km/10km qpos=1 pro=Oluwatosin Temitope Olanrewaju(ad5430e2) deadline=- last=agreed/motorist
[01:38:40] e36fc6df stage=negotiating flow=agreed radius=1km/10km qpos=1 pro=Oluwatosin Temitope Olanrewaju(ad5430e2) deadline=- last=agreed/motorist
[01:38:45] e36fc6df stage=negotiating flow=agreed radius=1km/10km qpos=1 pro=Oluwatosin Temitope Olanrewaju(ad5430e2) deadline=- last=agreed/motorist
[01:38:51] e36fc6df stage=negotiating flow=agreed radius=1km/10km qpos=1 pro=Oluwatosin Temitope Olanrewaju(ad5430e2) deadline=- last=agreed/motorist
[01:38:56] e36fc6df stage=negotiating flow=agreed radius=1km/10km qpos=1 pro=Oluwatosin Temitope Olanrewaju(ad5430e2) deadline=- last=agreed/motorist
[01:39:02] e36fc6df stage=negotiating flow=agreed radius=1km/10km qpos=1 pro=Oluwatosin Temitope Olanrewaju(ad5430e2) deadline=- last=agreed/motorist
[01:39:07] e36fc6df stage=negotiating flow=agreed radius=1km/10km qpos=1 pro=Oluwatosin Temitope Olanrewaju(ad5430e2) deadline=- last=agreed/motorist
[01:39:13] e36fc6df stage=negotiating flow=agreed radius=1km/10km qpos=1 pro=Oluwatosin Temitope Olanrewaju(ad5430e2) deadline=- last=agreed/motorist
[01:39:19] e36fc6df stage=negotiating flow=agreed radius=1km/10km qpos=1 pro=Oluwatosin Temitope Olanrewaju(ad5430e2) deadline=- last=agreed/motorist
[01:39:24] e36fc6df stage=negotiating flow=agreed radius=1km/10km qpos=1 pro=Oluwatosin Temitope Olanrewaju(ad5430e2) deadline=- last=agreed/motorist
[01:39:30] e36fc6df stage=negotiating flow=agreed radius=1km/10km qpos=1 pro=Oluwatosin Temitope Olanrewaju(ad5430e2) deadline=- last=agreed/motorist
[01:39:35] e36fc6df stage=negotiating flow=agreed radius=1km/10km qpos=1 pro=Oluwatosin Temitope Olanrewaju(ad5430e2) deadline=- last=agreed/motorist
[01:39:41] e36fc6df stage=negotiating flow=agreed radius=1km/10km qpos=1 pro=Oluwatosin Temitope Olanrewaju(ad5430e2) deadline=- last=agreed/motorist
[01:39:46] e36fc6df stage=negotiating flow=agreed radius=1km/10km qpos=1 pro=Oluwatosin Temitope Olanrewaju(ad5430e2) deadline=- last=agreed/motorist
[01:39:52] e36fc6df stage=negotiating flow=agreed radius=1km/10km qpos=1 pro=Oluwatosin Temitope Olanrewaju(ad5430e2) deadline=- last=agreed/motorist
[01:39:57] e36fc6df stage=negotiating flow=agreed radius=1km/10km qpos=1 pro=Oluwatosin Temitope Olanrewaju(ad5430e2) deadline=- last=agreed/motorist
[01:40:03] e36fc6df stage=negotiating flow=agreed radius=1km/10km qpos=1 pro=Oluwatosin Temitope Olanrewaju(ad5430e2) deadline=- last=agreed/motorist
[01:40:08] e36fc6df stage=negotiating flow=agreed radius=1km/10km qpos=1 pro=Oluwatosin Temitope Olanrewaju(ad5430e2) deadline=- last=agreed/motorist
[01:40:14] e36fc6df stage=negotiating flow=agreed radius=1km/10km qpos=1 pro=Oluwatosin Temitope Olanrewaju(ad5430e2) deadline=- last=agreed/motorist
[01:40:19] e36fc6df stage=negotiating flow=agreed radius=1km/10km qpos=1 pro=Oluwatosin Temitope Olanrewaju(ad5430e2) deadline=- last=agreed/motorist
[01:40:25] e36fc6df stage=negotiating flow=agreed radius=1km/10km qpos=1 pro=Oluwatosin Temitope Olanrewaju(ad5430e2) deadline=- last=agreed/motorist
[01:40:30] e36fc6df stage=negotiating flow=agreed radius=1km/10km qpos=1 pro=Oluwatosin Temitope Olanrewaju(ad5430e2) deadline=- last=agreed/motorist
[01:40:36] e36fc6df stage=negotiating flow=agreed radius=1km/10km qpos=1 pro=Oluwatosin Temitope Olanrewaju(ad5430e2) deadline=- last=agreed/motorist
[01:40:42] e36fc6df stage=negotiating flow=agreed radius=1km/10km qpos=1 pro=Oluwatosin Temitope Olanrewaju(ad5430e2) deadline=- last=agreed/motorist
[01:40:47] e36fc6df stage=negotiating flow=agreed radius=1km/10km qpos=1 pro=Oluwatosin Temitope Olanrewaju(ad5430e2) deadline=- last=agreed/motorist
[01:40:53] e36fc6df stage=negotiating flow=agreed radius=1km/10km qpos=1 pro=Oluwatosin Temitope Olanrewaju(ad5430e2) deadline=- last=agreed/motorist
[01:40:58] e36fc6df stage=negotiating flow=agreed radius=1km/10km qpos=1 pro=Oluwatosin Temitope Olanrewaju(ad5430e2) deadline=- last=agreed/motorist
[01:41:04] e36fc6df stage=negotiating flow=agreed radius=1km/10km qpos=1 pro=Oluwatosin Temitope Olanrewaju(ad5430e2) deadline=- last=agreed/motorist
[01:41:09] e36fc6df stage=negotiating flow=agreed radius=1km/10km qpos=1 pro=Oluwatosin Temitope Olanrewaju(ad5430e2) deadline=- last=agreed/motorist
[01:41:15] e36fc6df stage=negotiating flow=agreed radius=1km/10km qpos=1 pro=Oluwatosin Temitope Olanrewaju(ad5430e2) deadline=- last=agreed/motorist
[01:41:20] e36fc6df stage=negotiating flow=agreed radius=1km/10km qpos=1 pro=Oluwatosin Temitope Olanrewaju(ad5430e2) deadline=- last=agreed/motorist
[01:41:26] e36fc6df stage=negotiating flow=agreed radius=1km/10km qpos=1 pro=Oluwatosin Temitope Olanrewaju(ad5430e2) deadline=- last=agreed/motorist
[01:41:31] e36fc6df stage=negotiating flow=agreed radius=1km/10km qpos=1 pro=Oluwatosin Temitope Olanrewaju(ad5430e2) deadline=- last=agreed/motorist
[01:41:37] e36fc6df stage=negotiating flow=agreed radius=1km/10km qpos=1 pro=Oluwatosin Temitope Olanrewaju(ad5430e2) deadline=- last=agreed/motorist
[01:41:42] e36fc6df stage=negotiating flow=agreed radius=1km/10km qpos=1 pro=Oluwatosin Temitope Olanrewaju(ad5430e2) deadline=- last=agreed/motorist
[01:41:48] e36fc6df stage=negotiating flow=agreed radius=1km/10km qpos=1 pro=Oluwatosin Temitope Olanrewaju(ad5430e2) deadline=- last=agreed/motorist
[01:41:54] e36fc6df stage=negotiating flow=agreed radius=1km/10km qpos=1 pro=Oluwatosin Temitope Olanrewaju(ad5430e2) deadline=- last=agreed/motorist
[01:41:59] e36fc6df stage=negotiating flow=agreed radius=1km/10km qpos=1 pro=Oluwatosin Temitope Olanrewaju(ad5430e2) deadline=- last=agreed/motorist
[01:42:05] e36fc6df stage=negotiating flow=agreed radius=1km/10km qpos=1 pro=Oluwatosin Temitope Olanrewaju(ad5430e2) deadline=- last=agreed/motorist
[01:42:10] e36fc6df stage=negotiating flow=agreed radius=1km/10km qpos=1 pro=Oluwatosin Temitope Olanrewaju(ad5430e2) deadline=- last=agreed/motorist
[01:42:16] e36fc6df stage=negotiating flow=agreed radius=1km/10km qpos=1 pro=Oluwatosin Temitope Olanrewaju(ad5430e2) deadline=- last=agreed/motorist
[01:42:21] e36fc6df stage=negotiating flow=agreed radius=1km/10km qpos=1 pro=Oluwatosin Temitope Olanrewaju(ad5430e2) deadline=- last=agreed/motorist
[01:42:27] e36fc6df stage=negotiating flow=agreed radius=1km/10km qpos=1 pro=Oluwatosin Temitope Olanrewaju(ad5430e2) deadline=- last=agreed/motorist
[01:42:32] e36fc6df stage=negotiating flow=agreed radius=1km/10km qpos=1 pro=Oluwatosin Temitope Olanrewaju(ad5430e2) deadline=- last=agreed/motorist
[01:42:38] e36fc6df stage=negotiating flow=agreed radius=1km/10km qpos=1 pro=Oluwatosin Temitope Olanrewaju(ad5430e2) deadline=- last=agreed/motorist
[01:42:44] e36fc6df stage=negotiating flow=agreed radius=1km/10km qpos=1 pro=Oluwatosin Temitope Olanrewaju(ad5430e2) deadline=- last=agreed/motorist
[01:42:49] e36fc6df stage=negotiating flow=agreed radius=1km/10km qpos=1 pro=Oluwatosin Temitope Olanrewaju(ad5430e2) deadline=- last=agreed/motorist
[01:42:55] e36fc6df stage=negotiating flow=agreed radius=1km/10km qpos=1 pro=Oluwatosin Temitope Olanrewaju(ad5430e2) deadline=- last=agreed/motorist
[01:43:00] e36fc6df stage=negotiating flow=agreed radius=1km/10km qpos=1 pro=Oluwatosin Temitope Olanrewaju(ad5430e2) deadline=- last=agreed/motorist
[01:43:06] e36fc6df stage=negotiating flow=agreed radius=1km/10km qpos=1 pro=Oluwatosin Temitope Olanrewaju(ad5430e2) deadline=- last=agreed/motorist
[01:43:12] e36fc6df stage=negotiating flow=agreed radius=1km/10km qpos=1 pro=Oluwatosin Temitope Olanrewaju(ad5430e2) deadline=- last=agreed/motorist
[01:43:18] e36fc6df stage=negotiating flow=agreed radius=1km/10km qpos=1 pro=Oluwatosin Temitope Olanrewaju(ad5430e2) deadline=- last=agreed/motorist
[01:43:23] e36fc6df stage=negotiating flow=agreed radius=1km/10km qpos=1 pro=Oluwatosin Temitope Olanrewaju(ad5430e2) deadline=- last=agreed/motorist
[01:43:29] e36fc6df stage=negotiating flow=agreed radius=1km/10km qpos=1 pro=Oluwatosin Temitope Olanrewaju(ad5430e2) deadline=- last=agreed/motorist
[01:43:35] e36fc6df stage=negotiating flow=agreed radius=1km/10km qpos=1 pro=Oluwatosin Temitope Olanrewaju(ad5430e2) deadline=- last=agreed/motorist
[01:43:40] e36fc6df stage=negotiating flow=agreed radius=1km/10km qpos=1 pro=Oluwatosin Temitope Olanrewaju(ad5430e2) deadline=- last=agreed/motorist
[01:43:46] e36fc6df stage=negotiating flow=agreed radius=1km/10km qpos=1 pro=Oluwatosin Temitope Olanrewaju(ad5430e2) deadline=- last=agreed/motorist
[01:43:52] e36fc6df stage=negotiating flow=agreed radius=1km/10km qpos=1 pro=Oluwatosin Temitope Olanrewaju(ad5430e2) deadline=- last=agreed/motorist
[01:43:57] e36fc6df stage=negotiating flow=agreed radius=1km/10km qpos=1 pro=Oluwatosin Temitope Olanrewaju(ad5430e2) deadline=- last=agreed/motorist
[01:44:03] e36fc6df stage=negotiating flow=agreed radius=1km/10km qpos=1 pro=Oluwatosin Temitope Olanrewaju(ad5430e2) deadline=- last=agreed/motorist
[01:44:08] e36fc6df stage=negotiating flow=agreed radius=1km/10km qpos=1 pro=Oluwatosin Temitope Olanrewaju(ad5430e2) deadline=- last=agreed/motorist
[01:44:14] e36fc6df stage=negotiating flow=agreed radius=1km/10km qpos=1 pro=Oluwatosin Temitope Olanrewaju(ad5430e2) deadline=- last=agreed/motorist
[01:44:20] e36fc6df stage=negotiating flow=agreed radius=1km/10km qpos=1 pro=Oluwatosin Temitope Olanrewaju(ad5430e2) deadline=- last=agreed/motorist
[01:44:25] e36fc6df stage=negotiating flow=agreed radius=1km/10km qpos=1 pro=Oluwatosin Temitope Olanrewaju(ad5430e2) deadline=- last=agreed/motorist
[01:44:31] e36fc6df stage=negotiating flow=agreed radius=1km/10km qpos=1 pro=Oluwatosin Temitope Olanrewaju(ad5430e2) deadline=- last=agreed/motorist
[01:44:36] e36fc6df stage=negotiating flow=agreed radius=1km/10km qpos=1 pro=Oluwatosin Temitope Olanrewaju(ad5430e2) deadline=- last=agreed/motorist
[01:44:42] e36fc6df stage=negotiating flow=agreed radius=1km/10km qpos=1 pro=Oluwatosin Temitope Olanrewaju(ad5430e2) deadline=- last=agreed/motorist
[01:44:47] e36fc6df stage=negotiating flow=agreed radius=1km/10km qpos=1 pro=Oluwatosin Temitope Olanrewaju(ad5430e2) deadline=- last=agreed/motorist
[01:44:53] e36fc6df stage=negotiating flow=agreed radius=1km/10km qpos=1 pro=Oluwatosin Temitope Olanrewaju(ad5430e2) deadline=- last=agreed/motorist
[01:44:58] e36fc6df stage=negotiating flow=agreed radius=1km/10km qpos=1 pro=Oluwatosin Temitope Olanrewaju(ad5430e2) deadline=- last=agreed/motorist
[01:45:04] e36fc6df stage=negotiating flow=agreed radius=1km/10km qpos=1 pro=Oluwatosin Temitope Olanrewaju(ad5430e2) deadline=- last=agreed/motorist
[01:45:09] e36fc6df stage=negotiating flow=agreed radius=1km/10km qpos=1 pro=Oluwatosin Temitope Olanrewaju(ad5430e2) deadline=- last=agreed/motorist
[01:45:15] e36fc6df stage=negotiating flow=agreed radius=1km/10km qpos=1 pro=Oluwatosin Temitope Olanrewaju(ad5430e2) deadline=- last=agreed/motorist
[01:45:20] e36fc6df stage=negotiating flow=agreed radius=1km/10km qpos=1 pro=Oluwatosin Temitope Olanrewaju(ad5430e2) deadline=- last=agreed/motorist
[01:45:26] e36fc6df stage=negotiating flow=agreed radius=1km/10km qpos=1 pro=Oluwatosin Temitope Olanrewaju(ad5430e2) deadline=- last=agreed/motorist
[01:45:32] e36fc6df stage=negotiating flow=agreed radius=1km/10km qpos=1 pro=Oluwatosin Temitope Olanrewaju(ad5430e2) deadline=- last=agreed/motorist
[01:45:37] e36fc6df stage=negotiating flow=agreed radius=1km/10km qpos=1 pro=Oluwatosin Temitope Olanrewaju(ad5430e2) deadline=- last=agreed/motorist
[01:45:43] e36fc6df stage=negotiating flow=agreed radius=1km/10km qpos=1 pro=Oluwatosin Temitope Olanrewaju(ad5430e2) deadline=- last=agreed/motorist
[01:45:48] e36fc6df stage=negotiating flow=agreed radius=1km/10km qpos=1 pro=Oluwatosin Temitope Olanrewaju(ad5430e2) deadline=- last=agreed/motorist
[01:45:54] e36fc6df stage=negotiating flow=agreed radius=1km/10km qpos=1 pro=Oluwatosin Temitope Olanrewaju(ad5430e2) deadline=- last=agreed/motorist
[01:45:59] e36fc6df stage=negotiating flow=agreed radius=1km/10km qpos=1 pro=Oluwatosin Temitope Olanrewaju(ad5430e2) deadline=- last=agreed/motorist
[01:46:05] e36fc6df stage=negotiating flow=agreed radius=1km/10km qpos=1 pro=Oluwatosin Temitope Olanrewaju(ad5430e2) deadline=- last=agreed/motorist
[01:46:10] e36fc6df stage=negotiating flow=agreed radius=1km/10km qpos=1 pro=Oluwatosin Temitope Olanrewaju(ad5430e2) deadline=- last=agreed/motorist
[01:46:16] e36fc6df stage=negotiating flow=agreed radius=1km/10km qpos=1 pro=Oluwatosin Temitope Olanrewaju(ad5430e2) deadline=- last=agreed/motorist
[01:46:22] e36fc6df stage=negotiating flow=agreed radius=1km/10km qpos=1 pro=Oluwatosin Temitope Olanrewaju(ad5430e2) deadline=- last=agreed/motorist
[01:46:27] e36fc6df stage=negotiating flow=agreed radius=1km/10km qpos=1 pro=Oluwatosin Temitope Olanrewaju(ad5430e2) deadline=- last=agreed/motorist
[01:46:33] e36fc6df stage=negotiating flow=agreed radius=1km/10km qpos=1 pro=Oluwatosin Temitope Olanrewaju(ad5430e2) deadline=- last=agreed/motorist
[01:46:38] e36fc6df stage=negotiating flow=agreed radius=1km/10km qpos=1 pro=Oluwatosin Temitope Olanrewaju(ad5430e2) deadline=- last=agreed/motorist
[01:46:44] e36fc6df stage=negotiating flow=agreed radius=1km/10km qpos=1 pro=Oluwatosin Temitope Olanrewaju(ad5430e2) deadline=- last=agreed/motorist
[01:46:49] e36fc6df stage=negotiating flow=agreed radius=1km/10km qpos=1 pro=Oluwatosin Temitope Olanrewaju(ad5430e2) deadline=- last=agreed/motorist
[01:46:55] e36fc6df stage=negotiating flow=agreed radius=1km/10km qpos=1 pro=Oluwatosin Temitope Olanrewaju(ad5430e2) deadline=- last=agreed/motorist
[01:47:00] e36fc6df stage=negotiating flow=agreed radius=1km/10km qpos=1 pro=Oluwatosin Temitope Olanrewaju(ad5430e2) deadline=- last=agreed/motorist
[01:47:06] e36fc6df stage=negotiating flow=agreed radius=1km/10km qpos=1 pro=Oluwatosin Temitope Olanrewaju(ad5430e2) deadline=- last=agreed/motorist
[01:47:12] e36fc6df stage=negotiating flow=agreed radius=1km/10km qpos=1 pro=Oluwatosin Temitope Olanrewaju(ad5430e2) deadline=- last=agreed/motorist
[01:47:17] e36fc6df stage=negotiating flow=agreed radius=1km/10km qpos=1 pro=Oluwatosin Temitope Olanrewaju(ad5430e2) deadline=- last=agreed/motorist
[01:47:23] e36fc6df stage=negotiating flow=agreed radius=1km/10km qpos=1 pro=Oluwatosin Temitope Olanrewaju(ad5430e2) deadline=- last=agreed/motorist
[01:47:29] e36fc6df stage=negotiating flow=agreed radius=1km/10km qpos=1 pro=Oluwatosin Temitope Olanrewaju(ad5430e2) deadline=- last=agreed/motorist
[01:47:35] e36fc6df stage=negotiating flow=agreed radius=1km/10km qpos=1 pro=Oluwatosin Temitope Olanrewaju(ad5430e2) deadline=- last=agreed/motorist
[01:47:40] e36fc6df stage=negotiating flow=agreed radius=1km/10km qpos=1 pro=Oluwatosin Temitope Olanrewaju(ad5430e2) deadline=- last=agreed/motorist
[01:47:46] e36fc6df stage=negotiating flow=agreed radius=1km/10km qpos=1 pro=Oluwatosin Temitope Olanrewaju(ad5430e2) deadline=- last=agreed/motorist
[01:47:51] e36fc6df stage=negotiating flow=agreed radius=1km/10km qpos=1 pro=Oluwatosin Temitope Olanrewaju(ad5430e2) deadline=- last=agreed/motorist
[01:47:57] e36fc6df stage=negotiating flow=agreed radius=1km/10km qpos=1 pro=Oluwatosin Temitope Olanrewaju(ad5430e2) deadline=- last=agreed/motorist
[01:48:02] e36fc6df stage=negotiating flow=agreed radius=1km/10km qpos=1 pro=Oluwatosin Temitope Olanrewaju(ad5430e2) deadline=- last=agreed/motorist
[01:48:08] e36fc6df stage=negotiating flow=agreed radius=1km/10km qpos=1 pro=Oluwatosin Temitope Olanrewaju(ad5430e2) deadline=- last=agreed/motorist
[01:48:13] e36fc6df stage=negotiating flow=agreed radius=1km/10km qpos=1 pro=Oluwatosin Temitope Olanrewaju(ad5430e2) deadline=- last=agreed/motorist
[01:48:19] e36fc6df stage=negotiating flow=agreed radius=1km/10km qpos=1 pro=Oluwatosin Temitope Olanrewaju(ad5430e2) deadline=- last=agreed/motorist
[01:48:24] e36fc6df stage=negotiating flow=agreed radius=1km/10km qpos=1 pro=Oluwatosin Temitope Olanrewaju(ad5430e2) deadline=- last=agreed/motorist
[01:48:30] e36fc6df stage=negotiating flow=agreed radius=1km/10km qpos=1 pro=Oluwatosin Temitope Olanrewaju(ad5430e2) deadline=- last=agreed/motorist
[01:48:35] e36fc6df stage=negotiating flow=agreed radius=1km/10km qpos=1 pro=Oluwatosin Temitope Olanrewaju(ad5430e2) deadline=- last=agreed/motorist
[01:48:41] e36fc6df stage=negotiating flow=agreed radius=1km/10km qpos=1 pro=Oluwatosin Temitope Olanrewaju(ad5430e2) deadline=- last=agreed/motorist
[01:48:47] e36fc6df stage=negotiating flow=agreed radius=1km/10km qpos=1 pro=Oluwatosin Temitope Olanrewaju(ad5430e2) deadline=- last=agreed/motorist
[01:48:52] e36fc6df stage=negotiating flow=agreed radius=1km/10km qpos=1 pro=Oluwatosin Temitope Olanrewaju(ad5430e2) deadline=- last=agreed/motorist
[01:48:58] e36fc6df stage=negotiating flow=agreed radius=1km/10km qpos=1 pro=Oluwatosin Temitope Olanrewaju(ad5430e2) deadline=- last=agreed/motorist
[01:49:04] e36fc6df stage=negotiating flow=agreed radius=1km/10km qpos=1 pro=Oluwatosin Temitope Olanrewaju(ad5430e2) deadline=- last=agreed/motorist
[01:49:09] e36fc6df stage=negotiating flow=agreed radius=1km/10km qpos=1 pro=Oluwatosin Temitope Olanrewaju(ad5430e2) deadline=- last=agreed/motorist
[01:49:14] e36fc6df stage=negotiating flow=agreed radius=1km/10km qpos=1 pro=Oluwatosin Temitope Olanrewaju(ad5430e2) deadline=- last=agreed/motorist
[01:49:20] e36fc6df stage=negotiating flow=agreed radius=1km/10km qpos=1 pro=Oluwatosin Temitope Olanrewaju(ad5430e2) deadline=- last=agreed/motorist
[01:49:26] e36fc6df stage=negotiating flow=agreed radius=1km/10km qpos=1 pro=Oluwatosin Temitope Olanrewaju(ad5430e2) deadline=- last=agreed/motorist
[01:49:31] e36fc6df stage=negotiating flow=agreed radius=1km/10km qpos=1 pro=Oluwatosin Temitope Olanrewaju(ad5430e2) deadline=- last=agreed/motorist
[01:49:37] e36fc6df stage=negotiating flow=agreed radius=1km/10km qpos=1 pro=Oluwatosin Temitope Olanrewaju(ad5430e2) deadline=- last=agreed/motorist
[01:49:42] e36fc6df stage=negotiating flow=agreed radius=1km/10km qpos=1 pro=Oluwatosin Temitope Olanrewaju(ad5430e2) deadline=- last=agreed/motorist
[01:49:48] e36fc6df stage=negotiating flow=agreed radius=1km/10km qpos=1 pro=Oluwatosin Temitope Olanrewaju(ad5430e2) deadline=- last=agreed/motorist
[01:49:53] e36fc6df stage=negotiating flow=agreed radius=1km/10km qpos=1 pro=Oluwatosin Temitope Olanrewaju(ad5430e2) deadline=- last=agreed/motorist
[01:49:59] e36fc6df stage=negotiating flow=agreed radius=1km/10km qpos=1 pro=Oluwatosin Temitope Olanrewaju(ad5430e2) deadline=- last=agreed/motorist
[01:50:04] e36fc6df stage=negotiating flow=agreed radius=1km/10km qpos=1 pro=Oluwatosin Temitope Olanrewaju(ad5430e2) deadline=- last=agreed/motorist
[01:50:10] e36fc6df stage=negotiating flow=agreed radius=1km/10km qpos=1 pro=Oluwatosin Temitope Olanrewaju(ad5430e2) deadline=- last=agreed/motorist
[01:50:15] e36fc6df stage=negotiating flow=agreed radius=1km/10km qpos=1 pro=Oluwatosin Temitope Olanrewaju(ad5430e2) deadline=- last=agreed/motorist
[01:50:21] e36fc6df stage=negotiating flow=agreed radius=1km/10km qpos=1 pro=Oluwatosin Temitope Olanrewaju(ad5430e2) deadline=- last=agreed/motorist
[01:50:27] e36fc6df stage=negotiating flow=agreed radius=1km/10km qpos=1 pro=Oluwatosin Temitope Olanrewaju(ad5430e2) deadline=- last=agreed/motorist
[01:50:32] e36fc6df stage=negotiating flow=agreed radius=1km/10km qpos=1 pro=Oluwatosin Temitope Olanrewaju(ad5430e2) deadline=- last=agreed/motorist
[01:50:38] e36fc6df stage=negotiating flow=agreed radius=1km/10km qpos=1 pro=Oluwatosin Temitope Olanrewaju(ad5430e2) deadline=- last=agreed/motorist
[01:50:43] e36fc6df stage=negotiating flow=agreed radius=1km/10km qpos=1 pro=Oluwatosin Temitope Olanrewaju(ad5430e2) deadline=- last=agreed/motorist
[01:50:49] e36fc6df stage=negotiating flow=agreed radius=1km/10km qpos=1 pro=Oluwatosin Temitope Olanrewaju(ad5430e2) deadline=- last=agreed/motorist
[01:50:54] e36fc6df stage=negotiating flow=agreed radius=1km/10km qpos=1 pro=Oluwatosin Temitope Olanrewaju(ad5430e2) deadline=- last=agreed/motorist
[01:51:00] e36fc6df stage=negotiating flow=agreed radius=1km/10km qpos=1 pro=Oluwatosin Temitope Olanrewaju(ad5430e2) deadline=- last=agreed/motorist
[01:51:06] e36fc6df stage=negotiating flow=agreed radius=1km/10km qpos=1 pro=Oluwatosin Temitope Olanrewaju(ad5430e2) deadline=- last=agreed/motorist
[01:51:11] e36fc6df stage=negotiating flow=agreed radius=1km/10km qpos=1 pro=Oluwatosin Temitope Olanrewaju(ad5430e2) deadline=- last=agreed/motorist
[01:51:17] e36fc6df stage=negotiating flow=agreed radius=1km/10km qpos=1 pro=Oluwatosin Temitope Olanrewaju(ad5430e2) deadline=- last=agreed/motorist
[01:51:22] e36fc6df stage=negotiating flow=agreed radius=1km/10km qpos=1 pro=Oluwatosin Temitope Olanrewaju(ad5430e2) deadline=- last=agreed/motorist
[01:51:28] e36fc6df stage=negotiating flow=agreed radius=1km/10km qpos=1 pro=Oluwatosin Temitope Olanrewaju(ad5430e2) deadline=- last=agreed/motorist
[01:51:34] e36fc6df stage=negotiating flow=agreed radius=1km/10km qpos=1 pro=Oluwatosin Temitope Olanrewaju(ad5430e2) deadline=- last=agreed/motorist
[01:51:39] e36fc6df stage=negotiating flow=agreed radius=1km/10km qpos=1 pro=Oluwatosin Temitope Olanrewaju(ad5430e2) deadline=- last=agreed/motorist
[01:51:51] e36fc6df stage=negotiating flow=agreed radius=1km/10km qpos=1 pro=Oluwatosin Temitope Olanrewaju(ad5430e2) deadline=- last=agreed/motorist
[01:51:57] e36fc6df stage=negotiating flow=agreed radius=1km/10km qpos=1 pro=Oluwatosin Temitope Olanrewaju(ad5430e2) deadline=- last=agreed/motorist
[01:52:02] e36fc6df stage=negotiating flow=agreed radius=1km/10km qpos=1 pro=Oluwatosin Temitope Olanrewaju(ad5430e2) deadline=- last=agreed/motorist
[01:52:08] e36fc6df stage=negotiating flow=agreed radius=1km/10km qpos=1 pro=Oluwatosin Temitope Olanrewaju(ad5430e2) deadline=- last=agreed/motorist
[01:52:14] e36fc6df stage=negotiating flow=agreed radius=1km/10km qpos=1 pro=Oluwatosin Temitope Olanrewaju(ad5430e2) deadline=- last=agreed/motorist
[01:52:20] e36fc6df stage=negotiating flow=agreed radius=1km/10km qpos=1 pro=Oluwatosin Temitope Olanrewaju(ad5430e2) deadline=- last=agreed/motorist
[01:52:26] e36fc6df stage=negotiating flow=agreed radius=1km/10km qpos=1 pro=Oluwatosin Temitope Olanrewaju(ad5430e2) deadline=- last=agreed/motorist
[01:52:32] e36fc6df stage=negotiating flow=agreed radius=1km/10km qpos=1 pro=Oluwatosin Temitope Olanrewaju(ad5430e2) deadline=- last=agreed/motorist
[01:52:37] e36fc6df stage=negotiating flow=agreed radius=1km/10km qpos=1 pro=Oluwatosin Temitope Olanrewaju(ad5430e2) deadline=- last=agreed/motorist
[01:52:43] e36fc6df stage=negotiating flow=agreed radius=1km/10km qpos=1 pro=Oluwatosin Temitope Olanrewaju(ad5430e2) deadline=- last=agreed/motorist
[01:52:49] e36fc6df stage=negotiating flow=agreed radius=1km/10km qpos=1 pro=Oluwatosin Temitope Olanrewaju(ad5430e2) deadline=- last=agreed/motorist
[01:52:54] e36fc6df stage=negotiating flow=agreed radius=1km/10km qpos=1 pro=Oluwatosin Temitope Olanrewaju(ad5430e2) deadline=- last=agreed/motorist
[01:53:00] e36fc6df stage=negotiating flow=agreed radius=1km/10km qpos=1 pro=Oluwatosin Temitope Olanrewaju(ad5430e2) deadline=- last=agreed/motorist
[01:53:06] e36fc6df stage=negotiating flow=agreed radius=1km/10km qpos=1 pro=Oluwatosin Temitope Olanrewaju(ad5430e2) deadline=- last=agreed/motorist
[01:53:11] e36fc6df stage=negotiating flow=agreed radius=1km/10km qpos=1 pro=Oluwatosin Temitope Olanrewaju(ad5430e2) deadline=- last=agreed/motorist
[01:53:17] e36fc6df stage=negotiating flow=agreed radius=1km/10km qpos=1 pro=Oluwatosin Temitope Olanrewaju(ad5430e2) deadline=- last=agreed/motorist
[01:53:22] e36fc6df stage=negotiating flow=agreed radius=1km/10km qpos=1 pro=Oluwatosin Temitope Olanrewaju(ad5430e2) deadline=- last=agreed/motorist
[01:53:28] e36fc6df stage=negotiating flow=agreed radius=1km/10km qpos=1 pro=Oluwatosin Temitope Olanrewaju(ad5430e2) deadline=- last=agreed/motorist
[01:53:34] e36fc6df stage=negotiating flow=agreed radius=1km/10km qpos=1 pro=Oluwatosin Temitope Olanrewaju(ad5430e2) deadline=- last=agreed/motorist
[01:53:40] e36fc6df stage=negotiating flow=agreed radius=1km/10km qpos=1 pro=Oluwatosin Temitope Olanrewaju(ad5430e2) deadline=- last=agreed/motorist
[01:53:46] e36fc6df stage=negotiating flow=agreed radius=1km/10km qpos=1 pro=Oluwatosin Temitope Olanrewaju(ad5430e2) deadline=- last=agreed/motorist
[01:53:52] e36fc6df stage=negotiating flow=agreed radius=1km/10km qpos=1 pro=Oluwatosin Temitope Olanrewaju(ad5430e2) deadline=- last=agreed/motorist
[01:53:57] e36fc6df stage=negotiating flow=agreed radius=1km/10km qpos=1 pro=Oluwatosin Temitope Olanrewaju(ad5430e2) deadline=- last=agreed/motorist
[01:54:03] e36fc6df stage=negotiating flow=agreed radius=1km/10km qpos=1 pro=Oluwatosin Temitope Olanrewaju(ad5430e2) deadline=- last=agreed/motorist
[01:54:09] e36fc6df stage=negotiating flow=agreed radius=1km/10km qpos=1 pro=Oluwatosin Temitope Olanrewaju(ad5430e2) deadline=- last=agreed/motorist
[01:54:15] e36fc6df stage=negotiating flow=agreed radius=1km/10km qpos=1 pro=Oluwatosin Temitope Olanrewaju(ad5430e2) deadline=- last=agreed/motorist
[01:54:20] e36fc6df stage=negotiating flow=agreed radius=1km/10km qpos=1 pro=Oluwatosin Temitope Olanrewaju(ad5430e2) deadline=- last=agreed/motorist
[01:54:26] e36fc6df stage=negotiating flow=agreed radius=1km/10km qpos=1 pro=Oluwatosin Temitope Olanrewaju(ad5430e2) deadline=- last=agreed/motorist
[01:54:47] e36fc6df stage=negotiating flow=agreed radius=1km/10km qpos=1 pro=Oluwatosin Temitope Olanrewaju(ad5430e2) deadline=- last=agreed/motorist
[01:54:54] e36fc6df stage=negotiating flow=agreed radius=1km/10km qpos=1 pro=Oluwatosin Temitope Olanrewaju(ad5430e2) deadline=- last=agreed/motorist
[01:55:01] e36fc6df stage=negotiating flow=agreed radius=1km/10km qpos=1 pro=Oluwatosin Temitope Olanrewaju(ad5430e2) deadline=- last=agreed/motorist
[01:55:07] e36fc6df stage=negotiating flow=agreed radius=1km/10km qpos=1 pro=Oluwatosin Temitope Olanrewaju(ad5430e2) deadline=- last=agreed/motorist
[01:55:13] e36fc6df stage=negotiating flow=agreed radius=1km/10km qpos=1 pro=Oluwatosin Temitope Olanrewaju(ad5430e2) deadline=- last=agreed/motorist
[01:55:19] e36fc6df stage=negotiating flow=agreed radius=1km/10km qpos=1 pro=Oluwatosin Temitope Olanrewaju(ad5430e2) deadline=- last=agreed/motorist
[01:55:25] e36fc6df stage=negotiating flow=agreed radius=1km/10km qpos=1 pro=Oluwatosin Temitope Olanrewaju(ad5430e2) deadline=- last=agreed/motorist
[01:55:30] e36fc6df stage=negotiating flow=agreed radius=1km/10km qpos=1 pro=Oluwatosin Temitope Olanrewaju(ad5430e2) deadline=- last=agreed/motorist
[01:55:36] e36fc6df stage=negotiating flow=agreed radius=1km/10km qpos=1 pro=Oluwatosin Temitope Olanrewaju(ad5430e2) deadline=- last=agreed/motorist
[01:55:42] e36fc6df stage=negotiating flow=agreed radius=1km/10km qpos=1 pro=Oluwatosin Temitope Olanrewaju(ad5430e2) deadline=- last=agreed/motorist
[01:55:48] e36fc6df stage=negotiating flow=agreed radius=1km/10km qpos=1 pro=Oluwatosin Temitope Olanrewaju(ad5430e2) deadline=- last=agreed/motorist
[01:55:53] e36fc6df stage=negotiating flow=agreed radius=1km/10km qpos=1 pro=Oluwatosin Temitope Olanrewaju(ad5430e2) deadline=- last=agreed/motorist
[01:55:59] e36fc6df stage=negotiating flow=agreed radius=1km/10km qpos=1 pro=Oluwatosin Temitope Olanrewaju(ad5430e2) deadline=- last=agreed/motorist
[01:56:04] e36fc6df stage=negotiating flow=agreed radius=1km/10km qpos=1 pro=Oluwatosin Temitope Olanrewaju(ad5430e2) deadline=- last=agreed/motorist
[01:56:10] e36fc6df stage=negotiating flow=agreed radius=1km/10km qpos=1 pro=Oluwatosin Temitope Olanrewaju(ad5430e2) deadline=- last=agreed/motorist
[01:56:16] e36fc6df stage=negotiating flow=agreed radius=1km/10km qpos=1 pro=Oluwatosin Temitope Olanrewaju(ad5430e2) deadline=- last=agreed/motorist
[01:56:41] e36fc6df stage=negotiating flow=agreed radius=1km/10km qpos=1 pro=Oluwatosin Temitope Olanrewaju(ad5430e2) deadline=- last=agreed/motorist
[01:56:48] e36fc6df stage=negotiating flow=agreed radius=1km/10km qpos=1 pro=Oluwatosin Temitope Olanrewaju(ad5430e2) deadline=- last=agreed/motorist
[01:56:54] e36fc6df stage=negotiating flow=agreed radius=1km/10km qpos=1 pro=Oluwatosin Temitope Olanrewaju(ad5430e2) deadline=- last=agreed/motorist
[01:56:59] e36fc6df stage=negotiating flow=agreed radius=1km/10km qpos=1 pro=Oluwatosin Temitope Olanrewaju(ad5430e2) deadline=- last=agreed/motorist
[01:57:05] e36fc6df stage=negotiating flow=agreed radius=1km/10km qpos=1 pro=Oluwatosin Temitope Olanrewaju(ad5430e2) deadline=- last=agreed/motorist
[01:57:11] e36fc6df stage=negotiating flow=agreed radius=1km/10km qpos=1 pro=Oluwatosin Temitope Olanrewaju(ad5430e2) deadline=- last=agreed/motorist
[01:57:16] e36fc6df stage=negotiating flow=agreed radius=1km/10km qpos=1 pro=Oluwatosin Temitope Olanrewaju(ad5430e2) deadline=- last=agreed/motorist
[01:57:22] e36fc6df stage=negotiating flow=agreed radius=1km/10km qpos=1 pro=Oluwatosin Temitope Olanrewaju(ad5430e2) deadline=- last=agreed/motorist
[01:57:27] e36fc6df stage=negotiating flow=agreed radius=1km/10km qpos=1 pro=Oluwatosin Temitope Olanrewaju(ad5430e2) deadline=- last=agreed/motorist
[01:57:42] e36fc6df stage=negotiating flow=agreed radius=1km/10km qpos=1 pro=Oluwatosin Temitope Olanrewaju(ad5430e2) deadline=- last=agreed/motorist
[01:57:48] e36fc6df stage=negotiating flow=agreed radius=1km/10km qpos=1 pro=Oluwatosin Temitope Olanrewaju(ad5430e2) deadline=- last=agreed/motorist
[02:00:47] e36fc6df stage=negotiating flow=agreed radius=1km/10km qpos=1 pro=Oluwatosin Temitope Olanrewaju(ad5430e2) deadline=- last=agreed/motorist
[02:01:10] e36fc6df stage=negotiating flow=agreed radius=1km/10km qpos=1 pro=Oluwatosin Temitope Olanrewaju(ad5430e2) deadline=- last=agreed/motorist
[02:01:16] e36fc6df stage=negotiating flow=agreed radius=1km/10km qpos=1 pro=Oluwatosin Temitope Olanrewaju(ad5430e2) deadline=- last=agreed/motorist
[02:01:21] e36fc6df stage=negotiating flow=agreed radius=1km/10km qpos=1 pro=Oluwatosin Temitope Olanrewaju(ad5430e2) deadline=- last=agreed/motorist
[02:01:27] e36fc6df stage=negotiating flow=agreed radius=1km/10km qpos=1 pro=Oluwatosin Temitope Olanrewaju(ad5430e2) deadline=- last=agreed/motorist
[02:01:33] e36fc6df stage=negotiating flow=agreed radius=1km/10km qpos=1 pro=Oluwatosin Temitope Olanrewaju(ad5430e2) deadline=- last=agreed/motorist
[02:01:38] e36fc6df stage=negotiating flow=agreed radius=1km/10km qpos=1 pro=Oluwatosin Temitope Olanrewaju(ad5430e2) deadline=- last=agreed/motorist
[02:01:44] e36fc6df stage=negotiating flow=agreed radius=1km/10km qpos=1 pro=Oluwatosin Temitope Olanrewaju(ad5430e2) deadline=- last=agreed/motorist
[02:01:50] e36fc6df stage=negotiating flow=agreed radius=1km/10km qpos=1 pro=Oluwatosin Temitope Olanrewaju(ad5430e2) deadline=- last=agreed/motorist
[02:01:55] e36fc6df stage=negotiating flow=agreed radius=1km/10km qpos=1 pro=Oluwatosin Temitope Olanrewaju(ad5430e2) deadline=- last=agreed/motorist
[02:02:01] e36fc6df stage=negotiating flow=agreed radius=1km/10km qpos=1 pro=Oluwatosin Temitope Olanrewaju(ad5430e2) deadline=- last=agreed/motorist
[02:02:07] e36fc6df stage=negotiating flow=agreed radius=1km/10km qpos=1 pro=Oluwatosin Temitope Olanrewaju(ad5430e2) deadline=- last=agreed/motorist
[02:02:13] e36fc6df stage=negotiating flow=agreed radius=1km/10km qpos=1 pro=Oluwatosin Temitope Olanrewaju(ad5430e2) deadline=- last=agreed/motorist
[02:02:20] e36fc6df stage=negotiating flow=agreed radius=1km/10km qpos=1 pro=Oluwatosin Temitope Olanrewaju(ad5430e2) deadline=- last=agreed/motorist
[02:02:25] e36fc6df stage=negotiating flow=agreed radius=1km/10km qpos=1 pro=Oluwatosin Temitope Olanrewaju(ad5430e2) deadline=- last=agreed/motorist
[02:02:31] e36fc6df stage=negotiating flow=agreed radius=1km/10km qpos=1 pro=Oluwatosin Temitope Olanrewaju(ad5430e2) deadline=- last=agreed/motorist
[02:02:36] e36fc6df stage=negotiating flow=agreed radius=1km/10km qpos=1 pro=Oluwatosin Temitope Olanrewaju(ad5430e2) deadline=- last=agreed/motorist
[02:02:42] e36fc6df stage=negotiating flow=agreed radius=1km/10km qpos=1 pro=Oluwatosin Temitope Olanrewaju(ad5430e2) deadline=- last=agreed/motorist
[02:02:48] e36fc6df stage=negotiating flow=agreed radius=1km/10km qpos=1 pro=Oluwatosin Temitope Olanrewaju(ad5430e2) deadline=- last=agreed/motorist
[02:02:54] e36fc6df stage=negotiating flow=agreed radius=1km/10km qpos=1 pro=Oluwatosin Temitope Olanrewaju(ad5430e2) deadline=- last=agreed/motorist
[02:02:59] e36fc6df stage=negotiating flow=agreed radius=1km/10km qpos=1 pro=Oluwatosin Temitope Olanrewaju(ad5430e2) deadline=- last=agreed/motorist
[02:03:05] e36fc6df stage=negotiating flow=agreed radius=1km/10km qpos=1 pro=Oluwatosin Temitope Olanrewaju(ad5430e2) deadline=- last=agreed/motorist
[02:03:11] e36fc6df stage=negotiating flow=agreed radius=1km/10km qpos=1 pro=Oluwatosin Temitope Olanrewaju(ad5430e2) deadline=- last=agreed/motorist
[02:03:17] e36fc6df stage=negotiating flow=agreed radius=1km/10km qpos=1 pro=Oluwatosin Temitope Olanrewaju(ad5430e2) deadline=- last=agreed/motorist
[02:03:22] e36fc6df stage=negotiating flow=agreed radius=1km/10km qpos=1 pro=Oluwatosin Temitope Olanrewaju(ad5430e2) deadline=- last=agreed/motorist
[02:03:28] e36fc6df stage=negotiating flow=agreed radius=1km/10km qpos=1 pro=Oluwatosin Temitope Olanrewaju(ad5430e2) deadline=- last=agreed/motorist
[02:03:34] e36fc6df stage=negotiating flow=agreed radius=1km/10km qpos=1 pro=Oluwatosin Temitope Olanrewaju(ad5430e2) deadline=- last=agreed/motorist
[02:03:39] e36fc6df stage=negotiating flow=agreed radius=1km/10km qpos=1 pro=Oluwatosin Temitope Olanrewaju(ad5430e2) deadline=- last=agreed/motorist
[02:03:45] e36fc6df stage=negotiating flow=agreed radius=1km/10km qpos=1 pro=Oluwatosin Temitope Olanrewaju(ad5430e2) deadline=- last=agreed/motorist
[02:03:51] e36fc6df stage=negotiating flow=agreed radius=1km/10km qpos=1 pro=Oluwatosin Temitope Olanrewaju(ad5430e2) deadline=- last=agreed/motorist
[02:03:57] e36fc6df stage=negotiating flow=agreed radius=1km/10km qpos=1 pro=Oluwatosin Temitope Olanrewaju(ad5430e2) deadline=- last=agreed/motorist
[02:04:03] e36fc6df stage=negotiating flow=agreed radius=1km/10km qpos=1 pro=Oluwatosin Temitope Olanrewaju(ad5430e2) deadline=- last=agreed/motorist
[02:04:09] e36fc6df stage=negotiating flow=agreed radius=1km/10km qpos=1 pro=Oluwatosin Temitope Olanrewaju(ad5430e2) deadline=- last=agreed/motorist
[02:04:14] e36fc6df stage=negotiating flow=agreed radius=1km/10km qpos=1 pro=Oluwatosin Temitope Olanrewaju(ad5430e2) deadline=- last=agreed/motorist
[02:04:20] e36fc6df stage=negotiating flow=agreed radius=1km/10km qpos=1 pro=Oluwatosin Temitope Olanrewaju(ad5430e2) deadline=- last=agreed/motorist
[02:04:26] e36fc6df stage=negotiating flow=agreed radius=1km/10km qpos=1 pro=Oluwatosin Temitope Olanrewaju(ad5430e2) deadline=- last=agreed/motorist
[02:04:31] e36fc6df stage=negotiating flow=agreed radius=1km/10km qpos=1 pro=Oluwatosin Temitope Olanrewaju(ad5430e2) deadline=- last=agreed/motorist
[02:04:37] e36fc6df stage=negotiating flow=agreed radius=1km/10km qpos=1 pro=Oluwatosin Temitope Olanrewaju(ad5430e2) deadline=- last=agreed/motorist
[02:04:43] e36fc6df stage=negotiating flow=agreed radius=1km/10km qpos=1 pro=Oluwatosin Temitope Olanrewaju(ad5430e2) deadline=- last=agreed/motorist
[02:04:49] e36fc6df stage=negotiating flow=agreed radius=1km/10km qpos=1 pro=Oluwatosin Temitope Olanrewaju(ad5430e2) deadline=- last=agreed/motorist
[02:04:54] e36fc6df stage=negotiating flow=agreed radius=1km/10km qpos=1 pro=Oluwatosin Temitope Olanrewaju(ad5430e2) deadline=- last=agreed/payment_session_cancelled
[02:05:00] e36fc6df stage=negotiating flow=agreed radius=1km/10km qpos=1 pro=Oluwatosin Temitope Olanrewaju(ad5430e2) deadline=- last=agreed/payment_session_cancelled
[02:05:05] e36fc6df stage=negotiating flow=agreed radius=1km/10km qpos=1 pro=Oluwatosin Temitope Olanrewaju(ad5430e2) deadline=- last=agreed/payment_session_cancelled
[02:05:11] e36fc6df stage=negotiating flow=agreed radius=1km/10km qpos=1 pro=Oluwatosin Temitope Olanrewaju(ad5430e2) deadline=- last=agreed/payment_session_cancelled
[02:05:17] e36fc6df stage=negotiating flow=agreed radius=1km/10km qpos=1 pro=Oluwatosin Temitope Olanrewaju(ad5430e2) deadline=- last=agreed/payment_session_cancelled
[02:05:22] e36fc6df stage=negotiating flow=agreed radius=1km/10km qpos=1 pro=Oluwatosin Temitope Olanrewaju(ad5430e2) deadline=- last=agreed/payment_session_cancelled
[02:05:28] e36fc6df stage=negotiating flow=agreed radius=1km/10km qpos=1 pro=Oluwatosin Temitope Olanrewaju(ad5430e2) deadline=- last=agreed/payment_session_cancelled
[02:05:33] e36fc6df stage=negotiating flow=agreed radius=1km/10km qpos=1 pro=Oluwatosin Temitope Olanrewaju(ad5430e2) deadline=- last=agreed/payment_session_cancelled
[02:05:39] e36fc6df stage=negotiating flow=agreed radius=1km/10km qpos=1 pro=Oluwatosin Temitope Olanrewaju(ad5430e2) deadline=- last=agreed/payment_session_cancelled
[02:05:45] e36fc6df stage=negotiating flow=agreed radius=1km/10km qpos=1 pro=Oluwatosin Temitope Olanrewaju(ad5430e2) deadline=- last=agreed/payment_session_cancelled
[02:05:51] e36fc6df stage=negotiating flow=agreed radius=1km/10km qpos=1 pro=Oluwatosin Temitope Olanrewaju(ad5430e2) deadline=- last=agreed/payment_session_cancelled
[02:05:56] e36fc6df stage=negotiating flow=agreed radius=1km/10km qpos=1 pro=Oluwatosin Temitope Olanrewaju(ad5430e2) deadline=- last=agreed/payment_session_cancelled
[02:06:02] e36fc6df stage=negotiating flow=agreed radius=1km/10km qpos=1 pro=Oluwatosin Temitope Olanrewaju(ad5430e2) deadline=- last=agreed/payment_session_cancelled
[02:06:08] e36fc6df stage=negotiating flow=agreed radius=1km/10km qpos=1 pro=Oluwatosin Temitope Olanrewaju(ad5430e2) deadline=- last=agreed/payment_session_cancelled
[02:06:13] e36fc6df stage=negotiating flow=agreed radius=1km/10km qpos=1 pro=Oluwatosin Temitope Olanrewaju(ad5430e2) deadline=- last=agreed/payment_session_cancelled
[02:06:19] e36fc6df stage=negotiating flow=agreed radius=1km/10km qpos=1 pro=Oluwatosin Temitope Olanrewaju(ad5430e2) deadline=- last=agreed/payment_session_cancelled
[02:06:25] e36fc6df stage=negotiating flow=agreed radius=1km/10km qpos=1 pro=Oluwatosin Temitope Olanrewaju(ad5430e2) deadline=- last=agreed/payment_session_cancelled
[02:06:30] e36fc6df stage=negotiating flow=agreed radius=1km/10km qpos=1 pro=Oluwatosin Temitope Olanrewaju(ad5430e2) deadline=- last=agreed/payment_session_cancelled
[02:06:36] e36fc6df stage=negotiating flow=agreed radius=1km/10km qpos=1 pro=Oluwatosin Temitope Olanrewaju(ad5430e2) deadline=- last=agreed/payment_session_cancelled
[02:06:42] e36fc6df stage=negotiating flow=agreed radius=1km/10km qpos=1 pro=Oluwatosin Temitope Olanrewaju(ad5430e2) deadline=- last=agreed/payment_session_cancelled
[02:06:48] e36fc6df stage=negotiating flow=agreed radius=1km/10km qpos=1 pro=Oluwatosin Temitope Olanrewaju(ad5430e2) deadline=- last=agreed/payment_session_cancelled
[02:06:54] e36fc6df stage=negotiating flow=agreed radius=1km/10km qpos=1 pro=Oluwatosin Temitope Olanrewaju(ad5430e2) deadline=- last=agreed/payment_session_cancelled
[02:06:59] e36fc6df stage=negotiating flow=agreed radius=1km/10km qpos=1 pro=Oluwatosin Temitope Olanrewaju(ad5430e2) deadline=- last=agreed/payment_session_cancelled
[02:07:05] e36fc6df stage=negotiating flow=agreed radius=1km/10km qpos=1 pro=Oluwatosin Temitope Olanrewaju(ad5430e2) deadline=- last=agreed/payment_session_cancelled
[02:07:11] e36fc6df stage=negotiating flow=agreed radius=1km/10km qpos=1 pro=Oluwatosin Temitope Olanrewaju(ad5430e2) deadline=- last=agreed/payment_session_cancelled
[02:07:17] e36fc6df stage=negotiating flow=agreed radius=1km/10km qpos=1 pro=Oluwatosin Temitope Olanrewaju(ad5430e2) deadline=- last=agreed/payment_session_cancelled
[02:07:23] e36fc6df stage=negotiating flow=agreed radius=1km/10km qpos=1 pro=Oluwatosin Temitope Olanrewaju(ad5430e2) deadline=- last=agreed/payment_session_cancelled
[02:07:29] e36fc6df stage=negotiating flow=agreed radius=1km/10km qpos=1 pro=Oluwatosin Temitope Olanrewaju(ad5430e2) deadline=- last=agreed/payment_session_cancelled
[02:07:34] e36fc6df stage=negotiating flow=agreed radius=1km/10km qpos=1 pro=Oluwatosin Temitope Olanrewaju(ad5430e2) deadline=- last=agreed/payment_session_cancelled
[02:07:41] e36fc6df stage=negotiating flow=agreed radius=1km/10km qpos=1 pro=Oluwatosin Temitope Olanrewaju(ad5430e2) deadline=- last=agreed/payment_session_cancelled
[02:07:47] e36fc6df stage=negotiating flow=agreed radius=1km/10km qpos=1 pro=Oluwatosin Temitope Olanrewaju(ad5430e2) deadline=- last=agreed/payment_session_cancelled
[02:07:52] e36fc6df stage=negotiating flow=agreed radius=1km/10km qpos=1 pro=Oluwatosin Temitope Olanrewaju(ad5430e2) deadline=- last=agreed/payment_session_cancelled
[02:07:58] e36fc6df stage=negotiating flow=agreed radius=1km/10km qpos=1 pro=Oluwatosin Temitope Olanrewaju(ad5430e2) deadline=- last=agreed/payment_session_cancelled
[02:08:04] e36fc6df stage=negotiating flow=agreed radius=1km/10km qpos=1 pro=Oluwatosin Temitope Olanrewaju(ad5430e2) deadline=- last=agreed/payment_session_cancelled
[02:08:10] e36fc6df stage=negotiating flow=agreed radius=1km/10km qpos=1 pro=Oluwatosin Temitope Olanrewaju(ad5430e2) deadline=- last=agreed/payment_session_cancelled
[02:08:16] e36fc6df stage=negotiating flow=agreed radius=1km/10km qpos=1 pro=Oluwatosin Temitope Olanrewaju(ad5430e2) deadline=- last=agreed/payment_session_cancelled
[02:08:22] e36fc6df stage=negotiating flow=agreed radius=1km/10km qpos=1 pro=Oluwatosin Temitope Olanrewaju(ad5430e2) deadline=- last=agreed/payment_session_cancelled
[02:08:28] e36fc6df stage=negotiating flow=agreed radius=1km/10km qpos=1 pro=Oluwatosin Temitope Olanrewaju(ad5430e2) deadline=- last=agreed/payment_session_cancelled
[02:08:35] e36fc6df stage=negotiating flow=agreed radius=1km/10km qpos=1 pro=Oluwatosin Temitope Olanrewaju(ad5430e2) deadline=- last=agreed/payment_session_cancelled
[02:08:41] e36fc6df stage=negotiating flow=agreed radius=1km/10km qpos=1 pro=Oluwatosin Temitope Olanrewaju(ad5430e2) deadline=- last=agreed/payment_session_cancelled
[02:08:46] e36fc6df stage=negotiating flow=agreed radius=1km/10km qpos=1 pro=Oluwatosin Temitope Olanrewaju(ad5430e2) deadline=- last=agreed/payment_session_cancelled
[02:08:52] e36fc6df stage=negotiating flow=agreed radius=1km/10km qpos=1 pro=Oluwatosin Temitope Olanrewaju(ad5430e2) deadline=- last=agreed/payment_session_cancelled
[02:08:58] e36fc6df stage=negotiating flow=agreed radius=1km/10km qpos=1 pro=Oluwatosin Temitope Olanrewaju(ad5430e2) deadline=- last=agreed/payment_session_cancelled
[02:09:04] e36fc6df stage=negotiating flow=agreed radius=1km/10km qpos=1 pro=Oluwatosin Temitope Olanrewaju(ad5430e2) deadline=- last=agreed/payment_session_cancelled
[02:09:10] e36fc6df stage=negotiating flow=agreed radius=1km/10km qpos=1 pro=Oluwatosin Temitope Olanrewaju(ad5430e2) deadline=- last=agreed/payment_session_cancelled
[02:09:16] e36fc6df stage=negotiating flow=agreed radius=1km/10km qpos=1 pro=Oluwatosin Temitope Olanrewaju(ad5430e2) deadline=- last=agreed/payment_session_cancelled
[02:09:23] e36fc6df stage=negotiating flow=agreed radius=1km/10km qpos=1 pro=Oluwatosin Temitope Olanrewaju(ad5430e2) deadline=- last=agreed/payment_session_cancelled
[02:09:29] e36fc6df stage=negotiating flow=agreed radius=1km/10km qpos=1 pro=Oluwatosin Temitope Olanrewaju(ad5430e2) deadline=- last=agreed/payment_session_cancelled
[02:09:35] e36fc6df stage=negotiating flow=agreed radius=1km/10km qpos=1 pro=Oluwatosin Temitope Olanrewaju(ad5430e2) deadline=- last=agreed/payment_session_cancelled
[02:09:42] e36fc6df stage=negotiating flow=agreed radius=1km/10km qpos=1 pro=Oluwatosin Temitope Olanrewaju(ad5430e2) deadline=- last=agreed/payment_session_cancelled
[02:09:48] e36fc6df stage=negotiating flow=agreed radius=1km/10km qpos=1 pro=Oluwatosin Temitope Olanrewaju(ad5430e2) deadline=- last=agreed/payment_session_cancelled
[02:09:53] e36fc6df stage=negotiating flow=agreed radius=1km/10km qpos=1 pro=Oluwatosin Temitope Olanrewaju(ad5430e2) deadline=- last=agreed/payment_session_cancelled
[02:09:59] e36fc6df stage=negotiating flow=agreed radius=1km/10km qpos=1 pro=Oluwatosin Temitope Olanrewaju(ad5430e2) deadline=- last=agreed/payment_session_cancelled
[02:10:06] e36fc6df stage=negotiating flow=agreed radius=1km/10km qpos=1 pro=Oluwatosin Temitope Olanrewaju(ad5430e2) deadline=- last=agreed/payment_session_cancelled
[02:10:12] e36fc6df stage=negotiating flow=agreed radius=1km/10km qpos=1 pro=Oluwatosin Temitope Olanrewaju(ad5430e2) deadline=- last=agreed/payment_session_cancelled
[02:10:17] e36fc6df stage=negotiating flow=agreed radius=1km/10km qpos=1 pro=Oluwatosin Temitope Olanrewaju(ad5430e2) deadline=- last=agreed/payment_session_cancelled
[02:10:24] e36fc6df stage=negotiating flow=agreed radius=1km/10km qpos=1 pro=Oluwatosin Temitope Olanrewaju(ad5430e2) deadline=- last=agreed/payment_session_cancelled
[02:10:29] e36fc6df stage=negotiating flow=agreed radius=1km/10km qpos=1 pro=Oluwatosin Temitope Olanrewaju(ad5430e2) deadline=- last=agreed/payment_session_cancelled
[02:10:35] e36fc6df stage=negotiating flow=agreed radius=1km/10km qpos=1 pro=Oluwatosin Temitope Olanrewaju(ad5430e2) deadline=- last=agreed/payment_session_cancelled
[02:10:41] e36fc6df stage=negotiating flow=agreed radius=1km/10km qpos=1 pro=Oluwatosin Temitope Olanrewaju(ad5430e2) deadline=- last=agreed/payment_session_cancelled
[02:10:47] e36fc6df stage=negotiating flow=agreed radius=1km/10km qpos=1 pro=Oluwatosin Temitope Olanrewaju(ad5430e2) deadline=- last=agreed/payment_session_cancelled
[02:10:52] e36fc6df stage=negotiating flow=agreed radius=1km/10km qpos=1 pro=Oluwatosin Temitope Olanrewaju(ad5430e2) deadline=- last=agreed/payment_session_cancelled
[02:10:58] e36fc6df stage=negotiating flow=agreed radius=1km/10km qpos=1 pro=Oluwatosin Temitope Olanrewaju(ad5430e2) deadline=- last=agreed/payment_session_cancelled
[02:11:04] e36fc6df stage=negotiating flow=agreed radius=1km/10km qpos=1 pro=Oluwatosin Temitope Olanrewaju(ad5430e2) deadline=- last=agreed/payment_session_cancelled
[02:11:10] e36fc6df stage=negotiating flow=agreed radius=1km/10km qpos=1 pro=Oluwatosin Temitope Olanrewaju(ad5430e2) deadline=- last=agreed/payment_session_cancelled
[02:11:16] e36fc6df stage=negotiating flow=agreed radius=1km/10km qpos=1 pro=Oluwatosin Temitope Olanrewaju(ad5430e2) deadline=- last=agreed/payment_session_cancelled
[02:11:21] e36fc6df stage=negotiating flow=agreed radius=1km/10km qpos=1 pro=Oluwatosin Temitope Olanrewaju(ad5430e2) deadline=- last=agreed/payment_session_cancelled
[02:11:27] e36fc6df stage=negotiating flow=agreed radius=1km/10km qpos=1 pro=Oluwatosin Temitope Olanrewaju(ad5430e2) deadline=- last=agreed/payment_session_cancelled
[02:11:34] e36fc6df stage=negotiating flow=agreed radius=1km/10km qpos=1 pro=Oluwatosin Temitope Olanrewaju(ad5430e2) deadline=- last=agreed/payment_session_cancelled
[02:11:40] e36fc6df stage=negotiating flow=agreed radius=1km/10km qpos=1 pro=Oluwatosin Temitope Olanrewaju(ad5430e2) deadline=- last=agreed/payment_session_cancelled
[02:11:45] e36fc6df stage=negotiating flow=agreed radius=1km/10km qpos=1 pro=Oluwatosin Temitope Olanrewaju(ad5430e2) deadline=- last=agreed/payment_session_cancelled
[02:11:51] e36fc6df stage=negotiating flow=agreed radius=1km/10km qpos=1 pro=Oluwatosin Temitope Olanrewaju(ad5430e2) deadline=- last=agreed/payment_session_cancelled
[02:11:58] e36fc6df stage=negotiating flow=agreed radius=1km/10km qpos=1 pro=Oluwatosin Temitope Olanrewaju(ad5430e2) deadline=- last=agreed/payment_session_cancelled
[02:12:03] e36fc6df stage=negotiating flow=agreed radius=1km/10km qpos=1 pro=Oluwatosin Temitope Olanrewaju(ad5430e2) deadline=- last=agreed/payment_session_cancelled
[02:12:09] e36fc6df stage=negotiating flow=agreed radius=1km/10km qpos=1 pro=Oluwatosin Temitope Olanrewaju(ad5430e2) deadline=- last=agreed/payment_session_cancelled
[02:12:15] e36fc6df stage=negotiating flow=agreed radius=1km/10km qpos=1 pro=Oluwatosin Temitope Olanrewaju(ad5430e2) deadline=- last=agreed/payment_session_cancelled
[02:12:21] e36fc6df stage=negotiating flow=agreed radius=1km/10km qpos=1 pro=Oluwatosin Temitope Olanrewaju(ad5430e2) deadline=- last=agreed/payment_session_cancelled
[02:12:27] e36fc6df stage=negotiating flow=agreed radius=1km/10km qpos=1 pro=Oluwatosin Temitope Olanrewaju(ad5430e2) deadline=- last=agreed/payment_session_cancelled
[02:12:33] e36fc6df stage=negotiating flow=agreed radius=1km/10km qpos=1 pro=Oluwatosin Temitope Olanrewaju(ad5430e2) deadline=- last=agreed/payment_session_cancelled
[02:12:39] e36fc6df stage=negotiating flow=agreed radius=1km/10km qpos=1 pro=Oluwatosin Temitope Olanrewaju(ad5430e2) deadline=- last=agreed/payment_session_cancelled
[02:12:45] e36fc6df stage=negotiating flow=agreed radius=1km/10km qpos=1 pro=Oluwatosin Temitope Olanrewaju(ad5430e2) deadline=- last=agreed/payment_session_cancelled
[02:12:50] e36fc6df stage=negotiating flow=agreed radius=1km/10km qpos=1 pro=Oluwatosin Temitope Olanrewaju(ad5430e2) deadline=- last=agreed/payment_session_cancelled
[02:12:57] e36fc6df stage=negotiating flow=agreed radius=1km/10km qpos=1 pro=Oluwatosin Temitope Olanrewaju(ad5430e2) deadline=- last=agreed/payment_session_cancelled
[02:13:03] e36fc6df stage=negotiating flow=agreed radius=1km/10km qpos=1 pro=Oluwatosin Temitope Olanrewaju(ad5430e2) deadline=- last=agreed/payment_session_cancelled
[02:13:10] e36fc6df stage=negotiating flow=agreed radius=1km/10km qpos=1 pro=Oluwatosin Temitope Olanrewaju(ad5430e2) deadline=- last=agreed/payment_session_cancelled
[02:13:16] e36fc6df stage=negotiating flow=agreed radius=1km/10km qpos=1 pro=Oluwatosin Temitope Olanrewaju(ad5430e2) deadline=- last=agreed/payment_session_cancelled
[02:13:21] e36fc6df stage=negotiating flow=agreed radius=1km/10km qpos=1 pro=Oluwatosin Temitope Olanrewaju(ad5430e2) deadline=- last=agreed/payment_session_cancelled
[02:13:27] e36fc6df stage=negotiating flow=agreed radius=1km/10km qpos=1 pro=Oluwatosin Temitope Olanrewaju(ad5430e2) deadline=- last=agreed/payment_session_cancelled
[02:13:33] e36fc6df stage=negotiating flow=agreed radius=1km/10km qpos=1 pro=Oluwatosin Temitope Olanrewaju(ad5430e2) deadline=- last=agreed/payment_session_cancelled
[02:13:38] e36fc6df stage=negotiating flow=agreed radius=1km/10km qpos=1 pro=Oluwatosin Temitope Olanrewaju(ad5430e2) deadline=- last=agreed/payment_session_cancelled
[02:13:44] e36fc6df stage=negotiating flow=agreed radius=1km/10km qpos=1 pro=Oluwatosin Temitope Olanrewaju(ad5430e2) deadline=- last=agreed/payment_session_cancelled
[02:13:51] e36fc6df stage=negotiating flow=agreed radius=1km/10km qpos=1 pro=Oluwatosin Temitope Olanrewaju(ad5430e2) deadline=- last=agreed/payment_session_cancelled
[02:13:57] e36fc6df stage=negotiating flow=agreed radius=1km/10km qpos=1 pro=Oluwatosin Temitope Olanrewaju(ad5430e2) deadline=- last=agreed/payment_session_cancelled
[02:14:03] e36fc6df stage=negotiating flow=agreed radius=1km/10km qpos=1 pro=Oluwatosin Temitope Olanrewaju(ad5430e2) deadline=- last=agreed/payment_session_cancelled
[02:14:10] e36fc6df stage=negotiating flow=agreed radius=1km/10km qpos=1 pro=Oluwatosin Temitope Olanrewaju(ad5430e2) deadline=- last=agreed/payment_session_cancelled
[02:14:16] e36fc6df stage=negotiating flow=agreed radius=1km/10km qpos=1 pro=Oluwatosin Temitope Olanrewaju(ad5430e2) deadline=- last=agreed/payment_session_cancelled
[02:14:22] e36fc6df stage=negotiating flow=agreed radius=1km/10km qpos=1 pro=Oluwatosin Temitope Olanrewaju(ad5430e2) deadline=- last=agreed/payment_session_cancelled
[02:14:27] e36fc6df stage=negotiating flow=agreed radius=1km/10km qpos=1 pro=Oluwatosin Temitope Olanrewaju(ad5430e2) deadline=- last=agreed/payment_session_cancelled
[02:14:33] e36fc6df stage=negotiating flow=agreed radius=1km/10km qpos=1 pro=Oluwatosin Temitope Olanrewaju(ad5430e2) deadline=- last=agreed/payment_session_cancelled
[02:14:39] e36fc6df stage=negotiating flow=agreed radius=1km/10km qpos=1 pro=Oluwatosin Temitope Olanrewaju(ad5430e2) deadline=- last=agreed/payment_session_cancelled
[02:14:46] e36fc6df stage=negotiating flow=agreed radius=1km/10km qpos=1 pro=Oluwatosin Temitope Olanrewaju(ad5430e2) deadline=- last=agreed/payment_session_cancelled
[02:14:52] e36fc6df stage=negotiating flow=agreed radius=1km/10km qpos=1 pro=Oluwatosin Temitope Olanrewaju(ad5430e2) deadline=- last=agreed/payment_session_cancelled
[02:14:59] e36fc6df stage=negotiating flow=agreed radius=1km/10km qpos=1 pro=Oluwatosin Temitope Olanrewaju(ad5430e2) deadline=- last=agreed/payment_session_cancelled
[02:15:04] e36fc6df stage=negotiating flow=agreed radius=1km/10km qpos=1 pro=Oluwatosin Temitope Olanrewaju(ad5430e2) deadline=- last=agreed/payment_session_cancelled
[02:15:10] e36fc6df stage=negotiating flow=agreed radius=1km/10km qpos=1 pro=Oluwatosin Temitope Olanrewaju(ad5430e2) deadline=- last=agreed/payment_session_cancelled
[02:15:17] e36fc6df stage=negotiating flow=agreed radius=1km/10km qpos=1 pro=Oluwatosin Temitope Olanrewaju(ad5430e2) deadline=- last=agreed/payment_session_cancelled
[02:15:23] e36fc6df stage=negotiating flow=agreed radius=1km/10km qpos=1 pro=Oluwatosin Temitope Olanrewaju(ad5430e2) deadline=- last=agreed/payment_session_cancelled
[02:15:28] e36fc6df stage=negotiating flow=agreed radius=1km/10km qpos=1 pro=Oluwatosin Temitope Olanrewaju(ad5430e2) deadline=- last=agreed/payment_session_cancelled
[02:15:34] e36fc6df stage=negotiating flow=agreed radius=1km/10km qpos=1 pro=Oluwatosin Temitope Olanrewaju(ad5430e2) deadline=- last=agreed/payment_session_cancelled
[02:15:40] e36fc6df stage=negotiating flow=agreed radius=1km/10km qpos=1 pro=Oluwatosin Temitope Olanrewaju(ad5430e2) deadline=- last=agreed/payment_session_cancelled
[02:15:47] e36fc6df stage=negotiating flow=agreed radius=1km/10km qpos=1 pro=Oluwatosin Temitope Olanrewaju(ad5430e2) deadline=- last=agreed/payment_session_cancelled
[02:15:52] e36fc6df stage=negotiating flow=agreed radius=1km/10km qpos=1 pro=Oluwatosin Temitope Olanrewaju(ad5430e2) deadline=- last=agreed/payment_session_cancelled
[02:15:58] e36fc6df stage=negotiating flow=agreed radius=1km/10km qpos=1 pro=Oluwatosin Temitope Olanrewaju(ad5430e2) deadline=- last=agreed/payment_session_cancelled
[02:16:03] e36fc6df stage=negotiating flow=agreed radius=1km/10km qpos=1 pro=Oluwatosin Temitope Olanrewaju(ad5430e2) deadline=- last=agreed/payment_session_cancelled
[02:16:09] e36fc6df stage=negotiating flow=agreed radius=1km/10km qpos=1 pro=Oluwatosin Temitope Olanrewaju(ad5430e2) deadline=- last=agreed/payment_session_cancelled
[02:16:15] e36fc6df stage=negotiating flow=agreed radius=1km/10km qpos=1 pro=Oluwatosin Temitope Olanrewaju(ad5430e2) deadline=- last=agreed/payment_session_cancelled
[02:16:21] e36fc6df stage=negotiating flow=agreed radius=1km/10km qpos=1 pro=Oluwatosin Temitope Olanrewaju(ad5430e2) deadline=- last=agreed/payment_session_cancelled
[02:16:27] e36fc6df stage=negotiating flow=agreed radius=1km/10km qpos=1 pro=Oluwatosin Temitope Olanrewaju(ad5430e2) deadline=- last=agreed/payment_session_cancelled
[02:16:33] e36fc6df stage=negotiating flow=agreed radius=1km/10km qpos=1 pro=Oluwatosin Temitope Olanrewaju(ad5430e2) deadline=- last=agreed/payment_session_cancelled
[02:16:39] e36fc6df stage=negotiating flow=agreed radius=1km/10km qpos=1 pro=Oluwatosin Temitope Olanrewaju(ad5430e2) deadline=- last=agreed/payment_session_cancelled
[02:16:44] e36fc6df stage=negotiating flow=agreed radius=1km/10km qpos=1 pro=Oluwatosin Temitope Olanrewaju(ad5430e2) deadline=- last=agreed/payment_session_cancelled
[02:16:50] e36fc6df stage=negotiating flow=agreed radius=1km/10km qpos=1 pro=Oluwatosin Temitope Olanrewaju(ad5430e2) deadline=- last=agreed/payment_session_cancelled
[02:16:56] e36fc6df stage=negotiating flow=agreed radius=1km/10km qpos=1 pro=Oluwatosin Temitope Olanrewaju(ad5430e2) deadline=- last=agreed/payment_session_cancelled
[02:17:01] e36fc6df stage=negotiating flow=agreed radius=1km/10km qpos=1 pro=Oluwatosin Temitope Olanrewaju(ad5430e2) deadline=- last=agreed/payment_session_cancelled
[02:17:08] e36fc6df stage=negotiating flow=agreed radius=1km/10km qpos=1 pro=Oluwatosin Temitope Olanrewaju(ad5430e2) deadline=- last=agreed/payment_session_cancelled
[02:17:13] e36fc6df stage=negotiating flow=agreed radius=1km/10km qpos=1 pro=Oluwatosin Temitope Olanrewaju(ad5430e2) deadline=- last=agreed/payment_session_cancelled
[02:17:19] e36fc6df stage=negotiating flow=agreed radius=1km/10km qpos=1 pro=Oluwatosin Temitope Olanrewaju(ad5430e2) deadline=- last=agreed/payment_session_cancelled
[02:17:25] e36fc6df stage=negotiating flow=agreed radius=1km/10km qpos=1 pro=Oluwatosin Temitope Olanrewaju(ad5430e2) deadline=- last=agreed/payment_session_cancelled
[02:17:30] e36fc6df stage=negotiating flow=agreed radius=1km/10km qpos=1 pro=Oluwatosin Temitope Olanrewaju(ad5430e2) deadline=- last=agreed/payment_session_cancelled
[02:17:36] e36fc6df stage=negotiating flow=agreed radius=1km/10km qpos=1 pro=Oluwatosin Temitope Olanrewaju(ad5430e2) deadline=- last=agreed/payment_session_cancelled
[02:17:42] e36fc6df stage=negotiating flow=agreed radius=1km/10km qpos=1 pro=Oluwatosin Temitope Olanrewaju(ad5430e2) deadline=- last=agreed/payment_session_cancelled
[02:17:47] e36fc6df stage=negotiating flow=agreed radius=1km/10km qpos=1 pro=Oluwatosin Temitope Olanrewaju(ad5430e2) deadline=- last=agreed/payment_session_cancelled
[02:17:53] e36fc6df stage=negotiating flow=agreed radius=1km/10km qpos=1 pro=Oluwatosin Temitope Olanrewaju(ad5430e2) deadline=- last=agreed/payment_session_cancelled
[02:17:59] e36fc6df stage=negotiating flow=agreed radius=1km/10km qpos=1 pro=Oluwatosin Temitope Olanrewaju(ad5430e2) deadline=- last=agreed/payment_session_cancelled
[02:18:04] e36fc6df stage=negotiating flow=agreed radius=1km/10km qpos=1 pro=Oluwatosin Temitope Olanrewaju(ad5430e2) deadline=- last=agreed/payment_session_cancelled
[02:18:10] e36fc6df stage=negotiating flow=agreed radius=1km/10km qpos=1 pro=Oluwatosin Temitope Olanrewaju(ad5430e2) deadline=- last=agreed/payment_session_cancelled
[02:18:15] e36fc6df stage=negotiating flow=agreed radius=1km/10km qpos=1 pro=Oluwatosin Temitope Olanrewaju(ad5430e2) deadline=- last=agreed/payment_session_cancelled
[02:18:21] e36fc6df stage=negotiating flow=agreed radius=1km/10km qpos=1 pro=Oluwatosin Temitope Olanrewaju(ad5430e2) deadline=- last=agreed/payment_session_cancelled
[02:18:27] e36fc6df stage=negotiating flow=agreed radius=1km/10km qpos=1 pro=Oluwatosin Temitope Olanrewaju(ad5430e2) deadline=- last=agreed/payment_session_cancelled
[02:18:32] e36fc6df stage=negotiating flow=agreed radius=1km/10km qpos=1 pro=Oluwatosin Temitope Olanrewaju(ad5430e2) deadline=- last=agreed/payment_session_cancelled
[02:18:38] e36fc6df stage=negotiating flow=agreed radius=1km/10km qpos=1 pro=Oluwatosin Temitope Olanrewaju(ad5430e2) deadline=- last=agreed/payment_session_cancelled
[02:18:44] e36fc6df stage=negotiating flow=agreed radius=1km/10km qpos=1 pro=Oluwatosin Temitope Olanrewaju(ad5430e2) deadline=- last=agreed/payment_session_cancelled
[02:18:49] e36fc6df stage=negotiating flow=agreed radius=1km/10km qpos=1 pro=Oluwatosin Temitope Olanrewaju(ad5430e2) deadline=- last=agreed/payment_session_cancelled
[02:18:55] e36fc6df stage=negotiating flow=agreed radius=1km/10km qpos=1 pro=Oluwatosin Temitope Olanrewaju(ad5430e2) deadline=- last=agreed/payment_session_cancelled
[02:19:01] e36fc6df stage=negotiating flow=agreed radius=1km/10km qpos=1 pro=Oluwatosin Temitope Olanrewaju(ad5430e2) deadline=- last=agreed/payment_session_cancelled
[02:19:06] e36fc6df stage=negotiating flow=agreed radius=1km/10km qpos=1 pro=Oluwatosin Temitope Olanrewaju(ad5430e2) deadline=- last=agreed/payment_session_cancelled
[02:19:12] e36fc6df stage=negotiating flow=agreed radius=1km/10km qpos=1 pro=Oluwatosin Temitope Olanrewaju(ad5430e2) deadline=- last=agreed/payment_session_cancelled
[02:19:18] e36fc6df stage=negotiating flow=agreed radius=1km/10km qpos=1 pro=Oluwatosin Temitope Olanrewaju(ad5430e2) deadline=- last=agreed/payment_session_cancelled
[02:19:23] e36fc6df stage=negotiating flow=agreed radius=1km/10km qpos=1 pro=Oluwatosin Temitope Olanrewaju(ad5430e2) deadline=- last=agreed/payment_session_cancelled
[02:19:29] e36fc6df stage=negotiating flow=agreed radius=1km/10km qpos=1 pro=Oluwatosin Temitope Olanrewaju(ad5430e2) deadline=- last=agreed/payment_session_cancelled
[02:19:35] e36fc6df stage=negotiating flow=agreed radius=1km/10km qpos=1 pro=Oluwatosin Temitope Olanrewaju(ad5430e2) deadline=- last=agreed/payment_session_cancelled
[02:19:41] e36fc6df stage=negotiating flow=agreed radius=1km/10km qpos=1 pro=Oluwatosin Temitope Olanrewaju(ad5430e2) deadline=- last=agreed/payment_session_cancelled
[02:19:47] e36fc6df stage=negotiating flow=agreed radius=1km/10km qpos=1 pro=Oluwatosin Temitope Olanrewaju(ad5430e2) deadline=- last=agreed/payment_session_cancelled
[02:19:53] e36fc6df stage=negotiating flow=agreed radius=1km/10km qpos=1 pro=Oluwatosin Temitope Olanrewaju(ad5430e2) deadline=- last=agreed/payment_session_cancelled
[02:19:59] e36fc6df stage=negotiating flow=agreed radius=1km/10km qpos=1 pro=Oluwatosin Temitope Olanrewaju(ad5430e2) deadline=- last=agreed/payment_session_cancelled
[02:20:05] e36fc6df stage=negotiating flow=agreed radius=1km/10km qpos=1 pro=Oluwatosin Temitope Olanrewaju(ad5430e2) deadline=- last=agreed/payment_session_cancelled
[02:20:11] e36fc6df stage=negotiating flow=agreed radius=1km/10km qpos=1 pro=Oluwatosin Temitope Olanrewaju(ad5430e2) deadline=- last=agreed/payment_session_cancelled
[02:20:17] e36fc6df stage=negotiating flow=agreed radius=1km/10km qpos=1 pro=Oluwatosin Temitope Olanrewaju(ad5430e2) deadline=- last=agreed/payment_session_cancelled
[02:20:23] e36fc6df stage=negotiating flow=agreed radius=1km/10km qpos=1 pro=Oluwatosin Temitope Olanrewaju(ad5430e2) deadline=- last=agreed/payment_session_cancelled
[02:20:29] e36fc6df stage=negotiating flow=agreed radius=1km/10km qpos=1 pro=Oluwatosin Temitope Olanrewaju(ad5430e2) deadline=- last=agreed/payment_session_cancelled
[02:20:35] e36fc6df stage=negotiating flow=agreed radius=1km/10km qpos=1 pro=Oluwatosin Temitope Olanrewaju(ad5430e2) deadline=- last=agreed/payment_session_cancelled
[02:20:40] e36fc6df stage=negotiating flow=agreed radius=1km/10km qpos=1 pro=Oluwatosin Temitope Olanrewaju(ad5430e2) deadline=- last=agreed/payment_session_cancelled
[02:20:46] e36fc6df stage=negotiating flow=agreed radius=1km/10km qpos=1 pro=Oluwatosin Temitope Olanrewaju(ad5430e2) deadline=- last=agreed/payment_session_cancelled
[02:20:52] e36fc6df stage=negotiating flow=agreed radius=1km/10km qpos=1 pro=Oluwatosin Temitope Olanrewaju(ad5430e2) deadline=- last=agreed/payment_session_cancelled
[02:20:57] e36fc6df stage=negotiating flow=agreed radius=1km/10km qpos=1 pro=Oluwatosin Temitope Olanrewaju(ad5430e2) deadline=- last=agreed/payment_session_cancelled
[02:21:03] e36fc6df stage=negotiating flow=agreed radius=1km/10km qpos=1 pro=Oluwatosin Temitope Olanrewaju(ad5430e2) deadline=- last=agreed/payment_session_cancelled
[02:21:09] e36fc6df stage=negotiating flow=agreed radius=1km/10km qpos=1 pro=Oluwatosin Temitope Olanrewaju(ad5430e2) deadline=- last=agreed/payment_session_cancelled
[02:21:15] e36fc6df stage=negotiating flow=agreed radius=1km/10km qpos=1 pro=Oluwatosin Temitope Olanrewaju(ad5430e2) deadline=- last=agreed/payment_session_cancelled
[02:21:20] e36fc6df stage=negotiating flow=agreed radius=1km/10km qpos=1 pro=Oluwatosin Temitope Olanrewaju(ad5430e2) deadline=- last=agreed/payment_session_cancelled
[02:21:26] e36fc6df stage=negotiating flow=agreed radius=1km/10km qpos=1 pro=Oluwatosin Temitope Olanrewaju(ad5430e2) deadline=- last=agreed/payment_session_cancelled
[02:21:32] e36fc6df stage=negotiating flow=agreed radius=1km/10km qpos=1 pro=Oluwatosin Temitope Olanrewaju(ad5430e2) deadline=- last=agreed/payment_session_cancelled
[02:21:39] e36fc6df stage=negotiating flow=agreed radius=1km/10km qpos=1 pro=Oluwatosin Temitope Olanrewaju(ad5430e2) deadline=- last=agreed/payment_session_cancelled
[02:21:44] e36fc6df stage=negotiating flow=agreed radius=1km/10km qpos=1 pro=Oluwatosin Temitope Olanrewaju(ad5430e2) deadline=- last=agreed/payment_session_cancelled
[02:21:50] e36fc6df stage=negotiating flow=agreed radius=1km/10km qpos=1 pro=Oluwatosin Temitope Olanrewaju(ad5430e2) deadline=- last=agreed/payment_session_cancelled
[02:21:56] e36fc6df stage=negotiating flow=agreed radius=1km/10km qpos=1 pro=Oluwatosin Temitope Olanrewaju(ad5430e2) deadline=- last=agreed/payment_session_cancelled
[02:23:42] e36fc6df stage=negotiating flow=agreed radius=1km/10km qpos=1 pro=Oluwatosin Temitope Olanrewaju(ad5430e2) deadline=- last=agreed/payment_session_cancelled
[02:23:49] e36fc6df stage=negotiating flow=agreed radius=1km/10km qpos=1 pro=Oluwatosin Temitope Olanrewaju(ad5430e2) deadline=- last=agreed/payment_session_cancelled
[02:23:57] e36fc6df stage=negotiating flow=agreed radius=1km/10km qpos=1 pro=Oluwatosin Temitope Olanrewaju(ad5430e2) deadline=- last=agreed/payment_session_cancelled
[02:24:02] e36fc6df stage=negotiating flow=agreed radius=1km/10km qpos=1 pro=Oluwatosin Temitope Olanrewaju(ad5430e2) deadline=- last=agreed/payment_session_cancelled
[02:24:08] e36fc6df stage=negotiating flow=agreed radius=1km/10km qpos=1 pro=Oluwatosin Temitope Olanrewaju(ad5430e2) deadline=- last=agreed/payment_session_cancelled
[02:24:38] e36fc6df stage=negotiating flow=agreed radius=1km/10km qpos=1 pro=Oluwatosin Temitope Olanrewaju(ad5430e2) deadline=- last=agreed/payment_session_cancelled
[02:25:00] e36fc6df stage=negotiating flow=agreed radius=1km/10km qpos=1 pro=Oluwatosin Temitope Olanrewaju(ad5430e2) deadline=- last=agreed/payment_session_cancelled
[02:25:05] e36fc6df stage=negotiating flow=agreed radius=1km/10km qpos=1 pro=Oluwatosin Temitope Olanrewaju(ad5430e2) deadline=- last=agreed/payment_session_cancelled
[02:25:11] e36fc6df stage=negotiating flow=agreed radius=1km/10km qpos=1 pro=Oluwatosin Temitope Olanrewaju(ad5430e2) deadline=- last=agreed/payment_session_cancelled
[02:25:16] e36fc6df stage=negotiating flow=agreed radius=1km/10km qpos=1 pro=Oluwatosin Temitope Olanrewaju(ad5430e2) deadline=- last=agreed/payment_session_cancelled
[02:25:22] e36fc6df stage=negotiating flow=agreed radius=1km/10km qpos=1 pro=Oluwatosin Temitope Olanrewaju(ad5430e2) deadline=- last=agreed/payment_session_cancelled
[02:25:28] e36fc6df stage=negotiating flow=agreed radius=1km/10km qpos=1 pro=Oluwatosin Temitope Olanrewaju(ad5430e2) deadline=- last=agreed/payment_session_cancelled
[02:25:33] e36fc6df stage=negotiating flow=agreed radius=1km/10km qpos=1 pro=Oluwatosin Temitope Olanrewaju(ad5430e2) deadline=- last=agreed/payment_session_cancelled
[02:25:39] e36fc6df stage=negotiating flow=agreed radius=1km/10km qpos=1 pro=Oluwatosin Temitope Olanrewaju(ad5430e2) deadline=- last=agreed/payment_session_cancelled
[02:25:45] e36fc6df stage=negotiating flow=agreed radius=1km/10km qpos=1 pro=Oluwatosin Temitope Olanrewaju(ad5430e2) deadline=- last=agreed/payment_session_cancelled
[02:25:51] e36fc6df stage=negotiating flow=agreed radius=1km/10km qpos=1 pro=Oluwatosin Temitope Olanrewaju(ad5430e2) deadline=- last=agreed/payment_session_cancelled
[02:25:56] e36fc6df stage=negotiating flow=agreed radius=1km/10km qpos=1 pro=Oluwatosin Temitope Olanrewaju(ad5430e2) deadline=- last=agreed/payment_session_cancelled
[02:26:02] e36fc6df stage=negotiating flow=agreed radius=1km/10km qpos=1 pro=Oluwatosin Temitope Olanrewaju(ad5430e2) deadline=- last=agreed/payment_session_cancelled
[02:26:07] e36fc6df stage=negotiating flow=agreed radius=1km/10km qpos=1 pro=Oluwatosin Temitope Olanrewaju(ad5430e2) deadline=- last=agreed/payment_session_cancelled
[02:26:13] e36fc6df stage=negotiating flow=agreed radius=1km/10km qpos=1 pro=Oluwatosin Temitope Olanrewaju(ad5430e2) deadline=- last=agreed/payment_session_cancelled
[02:26:19] e36fc6df stage=negotiating flow=agreed radius=1km/10km qpos=1 pro=Oluwatosin Temitope Olanrewaju(ad5430e2) deadline=- last=agreed/payment_session_cancelled
[02:26:25] e36fc6df stage=negotiating flow=agreed radius=1km/10km qpos=1 pro=Oluwatosin Temitope Olanrewaju(ad5430e2) deadline=- last=agreed/payment_session_cancelled
[02:26:31] e36fc6df stage=negotiating flow=agreed radius=1km/10km qpos=1 pro=Oluwatosin Temitope Olanrewaju(ad5430e2) deadline=- last=agreed/payment_session_cancelled
[02:26:36] e36fc6df stage=negotiating flow=agreed radius=1km/10km qpos=1 pro=Oluwatosin Temitope Olanrewaju(ad5430e2) deadline=- last=agreed/payment_session_cancelled
[02:26:42] e36fc6df stage=negotiating flow=agreed radius=1km/10km qpos=1 pro=Oluwatosin Temitope Olanrewaju(ad5430e2) deadline=- last=agreed/payment_session_cancelled
[02:26:48] e36fc6df stage=negotiating flow=agreed radius=1km/10km qpos=1 pro=Oluwatosin Temitope Olanrewaju(ad5430e2) deadline=- last=agreed/payment_session_cancelled
[02:26:54] e36fc6df stage=negotiating flow=agreed radius=1km/10km qpos=1 pro=Oluwatosin Temitope Olanrewaju(ad5430e2) deadline=- last=agreed/payment_session_cancelled
[02:26:59] e36fc6df stage=negotiating flow=agreed radius=1km/10km qpos=1 pro=Oluwatosin Temitope Olanrewaju(ad5430e2) deadline=- last=agreed/payment_session_cancelled
[02:27:05] e36fc6df stage=negotiating flow=agreed radius=1km/10km qpos=1 pro=Oluwatosin Temitope Olanrewaju(ad5430e2) deadline=- last=agreed/payment_session_cancelled
[02:27:10] e36fc6df stage=negotiating flow=agreed radius=1km/10km qpos=1 pro=Oluwatosin Temitope Olanrewaju(ad5430e2) deadline=- last=agreed/payment_session_cancelled
[02:27:16] e36fc6df stage=negotiating flow=agreed radius=1km/10km qpos=1 pro=Oluwatosin Temitope Olanrewaju(ad5430e2) deadline=- last=agreed/payment_session_cancelled
[02:27:22] e36fc6df stage=negotiating flow=agreed radius=1km/10km qpos=1 pro=Oluwatosin Temitope Olanrewaju(ad5430e2) deadline=- last=agreed/payment_session_cancelled
[02:27:27] e36fc6df stage=negotiating flow=agreed radius=1km/10km qpos=1 pro=Oluwatosin Temitope Olanrewaju(ad5430e2) deadline=- last=agreed/payment_session_cancelled
[02:27:33] e36fc6df stage=negotiating flow=agreed radius=1km/10km qpos=1 pro=Oluwatosin Temitope Olanrewaju(ad5430e2) deadline=- last=agreed/payment_session_cancelled
[02:27:39] e36fc6df stage=negotiating flow=agreed radius=1km/10km qpos=1 pro=Oluwatosin Temitope Olanrewaju(ad5430e2) deadline=- last=agreed/payment_session_cancelled
[02:27:45] e36fc6df stage=negotiating flow=agreed radius=1km/10km qpos=1 pro=Oluwatosin Temitope Olanrewaju(ad5430e2) deadline=- last=agreed/payment_session_cancelled
[02:27:50] e36fc6df stage=negotiating flow=agreed radius=1km/10km qpos=1 pro=Oluwatosin Temitope Olanrewaju(ad5430e2) deadline=- last=agreed/payment_session_cancelled
[02:27:56] e36fc6df stage=negotiating flow=agreed radius=1km/10km qpos=1 pro=Oluwatosin Temitope Olanrewaju(ad5430e2) deadline=- last=agreed/payment_session_cancelled
[02:28:02] e36fc6df stage=negotiating flow=agreed radius=1km/10km qpos=1 pro=Oluwatosin Temitope Olanrewaju(ad5430e2) deadline=- last=agreed/payment_session_cancelled
[02:28:08] e36fc6df stage=negotiating flow=agreed radius=1km/10km qpos=1 pro=Oluwatosin Temitope Olanrewaju(ad5430e2) deadline=- last=agreed/payment_session_cancelled
[02:28:13] e36fc6df stage=negotiating flow=agreed radius=1km/10km qpos=1 pro=Oluwatosin Temitope Olanrewaju(ad5430e2) deadline=- last=agreed/payment_session_cancelled
[02:28:19] e36fc6df stage=negotiating flow=agreed radius=1km/10km qpos=1 pro=Oluwatosin Temitope Olanrewaju(ad5430e2) deadline=- last=agreed/payment_session_cancelled
[02:28:25] e36fc6df stage=negotiating flow=agreed radius=1km/10km qpos=1 pro=Oluwatosin Temitope Olanrewaju(ad5430e2) deadline=- last=agreed/payment_session_cancelled
[02:28:30] e36fc6df stage=negotiating flow=agreed radius=1km/10km qpos=1 pro=Oluwatosin Temitope Olanrewaju(ad5430e2) deadline=- last=agreed/payment_session_cancelled
[02:28:36] e36fc6df stage=negotiating flow=agreed radius=1km/10km qpos=1 pro=Oluwatosin Temitope Olanrewaju(ad5430e2) deadline=- last=agreed/payment_session_cancelled
[02:28:42] e36fc6df stage=negotiating flow=agreed radius=1km/10km qpos=1 pro=Oluwatosin Temitope Olanrewaju(ad5430e2) deadline=- last=agreed/payment_session_cancelled
[02:28:48] e36fc6df stage=negotiating flow=agreed radius=1km/10km qpos=1 pro=Oluwatosin Temitope Olanrewaju(ad5430e2) deadline=- last=agreed/payment_session_cancelled
[02:28:54] e36fc6df stage=negotiating flow=agreed radius=1km/10km qpos=1 pro=Oluwatosin Temitope Olanrewaju(ad5430e2) deadline=- last=agreed/payment_session_cancelled
[02:28:59] e36fc6df stage=negotiating flow=agreed radius=1km/10km qpos=1 pro=Oluwatosin Temitope Olanrewaju(ad5430e2) deadline=- last=agreed/payment_session_cancelled
[02:29:05] e36fc6df stage=negotiating flow=agreed radius=1km/10km qpos=1 pro=Oluwatosin Temitope Olanrewaju(ad5430e2) deadline=- last=agreed/payment_session_cancelled
[02:29:12] e36fc6df stage=negotiating flow=agreed radius=1km/10km qpos=1 pro=Oluwatosin Temitope Olanrewaju(ad5430e2) deadline=- last=agreed/payment_session_cancelled
[02:29:17] e36fc6df stage=negotiating flow=agreed radius=1km/10km qpos=1 pro=Oluwatosin Temitope Olanrewaju(ad5430e2) deadline=- last=agreed/payment_session_cancelled
[02:29:23] e36fc6df stage=negotiating flow=agreed radius=1km/10km qpos=1 pro=Oluwatosin Temitope Olanrewaju(ad5430e2) deadline=- last=agreed/payment_session_cancelled
[02:29:29] e36fc6df stage=negotiating flow=agreed radius=1km/10km qpos=1 pro=Oluwatosin Temitope Olanrewaju(ad5430e2) deadline=- last=agreed/payment_session_cancelled
[02:29:35] e36fc6df stage=negotiating flow=agreed radius=1km/10km qpos=1 pro=Oluwatosin Temitope Olanrewaju(ad5430e2) deadline=- last=agreed/payment_session_cancelled
[02:29:40] e36fc6df stage=negotiating flow=agreed radius=1km/10km qpos=1 pro=Oluwatosin Temitope Olanrewaju(ad5430e2) deadline=- last=agreed/payment_session_cancelled
[02:29:46] e36fc6df stage=negotiating flow=agreed radius=1km/10km qpos=1 pro=Oluwatosin Temitope Olanrewaju(ad5430e2) deadline=- last=agreed/payment_session_cancelled
[02:29:52] e36fc6df stage=negotiating flow=agreed radius=1km/10km qpos=1 pro=Oluwatosin Temitope Olanrewaju(ad5430e2) deadline=- last=agreed/payment_session_cancelled
[02:29:57] e36fc6df stage=negotiating flow=agreed radius=1km/10km qpos=1 pro=Oluwatosin Temitope Olanrewaju(ad5430e2) deadline=- last=agreed/payment_session_cancelled
[02:30:03] e36fc6df stage=negotiating flow=agreed radius=1km/10km qpos=1 pro=Oluwatosin Temitope Olanrewaju(ad5430e2) deadline=- last=agreed/payment_session_cancelled
[02:30:09] e36fc6df stage=negotiating flow=agreed radius=1km/10km qpos=1 pro=Oluwatosin Temitope Olanrewaju(ad5430e2) deadline=- last=agreed/payment_session_cancelled
[02:30:15] e36fc6df stage=negotiating flow=agreed radius=1km/10km qpos=1 pro=Oluwatosin Temitope Olanrewaju(ad5430e2) deadline=- last=agreed/payment_session_cancelled
[02:30:21] e36fc6df stage=negotiating flow=agreed radius=1km/10km qpos=1 pro=Oluwatosin Temitope Olanrewaju(ad5430e2) deadline=- last=agreed/payment_session_cancelled
[02:30:26] e36fc6df stage=negotiating flow=agreed radius=1km/10km qpos=1 pro=Oluwatosin Temitope Olanrewaju(ad5430e2) deadline=- last=agreed/payment_session_cancelled
[02:30:32] e36fc6df stage=negotiating flow=agreed radius=1km/10km qpos=1 pro=Oluwatosin Temitope Olanrewaju(ad5430e2) deadline=- last=agreed/payment_session_cancelled
[02:30:37] e36fc6df stage=negotiating flow=agreed radius=1km/10km qpos=1 pro=Oluwatosin Temitope Olanrewaju(ad5430e2) deadline=- last=agreed/payment_session_cancelled
[02:30:43] e36fc6df stage=negotiating flow=agreed radius=1km/10km qpos=1 pro=Oluwatosin Temitope Olanrewaju(ad5430e2) deadline=- last=agreed/payment_session_cancelled
[02:30:50] e36fc6df stage=null flow=cancelled radius=1km/10km qpos=1 pro=Oluwatosin Temitope Olanrewaju(ad5430e2) deadline=- last=cancelled/motorist
[02:30:56] e36fc6df stage=null flow=cancelled radius=1km/10km qpos=1 pro=Oluwatosin Temitope Olanrewaju(ad5430e2) deadline=- last=cancelled/motorist
[02:31:02] e36fc6df stage=null flow=cancelled radius=1km/10km qpos=1 pro=Oluwatosin Temitope Olanrewaju(ad5430e2) deadline=- last=cancelled/motorist
[02:31:08] e36fc6df stage=null flow=cancelled radius=1km/10km qpos=1 pro=Oluwatosin Temitope Olanrewaju(ad5430e2) deadline=- last=cancelled/motorist
[02:31:13] e36fc6df stage=null flow=cancelled radius=1km/10km qpos=1 pro=Oluwatosin Temitope Olanrewaju(ad5430e2) deadline=- last=cancelled/motorist
[02:31:20] e36fc6df stage=null flow=cancelled radius=1km/10km qpos=1 pro=Oluwatosin Temitope Olanrewaju(ad5430e2) deadline=- last=cancelled/motorist
[02:31:25] e36fc6df stage=null flow=cancelled radius=1km/10km qpos=1 pro=Oluwatosin Temitope Olanrewaju(ad5430e2) deadline=- last=cancelled/motorist
[02:31:31] e36fc6df stage=null flow=cancelled radius=1km/10km qpos=1 pro=Oluwatosin Temitope Olanrewaju(ad5430e2) deadline=- last=cancelled/motorist
[02:31:37] e36fc6df stage=null flow=cancelled radius=1km/10km qpos=1 pro=Oluwatosin Temitope Olanrewaju(ad5430e2) deadline=- last=cancelled/motorist
[02:31:43] e36fc6df stage=null flow=cancelled radius=1km/10km qpos=1 pro=Oluwatosin Temitope Olanrewaju(ad5430e2) deadline=- last=cancelled/motorist
[02:31:48] e36fc6df stage=null flow=cancelled radius=1km/10km qpos=1 pro=Oluwatosin Temitope Olanrewaju(ad5430e2) deadline=- last=cancelled/motorist
[02:31:54] e36fc6df stage=null flow=cancelled radius=1km/10km qpos=1 pro=Oluwatosin Temitope Olanrewaju(ad5430e2) deadline=- last=cancelled/motorist
[02:32:00] e36fc6df stage=null flow=cancelled radius=1km/10km qpos=1 pro=Oluwatosin Temitope Olanrewaju(ad5430e2) deadline=- last=cancelled/motorist
[02:32:06] e36fc6df stage=null flow=cancelled radius=1km/10km qpos=1 pro=Oluwatosin Temitope Olanrewaju(ad5430e2) deadline=- last=cancelled/motorist
[02:32:12] e36fc6df stage=null flow=cancelled radius=1km/10km qpos=1 pro=Oluwatosin Temitope Olanrewaju(ad5430e2) deadline=- last=cancelled/motorist
[02:32:19] e36fc6df stage=null flow=cancelled radius=1km/10km qpos=1 pro=Oluwatosin Temitope Olanrewaju(ad5430e2) deadline=- last=cancelled/motorist
[02:32:25] e36fc6df stage=null flow=cancelled radius=1km/10km qpos=1 pro=Oluwatosin Temitope Olanrewaju(ad5430e2) deadline=- last=cancelled/motorist
[02:32:31] e36fc6df stage=null flow=cancelled radius=1km/10km qpos=1 pro=Oluwatosin Temitope Olanrewaju(ad5430e2) deadline=- last=cancelled/motorist
[02:32:36] e36fc6df stage=null flow=cancelled radius=1km/10km qpos=1 pro=Oluwatosin Temitope Olanrewaju(ad5430e2) deadline=- last=cancelled/motorist
[02:32:42] e36fc6df stage=null flow=cancelled radius=1km/10km qpos=1 pro=Oluwatosin Temitope Olanrewaju(ad5430e2) deadline=- last=cancelled/motorist
[02:32:47] e36fc6df stage=null flow=cancelled radius=1km/10km qpos=1 pro=Oluwatosin Temitope Olanrewaju(ad5430e2) deadline=- last=cancelled/motorist
[02:32:54] e36fc6df stage=null flow=cancelled radius=1km/10km qpos=1 pro=Oluwatosin Temitope Olanrewaju(ad5430e2) deadline=- last=cancelled/motorist
[02:33:00] e36fc6df stage=null flow=cancelled radius=1km/10km qpos=1 pro=Oluwatosin Temitope Olanrewaju(ad5430e2) deadline=- last=cancelled/motorist
[02:33:05] e36fc6df stage=null flow=cancelled radius=1km/10km qpos=1 pro=Oluwatosin Temitope Olanrewaju(ad5430e2) deadline=- last=cancelled/motorist
[02:33:11] e36fc6df stage=null flow=cancelled radius=1km/10km qpos=1 pro=Oluwatosin Temitope Olanrewaju(ad5430e2) deadline=- last=cancelled/motorist
[02:33:16] e36fc6df stage=null flow=cancelled radius=1km/10km qpos=1 pro=Oluwatosin Temitope Olanrewaju(ad5430e2) deadline=- last=cancelled/motorist
[02:33:22] e36fc6df stage=null flow=cancelled radius=1km/10km qpos=1 pro=Oluwatosin Temitope Olanrewaju(ad5430e2) deadline=- last=cancelled/motorist
[02:33:28] e36fc6df stage=null flow=cancelled radius=1km/10km qpos=1 pro=Oluwatosin Temitope Olanrewaju(ad5430e2) deadline=- last=cancelled/motorist
[02:33:34] e36fc6df stage=null flow=cancelled radius=1km/10km qpos=1 pro=Oluwatosin Temitope Olanrewaju(ad5430e2) deadline=- last=cancelled/motorist
[02:33:39] e36fc6df stage=null flow=cancelled radius=1km/10km qpos=1 pro=Oluwatosin Temitope Olanrewaju(ad5430e2) deadline=- last=cancelled/motorist
[02:33:45] e36fc6df stage=null flow=cancelled radius=1km/10km qpos=1 pro=Oluwatosin Temitope Olanrewaju(ad5430e2) deadline=- last=cancelled/motorist
[02:33:51] e36fc6df stage=null flow=cancelled radius=1km/10km qpos=1 pro=Oluwatosin Temitope Olanrewaju(ad5430e2) deadline=- last=cancelled/motorist
[02:33:56] e36fc6df stage=null flow=cancelled radius=1km/10km qpos=1 pro=Oluwatosin Temitope Olanrewaju(ad5430e2) deadline=- last=cancelled/motorist
[02:34:02] e36fc6df stage=null flow=cancelled radius=1km/10km qpos=1 pro=Oluwatosin Temitope Olanrewaju(ad5430e2) deadline=- last=cancelled/motorist
[02:34:08] e36fc6df stage=null flow=cancelled radius=1km/10km qpos=1 pro=Oluwatosin Temitope Olanrewaju(ad5430e2) deadline=- last=cancelled/motorist
[02:34:13] e36fc6df stage=null flow=cancelled radius=1km/10km qpos=1 pro=Oluwatosin Temitope Olanrewaju(ad5430e2) deadline=- last=cancelled/motorist
[02:34:19] e36fc6df stage=null flow=cancelled radius=1km/10km qpos=1 pro=Oluwatosin Temitope Olanrewaju(ad5430e2) deadline=- last=cancelled/motorist
[02:34:24] e36fc6df stage=null flow=cancelled radius=1km/10km qpos=1 pro=Oluwatosin Temitope Olanrewaju(ad5430e2) deadline=- last=cancelled/motorist
[02:34:30] e36fc6df stage=null flow=cancelled radius=1km/10km qpos=1 pro=Oluwatosin Temitope Olanrewaju(ad5430e2) deadline=- last=cancelled/motorist
[02:34:36] e36fc6df stage=null flow=cancelled radius=1km/10km qpos=1 pro=Oluwatosin Temitope Olanrewaju(ad5430e2) deadline=- last=cancelled/motorist
[02:34:41] e36fc6df stage=null flow=cancelled radius=1km/10km qpos=1 pro=Oluwatosin Temitope Olanrewaju(ad5430e2) deadline=- last=cancelled/motorist
[02:34:47] e36fc6df stage=null flow=cancelled radius=1km/10km qpos=1 pro=Oluwatosin Temitope Olanrewaju(ad5430e2) deadline=- last=cancelled/motorist
[02:34:52] e36fc6df stage=null flow=cancelled radius=1km/10km qpos=1 pro=Oluwatosin Temitope Olanrewaju(ad5430e2) deadline=- last=cancelled/motorist
[02:34:58] e36fc6df stage=null flow=cancelled radius=1km/10km qpos=1 pro=Oluwatosin Temitope Olanrewaju(ad5430e2) deadline=- last=cancelled/motorist
[02:35:04] e36fc6df stage=null flow=cancelled radius=1km/10km qpos=1 pro=Oluwatosin Temitope Olanrewaju(ad5430e2) deadline=- last=cancelled/motorist
[02:35:09] e36fc6df stage=null flow=cancelled radius=1km/10km qpos=1 pro=Oluwatosin Temitope Olanrewaju(ad5430e2) deadline=- last=cancelled/motorist
[02:35:15] e36fc6df stage=null flow=cancelled radius=1km/10km qpos=1 pro=Oluwatosin Temitope Olanrewaju(ad5430e2) deadline=- last=cancelled/motorist
[02:35:20] e36fc6df stage=null flow=cancelled radius=1km/10km qpos=1 pro=Oluwatosin Temitope Olanrewaju(ad5430e2) deadline=- last=cancelled/motorist
[02:35:26] e36fc6df stage=null flow=cancelled radius=1km/10km qpos=1 pro=Oluwatosin Temitope Olanrewaju(ad5430e2) deadline=- last=cancelled/motorist
[02:35:32] e36fc6df stage=null flow=cancelled radius=1km/10km qpos=1 pro=Oluwatosin Temitope Olanrewaju(ad5430e2) deadline=- last=cancelled/motorist
[02:35:37] e36fc6df stage=null flow=cancelled radius=1km/10km qpos=1 pro=Oluwatosin Temitope Olanrewaju(ad5430e2) deadline=- last=cancelled/motorist
[02:35:43] e36fc6df stage=null flow=cancelled radius=1km/10km qpos=1 pro=Oluwatosin Temitope Olanrewaju(ad5430e2) deadline=- last=cancelled/motorist
[02:35:49] e36fc6df stage=null flow=cancelled radius=1km/10km qpos=1 pro=Oluwatosin Temitope Olanrewaju(ad5430e2) deadline=- last=cancelled/motorist
[02:35:54] e36fc6df stage=null flow=cancelled radius=1km/10km qpos=1 pro=Oluwatosin Temitope Olanrewaju(ad5430e2) deadline=- last=cancelled/motorist
[02:36:00] e36fc6df stage=null flow=cancelled radius=1km/10km qpos=1 pro=Oluwatosin Temitope Olanrewaju(ad5430e2) deadline=- last=cancelled/motorist
[02:36:05] e36fc6df stage=null flow=cancelled radius=1km/10km qpos=1 pro=Oluwatosin Temitope Olanrewaju(ad5430e2) deadline=- last=cancelled/motorist
[02:36:11] e36fc6df stage=null flow=cancelled radius=1km/10km qpos=1 pro=Oluwatosin Temitope Olanrewaju(ad5430e2) deadline=- last=cancelled/motorist
[02:36:17] e36fc6df stage=null flow=cancelled radius=1km/10km qpos=1 pro=Oluwatosin Temitope Olanrewaju(ad5430e2) deadline=- last=cancelled/motorist
[02:36:22] e36fc6df stage=null flow=cancelled radius=1km/10km qpos=1 pro=Oluwatosin Temitope Olanrewaju(ad5430e2) deadline=- last=cancelled/motorist
[02:36:28] e36fc6df stage=null flow=cancelled radius=1km/10km qpos=1 pro=Oluwatosin Temitope Olanrewaju(ad5430e2) deadline=- last=cancelled/motorist
[02:36:34] e36fc6df stage=null flow=cancelled radius=1km/10km qpos=1 pro=Oluwatosin Temitope Olanrewaju(ad5430e2) deadline=- last=cancelled/motorist
[02:36:39] e36fc6df stage=null flow=cancelled radius=1km/10km qpos=1 pro=Oluwatosin Temitope Olanrewaju(ad5430e2) deadline=- last=cancelled/motorist
[02:36:45] e36fc6df stage=null flow=cancelled radius=1km/10km qpos=1 pro=Oluwatosin Temitope Olanrewaju(ad5430e2) deadline=- last=cancelled/motorist
[02:36:50] e36fc6df stage=null flow=cancelled radius=1km/10km qpos=1 pro=Oluwatosin Temitope Olanrewaju(ad5430e2) deadline=- last=cancelled/motorist
[02:36:56] e36fc6df stage=null flow=cancelled radius=1km/10km qpos=1 pro=Oluwatosin Temitope Olanrewaju(ad5430e2) deadline=- last=cancelled/motorist
[02:37:02] e36fc6df stage=null flow=cancelled radius=1km/10km qpos=1 pro=Oluwatosin Temitope Olanrewaju(ad5430e2) deadline=- last=cancelled/motorist
[02:37:07] e36fc6df stage=null flow=cancelled radius=1km/10km qpos=1 pro=Oluwatosin Temitope Olanrewaju(ad5430e2) deadline=- last=cancelled/motorist
[02:37:13] e36fc6df stage=null flow=cancelled radius=1km/10km qpos=1 pro=Oluwatosin Temitope Olanrewaju(ad5430e2) deadline=- last=cancelled/motorist
[02:37:19] e36fc6df stage=null flow=cancelled radius=1km/10km qpos=1 pro=Oluwatosin Temitope Olanrewaju(ad5430e2) deadline=- last=cancelled/motorist
[02:37:24] e36fc6df stage=null flow=cancelled radius=1km/10km qpos=1 pro=Oluwatosin Temitope Olanrewaju(ad5430e2) deadline=- last=cancelled/motorist
[02:37:30] e36fc6df stage=null flow=cancelled radius=1km/10km qpos=1 pro=Oluwatosin Temitope Olanrewaju(ad5430e2) deadline=- last=cancelled/motorist
[02:37:36] e36fc6df stage=null flow=cancelled radius=1km/10km qpos=1 pro=Oluwatosin Temitope Olanrewaju(ad5430e2) deadline=- last=cancelled/motorist
[02:37:41] e36fc6df stage=null flow=cancelled radius=1km/10km qpos=1 pro=Oluwatosin Temitope Olanrewaju(ad5430e2) deadline=- last=cancelled/motorist
[02:37:47] e36fc6df stage=null flow=cancelled radius=1km/10km qpos=1 pro=Oluwatosin Temitope Olanrewaju(ad5430e2) deadline=- last=cancelled/motorist

>>> NEW JOB 6c7dd9b3-eecb-41fe-9800-2ca5733a7d2d  stage=null flow=expired radius_km=10 pairing_radius=10 qpos=3 pro=Oluwatosin Temitope Olanrewaju(ad5430e2)
[11:40:30] 6c7dd9b3 stage=null flow=expired radius=10km/10km qpos=3 pro=Oluwatosin Temitope Olanrewaju(ad5430e2) deadline=- last=expired/pairing_exhausted
[11:40:36] 6c7dd9b3 stage=null flow=expired radius=10km/10km qpos=3 pro=Oluwatosin Temitope Olanrewaju(ad5430e2) deadline=- last=expired/pairing_exhausted
[11:40:41] 6c7dd9b3 stage=null flow=expired radius=10km/10km qpos=3 pro=Oluwatosin Temitope Olanrewaju(ad5430e2) deadline=- last=expired/pairing_exhausted
[11:40:47] 6c7dd9b3 stage=null flow=expired radius=10km/10km qpos=3 pro=Oluwatosin Temitope Olanrewaju(ad5430e2) deadline=- last=expired/pairing_exhausted
[11:40:52] 6c7dd9b3 stage=null flow=expired radius=10km/10km qpos=3 pro=Oluwatosin Temitope Olanrewaju(ad5430e2) deadline=- last=expired/pairing_exhausted
[11:40:58] 6c7dd9b3 stage=null flow=expired radius=10km/10km qpos=3 pro=Oluwatosin Temitope Olanrewaju(ad5430e2) deadline=- last=expired/pairing_exhausted
[11:41:04] 6c7dd9b3 stage=null flow=expired radius=10km/10km qpos=3 pro=Oluwatosin Temitope Olanrewaju(ad5430e2) deadline=- last=expired/pairing_exhausted
[11:41:09] 6c7dd9b3 stage=null flow=expired radius=10km/10km qpos=3 pro=Oluwatosin Temitope Olanrewaju(ad5430e2) deadline=- last=expired/pairing_exhausted
[11:41:15] 6c7dd9b3 stage=null flow=expired radius=10km/10km qpos=3 pro=Oluwatosin Temitope Olanrewaju(ad5430e2) deadline=- last=expired/pairing_exhausted
[11:41:21] 6c7dd9b3 stage=null flow=expired radius=10km/10km qpos=3 pro=Oluwatosin Temitope Olanrewaju(ad5430e2) deadline=- last=expired/pairing_exhausted
[11:41:27] 6c7dd9b3 stage=null flow=expired radius=10km/10km qpos=3 pro=Oluwatosin Temitope Olanrewaju(ad5430e2) deadline=- last=expired/pairing_exhausted
[11:41:32] 6c7dd9b3 stage=null flow=expired radius=10km/10km qpos=3 pro=Oluwatosin Temitope Olanrewaju(ad5430e2) deadline=- last=expired/pairing_exhausted
[11:41:38] 6c7dd9b3 stage=null flow=expired radius=10km/10km qpos=3 pro=Oluwatosin Temitope Olanrewaju(ad5430e2) deadline=- last=expired/pairing_exhausted
[11:41:44] 6c7dd9b3 stage=null flow=expired radius=10km/10km qpos=3 pro=Oluwatosin Temitope Olanrewaju(ad5430e2) deadline=- last=expired/pairing_exhausted
[11:41:49] 6c7dd9b3 stage=null flow=expired radius=10km/10km qpos=3 pro=Oluwatosin Temitope Olanrewaju(ad5430e2) deadline=- last=expired/pairing_exhausted
[11:41:55] 6c7dd9b3 stage=null flow=expired radius=10km/10km qpos=3 pro=Oluwatosin Temitope Olanrewaju(ad5430e2) deadline=- last=expired/pairing_exhausted
[11:42:00] 6c7dd9b3 stage=null flow=expired radius=10km/10km qpos=3 pro=Oluwatosin Temitope Olanrewaju(ad5430e2) deadline=- last=expired/pairing_exhausted
[11:42:06] 6c7dd9b3 stage=null flow=expired radius=10km/10km qpos=3 pro=Oluwatosin Temitope Olanrewaju(ad5430e2) deadline=- last=expired/pairing_exhausted
[11:42:12] 6c7dd9b3 stage=null flow=expired radius=10km/10km qpos=3 pro=Oluwatosin Temitope Olanrewaju(ad5430e2) deadline=- last=expired/pairing_exhausted
[11:42:17] 6c7dd9b3 stage=null flow=expired radius=10km/10km qpos=3 pro=Oluwatosin Temitope Olanrewaju(ad5430e2) deadline=- last=expired/pairing_exhausted
[11:42:23] 6c7dd9b3 stage=null flow=expired radius=10km/10km qpos=3 pro=Oluwatosin Temitope Olanrewaju(ad5430e2) deadline=- last=expired/pairing_exhausted
[11:42:28] 6c7dd9b3 stage=null flow=expired radius=10km/10km qpos=3 pro=Oluwatosin Temitope Olanrewaju(ad5430e2) deadline=- last=expired/pairing_exhausted
[11:42:34] 6c7dd9b3 stage=null flow=expired radius=10km/10km qpos=3 pro=Oluwatosin Temitope Olanrewaju(ad5430e2) deadline=- last=expired/pairing_exhausted
[11:42:39] 6c7dd9b3 stage=null flow=expired radius=10km/10km qpos=3 pro=Oluwatosin Temitope Olanrewaju(ad5430e2) deadline=- last=expired/pairing_exhausted
[11:42:45] 6c7dd9b3 stage=null flow=expired radius=10km/10km qpos=3 pro=Oluwatosin Temitope Olanrewaju(ad5430e2) deadline=- last=expired/pairing_exhausted
[11:42:51] 6c7dd9b3 stage=null flow=expired radius=10km/10km qpos=3 pro=Oluwatosin Temitope Olanrewaju(ad5430e2) deadline=- last=expired/pairing_exhausted
[11:42:56] 6c7dd9b3 stage=null flow=expired radius=10km/10km qpos=3 pro=Oluwatosin Temitope Olanrewaju(ad5430e2) deadline=- last=expired/pairing_exhausted
[11:43:02] 6c7dd9b3 stage=null flow=expired radius=10km/10km qpos=3 pro=Oluwatosin Temitope Olanrewaju(ad5430e2) deadline=- last=expired/pairing_exhausted
[11:43:07] 6c7dd9b3 stage=null flow=expired radius=10km/10km qpos=3 pro=Oluwatosin Temitope Olanrewaju(ad5430e2) deadline=- last=expired/pairing_exhausted
[11:43:13] 6c7dd9b3 stage=null flow=expired radius=10km/10km qpos=3 pro=Oluwatosin Temitope Olanrewaju(ad5430e2) deadline=- last=expired/pairing_exhausted
[11:43:19] 6c7dd9b3 stage=null flow=expired radius=10km/10km qpos=3 pro=Oluwatosin Temitope Olanrewaju(ad5430e2) deadline=- last=expired/pairing_exhausted
[11:43:24] 6c7dd9b3 stage=null flow=expired radius=10km/10km qpos=3 pro=Oluwatosin Temitope Olanrewaju(ad5430e2) deadline=- last=expired/pairing_exhausted
[11:43:30] 6c7dd9b3 stage=null flow=expired radius=10km/10km qpos=3 pro=Oluwatosin Temitope Olanrewaju(ad5430e2) deadline=- last=expired/pairing_exhausted
[11:43:35] 6c7dd9b3 stage=null flow=expired radius=10km/10km qpos=3 pro=Oluwatosin Temitope Olanrewaju(ad5430e2) deadline=- last=expired/pairing_exhausted
[11:43:41] 6c7dd9b3 stage=null flow=expired radius=10km/10km qpos=3 pro=Oluwatosin Temitope Olanrewaju(ad5430e2) deadline=- last=expired/pairing_exhausted
[11:43:46] 6c7dd9b3 stage=null flow=expired radius=10km/10km qpos=3 pro=Oluwatosin Temitope Olanrewaju(ad5430e2) deadline=- last=expired/pairing_exhausted
[11:43:52] 6c7dd9b3 stage=null flow=expired radius=10km/10km qpos=3 pro=Oluwatosin Temitope Olanrewaju(ad5430e2) deadline=- last=expired/pairing_exhausted
[11:43:59] 6c7dd9b3 stage=null flow=expired radius=10km/10km qpos=3 pro=Oluwatosin Temitope Olanrewaju(ad5430e2) deadline=- last=expired/pairing_exhausted
[11:44:05] 6c7dd9b3 stage=null flow=expired radius=10km/10km qpos=3 pro=Oluwatosin Temitope Olanrewaju(ad5430e2) deadline=- last=expired/pairing_exhausted
[11:44:10] 6c7dd9b3 stage=null flow=expired radius=10km/10km qpos=3 pro=Oluwatosin Temitope Olanrewaju(ad5430e2) deadline=- last=expired/pairing_exhausted
[11:44:16] 6c7dd9b3 stage=null flow=expired radius=10km/10km qpos=3 pro=Oluwatosin Temitope Olanrewaju(ad5430e2) deadline=- last=expired/pairing_exhausted
[11:44:21] 6c7dd9b3 stage=null flow=expired radius=10km/10km qpos=3 pro=Oluwatosin Temitope Olanrewaju(ad5430e2) deadline=- last=expired/pairing_exhausted
[11:44:27] 6c7dd9b3 stage=null flow=expired radius=10km/10km qpos=3 pro=Oluwatosin Temitope Olanrewaju(ad5430e2) deadline=- last=expired/pairing_exhausted
[11:44:32] 6c7dd9b3 stage=null flow=expired radius=10km/10km qpos=3 pro=Oluwatosin Temitope Olanrewaju(ad5430e2) deadline=- last=expired/pairing_exhausted
[11:44:38] 6c7dd9b3 stage=null flow=expired radius=10km/10km qpos=3 pro=Oluwatosin Temitope Olanrewaju(ad5430e2) deadline=- last=expired/pairing_exhausted
[11:44:44] 6c7dd9b3 stage=null flow=expired radius=10km/10km qpos=3 pro=Oluwatosin Temitope Olanrewaju(ad5430e2) deadline=- last=expired/pairing_exhausted
[11:44:49] 6c7dd9b3 stage=null flow=expired radius=10km/10km qpos=3 pro=Oluwatosin Temitope Olanrewaju(ad5430e2) deadline=- last=expired/pairing_exhausted
[11:44:55] 6c7dd9b3 stage=null flow=expired radius=10km/10km qpos=3 pro=Oluwatosin Temitope Olanrewaju(ad5430e2) deadline=- last=expired/pairing_exhausted
[11:45:00] 6c7dd9b3 stage=null flow=expired radius=10km/10km qpos=3 pro=Oluwatosin Temitope Olanrewaju(ad5430e2) deadline=- last=expired/pairing_exhausted
[11:45:06] 6c7dd9b3 stage=null flow=expired radius=10km/10km qpos=3 pro=Oluwatosin Temitope Olanrewaju(ad5430e2) deadline=- last=expired/pairing_exhausted
[11:45:11] 6c7dd9b3 stage=null flow=expired radius=10km/10km qpos=3 pro=Oluwatosin Temitope Olanrewaju(ad5430e2) deadline=- last=expired/pairing_exhausted
[11:45:17] 6c7dd9b3 stage=null flow=expired radius=10km/10km qpos=3 pro=Oluwatosin Temitope Olanrewaju(ad5430e2) deadline=- last=expired/pairing_exhausted
[11:45:22] 6c7dd9b3 stage=null flow=expired radius=10km/10km qpos=3 pro=Oluwatosin Temitope Olanrewaju(ad5430e2) deadline=- last=expired/pairing_exhausted
[11:45:28] 6c7dd9b3 stage=null flow=expired radius=10km/10km qpos=3 pro=Oluwatosin Temitope Olanrewaju(ad5430e2) deadline=- last=expired/pairing_exhausted
[11:45:34] 6c7dd9b3 stage=null flow=expired radius=10km/10km qpos=3 pro=Oluwatosin Temitope Olanrewaju(ad5430e2) deadline=- last=expired/pairing_exhausted
[11:45:39] 6c7dd9b3 stage=null flow=expired radius=10km/10km qpos=3 pro=Oluwatosin Temitope Olanrewaju(ad5430e2) deadline=- last=expired/pairing_exhausted
[11:45:45] 6c7dd9b3 stage=null flow=expired radius=10km/10km qpos=3 pro=Oluwatosin Temitope Olanrewaju(ad5430e2) deadline=- last=expired/pairing_exhausted
[11:45:50] 6c7dd9b3 stage=null flow=expired radius=10km/10km qpos=3 pro=Oluwatosin Temitope Olanrewaju(ad5430e2) deadline=- last=expired/pairing_exhausted
[11:45:56] 6c7dd9b3 stage=null flow=expired radius=10km/10km qpos=3 pro=Oluwatosin Temitope Olanrewaju(ad5430e2) deadline=- last=expired/pairing_exhausted
[11:46:01] 6c7dd9b3 stage=null flow=expired radius=10km/10km qpos=3 pro=Oluwatosin Temitope Olanrewaju(ad5430e2) deadline=- last=expired/pairing_exhausted
[11:46:07] 6c7dd9b3 stage=null flow=expired radius=10km/10km qpos=3 pro=Oluwatosin Temitope Olanrewaju(ad5430e2) deadline=- last=expired/pairing_exhausted
[11:46:12] 6c7dd9b3 stage=null flow=expired radius=10km/10km qpos=3 pro=Oluwatosin Temitope Olanrewaju(ad5430e2) deadline=- last=expired/pairing_exhausted
